filename,img_path,lbl_path,denomination_class,condition,is_torn,augmentation_type,pair_id,orig_img_path
train_20k_torn_clean_0007_jpg.rf.yb9RvEER3DJP2xcqgrN5.jpg,/home/thaimq/CashVision/results/protocol_a_kfold/fold_2/train/images/train_20k_torn_clean_0007_jpg.rf.yb9RvEER3DJP2xcqgrN5.jpg,/home/thaimq/CashVision/results/protocol_a_kfold/fold_2/train/labels/train_20k_torn_clean_0007_jpg.rf.yb9RvEER3DJP2xcqgrN5.txt,20000,torn_clean,true,original,train_20k_torn_clean_0007_jpg.rf.yb9RvEER3DJP2xcqgrN5,/home/thaimq/CashVision/results/protocol_a_kfold/fold_2/train/images/train_20k_torn_clean_0007_jpg.rf.yb9RvEER3DJP2xcqgrN5.jpg
train_20k_torn_clean_0007_jpg.rf.yb9RvEER3DJP2xcqgrN5_photo.jpg,/home/thaimq/CashVision/results_c2/fold_1/val_augmented/images/train_20k_torn_clean_0007_jpg.rf.yb9RvEER3DJP2xcqgrN5_photo.jpg,/home/thaimq/CashVision/results_c2/fold_1/val_augmented/labels/train_20k_torn_clean_0007_jpg.rf.yb9RvEER3DJP2xcqgrN5_photo.txt,20000,torn_clean,true,photometric,train_20k_torn_clean_0007_jpg.rf.yb9RvEER3DJP2xcqgrN5,/home/thaimq/CashVision/results/protocol_a_kfold/fold_2/train/images/train_20k_torn_clean_0007_jpg.rf.yb9RvEER3DJP2xcqgrN5.jpg
train_20k_torn_clean_0007_jpg.rf.yb9RvEER3DJP2xcqgrN5_light.jpg,/home/thaimq/CashVision/results_c2/fold_1/val_augmented/images/train_20k_torn_clean_0007_jpg.rf.yb9RvEER3DJP2xcqgrN5_light.jpg,/home/thaimq/CashVision/results_c2/fold_1/val_augmented/labels/train_20k_torn_clean_0007_jpg.rf.yb9RvEER3DJP2xcqgrN5_light.txt,20000,light_aug,true,light_pair,train_20k_torn_clean_0007_jpg.rf.yb9RvEER3DJP2xcqgrN5,/home/thaimq/CashVision/results/protocol_a_kfold/fold_2/train/images/train_20k_torn_clean_0007_jpg.rf.yb9RvEER3DJP2xcqgrN5.jpg
train_20k_torn_clean_0007_jpg.rf.yb9RvEER3DJP2xcqgrN5_dark.jpg,/home/thaimq/CashVision/results_c2/fold_1/val_augmented/images/train_20k_torn_clean_0007_jpg.rf.yb9RvEER3DJP2xcqgrN5_dark.jpg,/home/thaimq/CashVision/results_c2/fold_1/val_augmented/labels/train_20k_torn_clean_0007_jpg.rf.yb9RvEER3DJP2xcqgrN5_dark.txt,20000,dark_aug,true,dark_pair,train_20k_torn_clean_0007_jpg.rf.yb9RvEER3DJP2xcqgrN5,/home/thaimq/CashVision/results/protocol_a_kfold/fold_2/train/images/train_20k_torn_clean_0007_jpg.rf.yb9RvEER3DJP2xcqgrN5.jpg
train_20k_torn_clean_0007_jpg.rf.yb9RvEER3DJP2xcqgrN5_local.jpg,/home/thaimq/CashVision/results_c2/fold_1/val_augmented/images/train_20k_torn_clean_0007_jpg.rf.yb9RvEER3DJP2xcqgrN5_local.jpg,/home/thaimq/CashVision/results_c2/fold_1/val_augmented/labels/train_20k_torn_clean_0007_jpg.rf.yb9RvEER3DJP2xcqgrN5_local.txt,20000,local_aug,true,local_only,train_20k_torn_clean_0007_jpg.rf.yb9RvEER3DJP2xcqgrN5,/home/thaimq/CashVision/results/protocol_a_kfold/fold_2/train/images/train_20k_torn_clean_0007_jpg.rf.yb9RvEER3DJP2xcqgrN5.jpg
train_500k_indoor_0026_jpg.rf.QNCpLOogf4dhoZNNPQkx.jpg,/home/thaimq/CashVision/results/protocol_a_kfold/fold_2/val_indoor/images/train_500k_indoor_0026_jpg.rf.QNCpLOogf4dhoZNNPQkx.jpg,/home/thaimq/CashVision/results/protocol_a_kfold/fold_2/val_indoor/labels/train_500k_indoor_0026_jpg.rf.QNCpLOogf4dhoZNNPQkx.txt,500000,indoor,false,original,train_500k_indoor_0026_jpg.rf.QNCpLOogf4dhoZNNPQkx,/home/thaimq/CashVision/results/protocol_a_kfold/fold_2/val_indoor/images/train_500k_indoor_0026_jpg.rf.QNCpLOogf4dhoZNNPQkx.jpg
train_500k_indoor_0026_jpg.rf.QNCpLOogf4dhoZNNPQkx_photo.jpg,/home/thaimq/CashVision/results_c2/fold_1/val_augmented/images/train_500k_indoor_0026_jpg.rf.QNCpLOogf4dhoZNNPQkx_photo.jpg,/home/thaimq/CashVision/results_c2/fold_1/val_augmented/labels/train_500k_indoor_0026_jpg.rf.QNCpLOogf4dhoZNNPQkx_photo.txt,500000,indoor,false,photometric,train_500k_indoor_0026_jpg.rf.QNCpLOogf4dhoZNNPQkx,/home/thaimq/CashVision/results/protocol_a_kfold/fold_2/val_indoor/images/train_500k_indoor_0026_jpg.rf.QNCpLOogf4dhoZNNPQkx.jpg
train_500k_indoor_0026_jpg.rf.QNCpLOogf4dhoZNNPQkx_light.jpg,/home/thaimq/CashVision/results_c2/fold_1/val_augmented/images/train_500k_indoor_0026_jpg.rf.QNCpLOogf4dhoZNNPQkx_light.jpg,/home/thaimq/CashVision/results_c2/fold_1/val_augmented/labels/train_500k_indoor_0026_jpg.rf.QNCpLOogf4dhoZNNPQkx_light.txt,500000,light_aug,false,light_pair,train_500k_indoor_0026_jpg.rf.QNCpLOogf4dhoZNNPQkx,/home/thaimq/CashVision/results/protocol_a_kfold/fold_2/val_indoor/images/train_500k_indoor_0026_jpg.rf.QNCpLOogf4dhoZNNPQkx.jpg
train_500k_indoor_0026_jpg.rf.QNCpLOogf4dhoZNNPQkx_dark.jpg,/home/thaimq/CashVision/results_c2/fold_1/val_augmented/images/train_500k_indoor_0026_jpg.rf.QNCpLOogf4dhoZNNPQkx_dark.jpg,/home/thaimq/CashVision/results_c2/fold_1/val_augmented/labels/train_500k_indoor_0026_jpg.rf.QNCpLOogf4dhoZNNPQkx_dark.txt,500000,dark_aug,false,dark_pair,train_500k_indoor_0026_jpg.rf.QNCpLOogf4dhoZNNPQkx,/home/thaimq/CashVision/results/protocol_a_kfold/fold_2/val_indoor/images/train_500k_indoor_0026_jpg.rf.QNCpLOogf4dhoZNNPQkx.jpg
train_500k_indoor_0026_jpg.rf.QNCpLOogf4dhoZNNPQkx_local.jpg,/home/thaimq/CashVision/results_c2/fold_1/val_augmented/images/train_500k_indoor_0026_jpg.rf.QNCpLOogf4dhoZNNPQkx_local.jpg,/home/thaimq/CashVision/results_c2/fold_1/val_augmented/labels/train_500k_indoor_0026_jpg.rf.QNCpLOogf4dhoZNNPQkx_local.txt,500000,local_aug,false,local_only,train_500k_indoor_0026_jpg.rf.QNCpLOogf4dhoZNNPQkx,/home/thaimq/CashVision/results/protocol_a_kfold/fold_2/val_indoor/images/train_500k_indoor_0026_jpg.rf.QNCpLOogf4dhoZNNPQkx.jpg
train_500k_indoor_0027_jpg.rf.fkEFkHpEqeGz9Mripq5Y.jpg,/home/thaimq/CashVision/results/protocol_a_kfold/fold_2/train/images/train_500k_indoor_0027_jpg.rf.fkEFkHpEqeGz9Mripq5Y.jpg,/home/thaimq/CashVision/results/protocol_a_kfold/fold_2/train/labels/train_500k_indoor_0027_jpg.rf.fkEFkHpEqeGz9Mripq5Y.txt,500000,indoor,false,original,train_500k_indoor_0027_jpg.rf.fkEFkHpEqeGz9Mripq5Y,/home/thaimq/CashVision/results/protocol_a_kfold/fold_2/train/images/train_500k_indoor_0027_jpg.rf.fkEFkHpEqeGz9Mripq5Y.jpg
train_500k_indoor_0027_jpg.rf.fkEFkHpEqeGz9Mripq5Y_photo.jpg,/home/thaimq/CashVision/results_c2/fold_1/val_augmented/images/train_500k_indoor_0027_jpg.rf.fkEFkHpEqeGz9Mripq5Y_photo.jpg,/home/thaimq/CashVision/results_c2/fold_1/val_augmented/labels/train_500k_indoor_0027_jpg.rf.fkEFkHpEqeGz9Mripq5Y_photo.txt,500000,indoor,false,photometric,train_500k_indoor_0027_jpg.rf.fkEFkHpEqeGz9Mripq5Y,/home/thaimq/CashVision/results/protocol_a_kfold/fold_2/train/images/train_500k_indoor_0027_jpg.rf.fkEFkHpEqeGz9Mripq5Y.jpg
train_500k_indoor_0027_jpg.rf.fkEFkHpEqeGz9Mripq5Y_light.jpg,/home/thaimq/CashVision/results_c2/fold_1/val_augmented/images/train_500k_indoor_0027_jpg.rf.fkEFkHpEqeGz9Mripq5Y_light.jpg,/home/thaimq/CashVision/results_c2/fold_1/val_augmented/labels/train_500k_indoor_0027_jpg.rf.fkEFkHpEqeGz9Mripq5Y_light.txt,500000,light_aug,false,light_pair,train_500k_indoor_0027_jpg.rf.fkEFkHpEqeGz9Mripq5Y,/home/thaimq/CashVision/results/protocol_a_kfold/fold_2/train/images/train_500k_indoor_0027_jpg.rf.fkEFkHpEqeGz9Mripq5Y.jpg
train_500k_indoor_0027_jpg.rf.fkEFkHpEqeGz9Mripq5Y_dark.jpg,/home/thaimq/CashVision/results_c2/fold_1/val_augmented/images/train_500k_indoor_0027_jpg.rf.fkEFkHpEqeGz9Mripq5Y_dark.jpg,/home/thaimq/CashVision/results_c2/fold_1/val_augmented/labels/train_500k_indoor_0027_jpg.rf.fkEFkHpEqeGz9Mripq5Y_dark.txt,500000,dark_aug,false,dark_pair,train_500k_indoor_0027_jpg.rf.fkEFkHpEqeGz9Mripq5Y,/home/thaimq/CashVision/results/protocol_a_kfold/fold_2/train/images/train_500k_indoor_0027_jpg.rf.fkEFkHpEqeGz9Mripq5Y.jpg
train_500k_indoor_0027_jpg.rf.fkEFkHpEqeGz9Mripq5Y_local.jpg,/home/thaimq/CashVision/results_c2/fold_1/val_augmented/images/train_500k_indoor_0027_jpg.rf.fkEFkHpEqeGz9Mripq5Y_local.jpg,/home/thaimq/CashVision/results_c2/fold_1/val_augmented/labels/train_500k_indoor_0027_jpg.rf.fkEFkHpEqeGz9Mripq5Y_local.txt,500000,local_aug,false,local_only,train_500k_indoor_0027_jpg.rf.fkEFkHpEqeGz9Mripq5Y,/home/thaimq/CashVision/results/protocol_a_kfold/fold_2/train/images/train_500k_indoor_0027_jpg.rf.fkEFkHpEqeGz9Mripq5Y.jpg
train_200k_indoor_0035_jpg.rf.VGEpK3KBHgwv6DScMOVZ.jpg,/home/thaimq/CashVision/results/protocol_a_kfold/fold_2/train/images/train_200k_indoor_0035_jpg.rf.VGEpK3KBHgwv6DScMOVZ.jpg,/home/thaimq/CashVision/results/protocol_a_kfold/fold_2/train/labels/train_200k_indoor_0035_jpg.rf.VGEpK3KBHgwv6DScMOVZ.txt,200000,indoor,false,original,train_200k_indoor_0035_jpg.rf.VGEpK3KBHgwv6DScMOVZ,/home/thaimq/CashVision/results/protocol_a_kfold/fold_2/train/images/train_200k_indoor_0035_jpg.rf.VGEpK3KBHgwv6DScMOVZ.jpg
train_200k_indoor_0035_jpg.rf.VGEpK3KBHgwv6DScMOVZ_photo.jpg,/home/thaimq/CashVision/results_c2/fold_1/val_augmented/images/train_200k_indoor_0035_jpg.rf.VGEpK3KBHgwv6DScMOVZ_photo.jpg,/home/thaimq/CashVision/results_c2/fold_1/val_augmented/labels/train_200k_indoor_0035_jpg.rf.VGEpK3KBHgwv6DScMOVZ_photo.txt,200000,indoor,false,photometric,train_200k_indoor_0035_jpg.rf.VGEpK3KBHgwv6DScMOVZ,/home/thaimq/CashVision/results/protocol_a_kfold/fold_2/train/images/train_200k_indoor_0035_jpg.rf.VGEpK3KBHgwv6DScMOVZ.jpg
train_200k_indoor_0035_jpg.rf.VGEpK3KBHgwv6DScMOVZ_light.jpg,/home/thaimq/CashVision/results_c2/fold_1/val_augmented/images/train_200k_indoor_0035_jpg.rf.VGEpK3KBHgwv6DScMOVZ_light.jpg,/home/thaimq/CashVision/results_c2/fold_1/val_augmented/labels/train_200k_indoor_0035_jpg.rf.VGEpK3KBHgwv6DScMOVZ_light.txt,200000,light_aug,false,light_pair,train_200k_indoor_0035_jpg.rf.VGEpK3KBHgwv6DScMOVZ,/home/thaimq/CashVision/results/protocol_a_kfold/fold_2/train/images/train_200k_indoor_0035_jpg.rf.VGEpK3KBHgwv6DScMOVZ.jpg
train_200k_indoor_0035_jpg.rf.VGEpK3KBHgwv6DScMOVZ_dark.jpg,/home/thaimq/CashVision/results_c2/fold_1/val_augmented/images/train_200k_indoor_0035_jpg.rf.VGEpK3KBHgwv6DScMOVZ_dark.jpg,/home/thaimq/CashVision/results_c2/fold_1/val_augmented/labels/train_200k_indoor_0035_jpg.rf.VGEpK3KBHgwv6DScMOVZ_dark.txt,200000,dark_aug,false,dark_pair,train_200k_indoor_0035_jpg.rf.VGEpK3KBHgwv6DScMOVZ,/home/thaimq/CashVision/results/protocol_a_kfold/fold_2/train/images/train_200k_indoor_0035_jpg.rf.VGEpK3KBHgwv6DScMOVZ.jpg
train_200k_indoor_0035_jpg.rf.VGEpK3KBHgwv6DScMOVZ_local.jpg,/home/thaimq/CashVision/results_c2/fold_1/val_augmented/images/train_200k_indoor_0035_jpg.rf.VGEpK3KBHgwv6DScMOVZ_local.jpg,/home/thaimq/CashVision/results_c2/fold_1/val_augmented/labels/train_200k_indoor_0035_jpg.rf.VGEpK3KBHgwv6DScMOVZ_local.txt,200000,local_aug,false,local_only,train_200k_indoor_0035_jpg.rf.VGEpK3KBHgwv6DScMOVZ,/home/thaimq/CashVision/results/protocol_a_kfold/fold_2/train/images/train_200k_indoor_0035_jpg.rf.VGEpK3KBHgwv6DScMOVZ.jpg
train_200k_torn_clean_0025_jpg.rf.YO2JlgSqwHGOCAioWLdq.jpg,/home/thaimq/CashVision/results/protocol_a_kfold/fold_2/train/images/train_200k_torn_clean_0025_jpg.rf.YO2JlgSqwHGOCAioWLdq.jpg,/home/thaimq/CashVision/results/protocol_a_kfold/fold_2/train/labels/train_200k_torn_clean_0025_jpg.rf.YO2JlgSqwHGOCAioWLdq.txt,200000,torn_clean,true,original,train_200k_torn_clean_0025_jpg.rf.YO2JlgSqwHGOCAioWLdq,/home/thaimq/CashVision/results/protocol_a_kfold/fold_2/train/images/train_200k_torn_clean_0025_jpg.rf.YO2JlgSqwHGOCAioWLdq.jpg
train_200k_torn_clean_0025_jpg.rf.YO2JlgSqwHGOCAioWLdq_photo.jpg,/home/thaimq/CashVision/results_c2/fold_1/val_augmented/images/train_200k_torn_clean_0025_jpg.rf.YO2JlgSqwHGOCAioWLdq_photo.jpg,/home/thaimq/CashVision/results_c2/fold_1/val_augmented/labels/train_200k_torn_clean_0025_jpg.rf.YO2JlgSqwHGOCAioWLdq_photo.txt,200000,torn_clean,true,photometric,train_200k_torn_clean_0025_jpg.rf.YO2JlgSqwHGOCAioWLdq,/home/thaimq/CashVision/results/protocol_a_kfold/fold_2/train/images/train_200k_torn_clean_0025_jpg.rf.YO2JlgSqwHGOCAioWLdq.jpg
train_200k_torn_clean_0025_jpg.rf.YO2JlgSqwHGOCAioWLdq_light.jpg,/home/thaimq/CashVision/results_c2/fold_1/val_augmented/images/train_200k_torn_clean_0025_jpg.rf.YO2JlgSqwHGOCAioWLdq_light.jpg,/home/thaimq/CashVision/results_c2/fold_1/val_augmented/labels/train_200k_torn_clean_0025_jpg.rf.YO2JlgSqwHGOCAioWLdq_light.txt,200000,light_aug,true,light_pair,train_200k_torn_clean_0025_jpg.rf.YO2JlgSqwHGOCAioWLdq,/home/thaimq/CashVision/results/protocol_a_kfold/fold_2/train/images/train_200k_torn_clean_0025_jpg.rf.YO2JlgSqwHGOCAioWLdq.jpg
train_200k_torn_clean_0025_jpg.rf.YO2JlgSqwHGOCAioWLdq_dark.jpg,/home/thaimq/CashVision/results_c2/fold_1/val_augmented/images/train_200k_torn_clean_0025_jpg.rf.YO2JlgSqwHGOCAioWLdq_dark.jpg,/home/thaimq/CashVision/results_c2/fold_1/val_augmented/labels/train_200k_torn_clean_0025_jpg.rf.YO2JlgSqwHGOCAioWLdq_dark.txt,200000,dark_aug,true,dark_pair,train_200k_torn_clean_0025_jpg.rf.YO2JlgSqwHGOCAioWLdq,/home/thaimq/CashVision/results/protocol_a_kfold/fold_2/train/images/train_200k_torn_clean_0025_jpg.rf.YO2JlgSqwHGOCAioWLdq.jpg
train_200k_torn_clean_0025_jpg.rf.YO2JlgSqwHGOCAioWLdq_local.jpg,/home/thaimq/CashVision/results_c2/fold_1/val_augmented/images/train_200k_torn_clean_0025_jpg.rf.YO2JlgSqwHGOCAioWLdq_local.jpg,/home/thaimq/CashVision/results_c2/fold_1/val_augmented/labels/train_200k_torn_clean_0025_jpg.rf.YO2JlgSqwHGOCAioWLdq_local.txt,200000,local_aug,true,local_only,train_200k_torn_clean_0025_jpg.rf.YO2JlgSqwHGOCAioWLdq,/home/thaimq/CashVision/results/protocol_a_kfold/fold_2/train/images/train_200k_torn_clean_0025_jpg.rf.YO2JlgSqwHGOCAioWLdq.jpg
train_50k_indoor_0003_jpg.rf.RTKSEqNoX4qcbVkdLDai.jpg,/home/thaimq/CashVision/results/protocol_a_kfold/fold_2/train/images/train_50k_indoor_0003_jpg.rf.RTKSEqNoX4qcbVkdLDai.jpg,/home/thaimq/CashVision/results/protocol_a_kfold/fold_2/train/labels/train_50k_indoor_0003_jpg.rf.RTKSEqNoX4qcbVkdLDai.txt,50000,indoor,false,original,train_50k_indoor_0003_jpg.rf.RTKSEqNoX4qcbVkdLDai,/home/thaimq/CashVision/results/protocol_a_kfold/fold_2/train/images/train_50k_indoor_0003_jpg.rf.RTKSEqNoX4qcbVkdLDai.jpg
train_50k_indoor_0003_jpg.rf.RTKSEqNoX4qcbVkdLDai_photo.jpg,/home/thaimq/CashVision/results_c2/fold_1/val_augmented/images/train_50k_indoor_0003_jpg.rf.RTKSEqNoX4qcbVkdLDai_photo.jpg,/home/thaimq/CashVision/results_c2/fold_1/val_augmented/labels/train_50k_indoor_0003_jpg.rf.RTKSEqNoX4qcbVkdLDai_photo.txt,50000,indoor,false,photometric,train_50k_indoor_0003_jpg.rf.RTKSEqNoX4qcbVkdLDai,/home/thaimq/CashVision/results/protocol_a_kfold/fold_2/train/images/train_50k_indoor_0003_jpg.rf.RTKSEqNoX4qcbVkdLDai.jpg
train_50k_indoor_0003_jpg.rf.RTKSEqNoX4qcbVkdLDai_light.jpg,/home/thaimq/CashVision/results_c2/fold_1/val_augmented/images/train_50k_indoor_0003_jpg.rf.RTKSEqNoX4qcbVkdLDai_light.jpg,/home/thaimq/CashVision/results_c2/fold_1/val_augmented/labels/train_50k_indoor_0003_jpg.rf.RTKSEqNoX4qcbVkdLDai_light.txt,50000,light_aug,false,light_pair,train_50k_indoor_0003_jpg.rf.RTKSEqNoX4qcbVkdLDai,/home/thaimq/CashVision/results/protocol_a_kfold/fold_2/train/images/train_50k_indoor_0003_jpg.rf.RTKSEqNoX4qcbVkdLDai.jpg
train_50k_indoor_0003_jpg.rf.RTKSEqNoX4qcbVkdLDai_dark.jpg,/home/thaimq/CashVision/results_c2/fold_1/val_augmented/images/train_50k_indoor_0003_jpg.rf.RTKSEqNoX4qcbVkdLDai_dark.jpg,/home/thaimq/CashVision/results_c2/fold_1/val_augmented/labels/train_50k_indoor_0003_jpg.rf.RTKSEqNoX4qcbVkdLDai_dark.txt,50000,dark_aug,false,dark_pair,train_50k_indoor_0003_jpg.rf.RTKSEqNoX4qcbVkdLDai,/home/thaimq/CashVision/results/protocol_a_kfold/fold_2/train/images/train_50k_indoor_0003_jpg.rf.RTKSEqNoX4qcbVkdLDai.jpg
train_50k_indoor_0003_jpg.rf.RTKSEqNoX4qcbVkdLDai_local.jpg,/home/thaimq/CashVision/results_c2/fold_1/val_augmented/images/train_50k_indoor_0003_jpg.rf.RTKSEqNoX4qcbVkdLDai_local.jpg,/home/thaimq/CashVision/results_c2/fold_1/val_augmented/labels/train_50k_indoor_0003_jpg.rf.RTKSEqNoX4qcbVkdLDai_local.txt,50000,local_aug,false,local_only,train_50k_indoor_0003_jpg.rf.RTKSEqNoX4qcbVkdLDai,/home/thaimq/CashVision/results/protocol_a_kfold/fold_2/train/images/train_50k_indoor_0003_jpg.rf.RTKSEqNoX4qcbVkdLDai.jpg
train_200k_indoor_0023_jpg.rf.rS1wnUSUx6uKvpxr8Krc.jpg,/home/thaimq/CashVision/results/protocol_a_kfold/fold_2/train/images/train_200k_indoor_0023_jpg.rf.rS1wnUSUx6uKvpxr8Krc.jpg,/home/thaimq/CashVision/results/protocol_a_kfold/fold_2/train/labels/train_200k_indoor_0023_jpg.rf.rS1wnUSUx6uKvpxr8Krc.txt,200000,indoor,false,original,train_200k_indoor_0023_jpg.rf.rS1wnUSUx6uKvpxr8Krc,/home/thaimq/CashVision/results/protocol_a_kfold/fold_2/train/images/train_200k_indoor_0023_jpg.rf.rS1wnUSUx6uKvpxr8Krc.jpg
train_200k_indoor_0023_jpg.rf.rS1wnUSUx6uKvpxr8Krc_photo.jpg,/home/thaimq/CashVision/results_c2/fold_1/val_augmented/images/train_200k_indoor_0023_jpg.rf.rS1wnUSUx6uKvpxr8Krc_photo.jpg,/home/thaimq/CashVision/results_c2/fold_1/val_augmented/labels/train_200k_indoor_0023_jpg.rf.rS1wnUSUx6uKvpxr8Krc_photo.txt,200000,indoor,false,photometric,train_200k_indoor_0023_jpg.rf.rS1wnUSUx6uKvpxr8Krc,/home/thaimq/CashVision/results/protocol_a_kfold/fold_2/train/images/train_200k_indoor_0023_jpg.rf.rS1wnUSUx6uKvpxr8Krc.jpg
train_200k_indoor_0023_jpg.rf.rS1wnUSUx6uKvpxr8Krc_light.jpg,/home/thaimq/CashVision/results_c2/fold_1/val_augmented/images/train_200k_indoor_0023_jpg.rf.rS1wnUSUx6uKvpxr8Krc_light.jpg,/home/thaimq/CashVision/results_c2/fold_1/val_augmented/labels/train_200k_indoor_0023_jpg.rf.rS1wnUSUx6uKvpxr8Krc_light.txt,200000,light_aug,false,light_pair,train_200k_indoor_0023_jpg.rf.rS1wnUSUx6uKvpxr8Krc,/home/thaimq/CashVision/results/protocol_a_kfold/fold_2/train/images/train_200k_indoor_0023_jpg.rf.rS1wnUSUx6uKvpxr8Krc.jpg
train_200k_indoor_0023_jpg.rf.rS1wnUSUx6uKvpxr8Krc_dark.jpg,/home/thaimq/CashVision/results_c2/fold_1/val_augmented/images/train_200k_indoor_0023_jpg.rf.rS1wnUSUx6uKvpxr8Krc_dark.jpg,/home/thaimq/CashVision/results_c2/fold_1/val_augmented/labels/train_200k_indoor_0023_jpg.rf.rS1wnUSUx6uKvpxr8Krc_dark.txt,200000,dark_aug,false,dark_pair,train_200k_indoor_0023_jpg.rf.rS1wnUSUx6uKvpxr8Krc,/home/thaimq/CashVision/results/protocol_a_kfold/fold_2/train/images/train_200k_indoor_0023_jpg.rf.rS1wnUSUx6uKvpxr8Krc.jpg
train_200k_indoor_0023_jpg.rf.rS1wnUSUx6uKvpxr8Krc_local.jpg,/home/thaimq/CashVision/results_c2/fold_1/val_augmented/images/train_200k_indoor_0023_jpg.rf.rS1wnUSUx6uKvpxr8Krc_local.jpg,/home/thaimq/CashVision/results_c2/fold_1/val_augmented/labels/train_200k_indoor_0023_jpg.rf.rS1wnUSUx6uKvpxr8Krc_local.txt,200000,local_aug,false,local_only,train_200k_indoor_0023_jpg.rf.rS1wnUSUx6uKvpxr8Krc,/home/thaimq/CashVision/results/protocol_a_kfold/fold_2/train/images/train_200k_indoor_0023_jpg.rf.rS1wnUSUx6uKvpxr8Krc.jpg
train_10k_torn_clean_0020_jpg.rf.56aSQXt5GVlpWmMdihYR.jpg,/home/thaimq/CashVision/results/protocol_a_kfold/fold_2/train/images/train_10k_torn_clean_0020_jpg.rf.56aSQXt5GVlpWmMdihYR.jpg,/home/thaimq/CashVision/results/protocol_a_kfold/fold_2/train/labels/train_10k_torn_clean_0020_jpg.rf.56aSQXt5GVlpWmMdihYR.txt,10000,torn_clean,true,original,train_10k_torn_clean_0020_jpg.rf.56aSQXt5GVlpWmMdihYR,/home/thaimq/CashVision/results/protocol_a_kfold/fold_2/train/images/train_10k_torn_clean_0020_jpg.rf.56aSQXt5GVlpWmMdihYR.jpg
train_10k_torn_clean_0020_jpg.rf.56aSQXt5GVlpWmMdihYR_photo.jpg,/home/thaimq/CashVision/results_c2/fold_1/val_augmented/images/train_10k_torn_clean_0020_jpg.rf.56aSQXt5GVlpWmMdihYR_photo.jpg,/home/thaimq/CashVision/results_c2/fold_1/val_augmented/labels/train_10k_torn_clean_0020_jpg.rf.56aSQXt5GVlpWmMdihYR_photo.txt,10000,torn_clean,true,photometric,train_10k_torn_clean_0020_jpg.rf.56aSQXt5GVlpWmMdihYR,/home/thaimq/CashVision/results/protocol_a_kfold/fold_2/train/images/train_10k_torn_clean_0020_jpg.rf.56aSQXt5GVlpWmMdihYR.jpg
train_10k_torn_clean_0020_jpg.rf.56aSQXt5GVlpWmMdihYR_light.jpg,/home/thaimq/CashVision/results_c2/fold_1/val_augmented/images/train_10k_torn_clean_0020_jpg.rf.56aSQXt5GVlpWmMdihYR_light.jpg,/home/thaimq/CashVision/results_c2/fold_1/val_augmented/labels/train_10k_torn_clean_0020_jpg.rf.56aSQXt5GVlpWmMdihYR_light.txt,10000,light_aug,true,light_pair,train_10k_torn_clean_0020_jpg.rf.56aSQXt5GVlpWmMdihYR,/home/thaimq/CashVision/results/protocol_a_kfold/fold_2/train/images/train_10k_torn_clean_0020_jpg.rf.56aSQXt5GVlpWmMdihYR.jpg
train_10k_torn_clean_0020_jpg.rf.56aSQXt5GVlpWmMdihYR_dark.jpg,/home/thaimq/CashVision/results_c2/fold_1/val_augmented/images/train_10k_torn_clean_0020_jpg.rf.56aSQXt5GVlpWmMdihYR_dark.jpg,/home/thaimq/CashVision/results_c2/fold_1/val_augmented/labels/train_10k_torn_clean_0020_jpg.rf.56aSQXt5GVlpWmMdihYR_dark.txt,10000,dark_aug,true,dark_pair,train_10k_torn_clean_0020_jpg.rf.56aSQXt5GVlpWmMdihYR,/home/thaimq/CashVision/results/protocol_a_kfold/fold_2/train/images/train_10k_torn_clean_0020_jpg.rf.56aSQXt5GVlpWmMdihYR.jpg
train_10k_torn_clean_0020_jpg.rf.56aSQXt5GVlpWmMdihYR_local.jpg,/home/thaimq/CashVision/results_c2/fold_1/val_augmented/images/train_10k_torn_clean_0020_jpg.rf.56aSQXt5GVlpWmMdihYR_local.jpg,/home/thaimq/CashVision/results_c2/fold_1/val_augmented/labels/train_10k_torn_clean_0020_jpg.rf.56aSQXt5GVlpWmMdihYR_local.txt,10000,local_aug,true,local_only,train_10k_torn_clean_0020_jpg.rf.56aSQXt5GVlpWmMdihYR,/home/thaimq/CashVision/results/protocol_a_kfold/fold_2/train/images/train_10k_torn_clean_0020_jpg.rf.56aSQXt5GVlpWmMdihYR.jpg
train_500k_indoor_0017_jpg.rf.uDxqfC5DC4GFDVgtKmZ8.jpg,/home/thaimq/CashVision/results/protocol_a_kfold/fold_2/train/images/train_500k_indoor_0017_jpg.rf.uDxqfC5DC4GFDVgtKmZ8.jpg,/home/thaimq/CashVision/results/protocol_a_kfold/fold_2/train/labels/train_500k_indoor_0017_jpg.rf.uDxqfC5DC4GFDVgtKmZ8.txt,500000,indoor,false,original,train_500k_indoor_0017_jpg.rf.uDxqfC5DC4GFDVgtKmZ8,/home/thaimq/CashVision/results/protocol_a_kfold/fold_2/train/images/train_500k_indoor_0017_jpg.rf.uDxqfC5DC4GFDVgtKmZ8.jpg
train_500k_indoor_0017_jpg.rf.uDxqfC5DC4GFDVgtKmZ8_photo.jpg,/home/thaimq/CashVision/results_c2/fold_1/val_augmented/images/train_500k_indoor_0017_jpg.rf.uDxqfC5DC4GFDVgtKmZ8_photo.jpg,/home/thaimq/CashVision/results_c2/fold_1/val_augmented/labels/train_500k_indoor_0017_jpg.rf.uDxqfC5DC4GFDVgtKmZ8_photo.txt,500000,indoor,false,photometric,train_500k_indoor_0017_jpg.rf.uDxqfC5DC4GFDVgtKmZ8,/home/thaimq/CashVision/results/protocol_a_kfold/fold_2/train/images/train_500k_indoor_0017_jpg.rf.uDxqfC5DC4GFDVgtKmZ8.jpg
train_500k_indoor_0017_jpg.rf.uDxqfC5DC4GFDVgtKmZ8_light.jpg,/home/thaimq/CashVision/results_c2/fold_1/val_augmented/images/train_500k_indoor_0017_jpg.rf.uDxqfC5DC4GFDVgtKmZ8_light.jpg,/home/thaimq/CashVision/results_c2/fold_1/val_augmented/labels/train_500k_indoor_0017_jpg.rf.uDxqfC5DC4GFDVgtKmZ8_light.txt,500000,light_aug,false,light_pair,train_500k_indoor_0017_jpg.rf.uDxqfC5DC4GFDVgtKmZ8,/home/thaimq/CashVision/results/protocol_a_kfold/fold_2/train/images/train_500k_indoor_0017_jpg.rf.uDxqfC5DC4GFDVgtKmZ8.jpg
train_500k_indoor_0017_jpg.rf.uDxqfC5DC4GFDVgtKmZ8_dark.jpg,/home/thaimq/CashVision/results_c2/fold_1/val_augmented/images/train_500k_indoor_0017_jpg.rf.uDxqfC5DC4GFDVgtKmZ8_dark.jpg,/home/thaimq/CashVision/results_c2/fold_1/val_augmented/labels/train_500k_indoor_0017_jpg.rf.uDxqfC5DC4GFDVgtKmZ8_dark.txt,500000,dark_aug,false,dark_pair,train_500k_indoor_0017_jpg.rf.uDxqfC5DC4GFDVgtKmZ8,/home/thaimq/CashVision/results/protocol_a_kfold/fold_2/train/images/train_500k_indoor_0017_jpg.rf.uDxqfC5DC4GFDVgtKmZ8.jpg
train_500k_indoor_0017_jpg.rf.uDxqfC5DC4GFDVgtKmZ8_local.jpg,/home/thaimq/CashVision/results_c2/fold_1/val_augmented/images/train_500k_indoor_0017_jpg.rf.uDxqfC5DC4GFDVgtKmZ8_local.jpg,/home/thaimq/CashVision/results_c2/fold_1/val_augmented/labels/train_500k_indoor_0017_jpg.rf.uDxqfC5DC4GFDVgtKmZ8_local.txt,500000,local_aug,false,local_only,train_500k_indoor_0017_jpg.rf.uDxqfC5DC4GFDVgtKmZ8,/home/thaimq/CashVision/results/protocol_a_kfold/fold_2/train/images/train_500k_indoor_0017_jpg.rf.uDxqfC5DC4GFDVgtKmZ8.jpg
train_50k_torn_clean_0021_jpg.rf.YxGVXyuFjjAnxpX3UliU.jpg,/home/thaimq/CashVision/results/protocol_a_kfold/fold_2/train/images/train_50k_torn_clean_0021_jpg.rf.YxGVXyuFjjAnxpX3UliU.jpg,/home/thaimq/CashVision/results/protocol_a_kfold/fold_2/train/labels/train_50k_torn_clean_0021_jpg.rf.YxGVXyuFjjAnxpX3UliU.txt,50000,torn_clean,true,original,train_50k_torn_clean_0021_jpg.rf.YxGVXyuFjjAnxpX3UliU,/home/thaimq/CashVision/results/protocol_a_kfold/fold_2/train/images/train_50k_torn_clean_0021_jpg.rf.YxGVXyuFjjAnxpX3UliU.jpg
train_50k_torn_clean_0021_jpg.rf.YxGVXyuFjjAnxpX3UliU_photo.jpg,/home/thaimq/CashVision/results_c2/fold_1/val_augmented/images/train_50k_torn_clean_0021_jpg.rf.YxGVXyuFjjAnxpX3UliU_photo.jpg,/home/thaimq/CashVision/results_c2/fold_1/val_augmented/labels/train_50k_torn_clean_0021_jpg.rf.YxGVXyuFjjAnxpX3UliU_photo.txt,50000,torn_clean,true,photometric,train_50k_torn_clean_0021_jpg.rf.YxGVXyuFjjAnxpX3UliU,/home/thaimq/CashVision/results/protocol_a_kfold/fold_2/train/images/train_50k_torn_clean_0021_jpg.rf.YxGVXyuFjjAnxpX3UliU.jpg
train_50k_torn_clean_0021_jpg.rf.YxGVXyuFjjAnxpX3UliU_light.jpg,/home/thaimq/CashVision/results_c2/fold_1/val_augmented/images/train_50k_torn_clean_0021_jpg.rf.YxGVXyuFjjAnxpX3UliU_light.jpg,/home/thaimq/CashVision/results_c2/fold_1/val_augmented/labels/train_50k_torn_clean_0021_jpg.rf.YxGVXyuFjjAnxpX3UliU_light.txt,50000,light_aug,true,light_pair,train_50k_torn_clean_0021_jpg.rf.YxGVXyuFjjAnxpX3UliU,/home/thaimq/CashVision/results/protocol_a_kfold/fold_2/train/images/train_50k_torn_clean_0021_jpg.rf.YxGVXyuFjjAnxpX3UliU.jpg
train_50k_torn_clean_0021_jpg.rf.YxGVXyuFjjAnxpX3UliU_dark.jpg,/home/thaimq/CashVision/results_c2/fold_1/val_augmented/images/train_50k_torn_clean_0021_jpg.rf.YxGVXyuFjjAnxpX3UliU_dark.jpg,/home/thaimq/CashVision/results_c2/fold_1/val_augmented/labels/train_50k_torn_clean_0021_jpg.rf.YxGVXyuFjjAnxpX3UliU_dark.txt,50000,dark_aug,true,dark_pair,train_50k_torn_clean_0021_jpg.rf.YxGVXyuFjjAnxpX3UliU,/home/thaimq/CashVision/results/protocol_a_kfold/fold_2/train/images/train_50k_torn_clean_0021_jpg.rf.YxGVXyuFjjAnxpX3UliU.jpg
train_50k_torn_clean_0021_jpg.rf.YxGVXyuFjjAnxpX3UliU_local.jpg,/home/thaimq/CashVision/results_c2/fold_1/val_augmented/images/train_50k_torn_clean_0021_jpg.rf.YxGVXyuFjjAnxpX3UliU_local.jpg,/home/thaimq/CashVision/results_c2/fold_1/val_augmented/labels/train_50k_torn_clean_0021_jpg.rf.YxGVXyuFjjAnxpX3UliU_local.txt,50000,local_aug,true,local_only,train_50k_torn_clean_0021_jpg.rf.YxGVXyuFjjAnxpX3UliU,/home/thaimq/CashVision/results/protocol_a_kfold/fold_2/train/images/train_50k_torn_clean_0021_jpg.rf.YxGVXyuFjjAnxpX3UliU.jpg
train_10k_torn_clean_0002_jpg.rf.Wb7yYIUyG27OpWPbsTBx.jpg,/home/thaimq/CashVision/results/protocol_a_kfold/fold_2/train/images/train_10k_torn_clean_0002_jpg.rf.Wb7yYIUyG27OpWPbsTBx.jpg,/home/thaimq/CashVision/results/protocol_a_kfold/fold_2/train/labels/train_10k_torn_clean_0002_jpg.rf.Wb7yYIUyG27OpWPbsTBx.txt,10000,torn_clean,true,original,train_10k_torn_clean_0002_jpg.rf.Wb7yYIUyG27OpWPbsTBx,/home/thaimq/CashVision/results/protocol_a_kfold/fold_2/train/images/train_10k_torn_clean_0002_jpg.rf.Wb7yYIUyG27OpWPbsTBx.jpg
train_10k_torn_clean_0002_jpg.rf.Wb7yYIUyG27OpWPbsTBx_photo.jpg,/home/thaimq/CashVision/results_c2/fold_1/val_augmented/images/train_10k_torn_clean_0002_jpg.rf.Wb7yYIUyG27OpWPbsTBx_photo.jpg,/home/thaimq/CashVision/results_c2/fold_1/val_augmented/labels/train_10k_torn_clean_0002_jpg.rf.Wb7yYIUyG27OpWPbsTBx_photo.txt,10000,torn_clean,true,photometric,train_10k_torn_clean_0002_jpg.rf.Wb7yYIUyG27OpWPbsTBx,/home/thaimq/CashVision/results/protocol_a_kfold/fold_2/train/images/train_10k_torn_clean_0002_jpg.rf.Wb7yYIUyG27OpWPbsTBx.jpg
train_10k_torn_clean_0002_jpg.rf.Wb7yYIUyG27OpWPbsTBx_light.jpg,/home/thaimq/CashVision/results_c2/fold_1/val_augmented/images/train_10k_torn_clean_0002_jpg.rf.Wb7yYIUyG27OpWPbsTBx_light.jpg,/home/thaimq/CashVision/results_c2/fold_1/val_augmented/labels/train_10k_torn_clean_0002_jpg.rf.Wb7yYIUyG27OpWPbsTBx_light.txt,10000,light_aug,true,light_pair,train_10k_torn_clean_0002_jpg.rf.Wb7yYIUyG27OpWPbsTBx,/home/thaimq/CashVision/results/protocol_a_kfold/fold_2/train/images/train_10k_torn_clean_0002_jpg.rf.Wb7yYIUyG27OpWPbsTBx.jpg
train_10k_torn_clean_0002_jpg.rf.Wb7yYIUyG27OpWPbsTBx_dark.jpg,/home/thaimq/CashVision/results_c2/fold_1/val_augmented/images/train_10k_torn_clean_0002_jpg.rf.Wb7yYIUyG27OpWPbsTBx_dark.jpg,/home/thaimq/CashVision/results_c2/fold_1/val_augmented/labels/train_10k_torn_clean_0002_jpg.rf.Wb7yYIUyG27OpWPbsTBx_dark.txt,10000,dark_aug,true,dark_pair,train_10k_torn_clean_0002_jpg.rf.Wb7yYIUyG27OpWPbsTBx,/home/thaimq/CashVision/results/protocol_a_kfold/fold_2/train/images/train_10k_torn_clean_0002_jpg.rf.Wb7yYIUyG27OpWPbsTBx.jpg
train_10k_torn_clean_0002_jpg.rf.Wb7yYIUyG27OpWPbsTBx_local.jpg,/home/thaimq/CashVision/results_c2/fold_1/val_augmented/images/train_10k_torn_clean_0002_jpg.rf.Wb7yYIUyG27OpWPbsTBx_local.jpg,/home/thaimq/CashVision/results_c2/fold_1/val_augmented/labels/train_10k_torn_clean_0002_jpg.rf.Wb7yYIUyG27OpWPbsTBx_local.txt,10000,local_aug,true,local_only,train_10k_torn_clean_0002_jpg.rf.Wb7yYIUyG27OpWPbsTBx,/home/thaimq/CashVision/results/protocol_a_kfold/fold_2/train/images/train_10k_torn_clean_0002_jpg.rf.Wb7yYIUyG27OpWPbsTBx.jpg
train_10k_indoor_0006_jpg.rf.MzaC2fmvB7x7D0UUFs2U.jpg,/home/thaimq/CashVision/results/protocol_a_kfold/fold_2/val_indoor/images/train_10k_indoor_0006_jpg.rf.MzaC2fmvB7x7D0UUFs2U.jpg,/home/thaimq/CashVision/results/protocol_a_kfold/fold_2/val_indoor/labels/train_10k_indoor_0006_jpg.rf.MzaC2fmvB7x7D0UUFs2U.txt,10000,indoor,false,original,train_10k_indoor_0006_jpg.rf.MzaC2fmvB7x7D0UUFs2U,/home/thaimq/CashVision/results/protocol_a_kfold/fold_2/val_indoor/images/train_10k_indoor_0006_jpg.rf.MzaC2fmvB7x7D0UUFs2U.jpg
train_10k_indoor_0006_jpg.rf.MzaC2fmvB7x7D0UUFs2U_photo.jpg,/home/thaimq/CashVision/results_c2/fold_1/val_augmented/images/train_10k_indoor_0006_jpg.rf.MzaC2fmvB7x7D0UUFs2U_photo.jpg,/home/thaimq/CashVision/results_c2/fold_1/val_augmented/labels/train_10k_indoor_0006_jpg.rf.MzaC2fmvB7x7D0UUFs2U_photo.txt,10000,indoor,false,photometric,train_10k_indoor_0006_jpg.rf.MzaC2fmvB7x7D0UUFs2U,/home/thaimq/CashVision/results/protocol_a_kfold/fold_2/val_indoor/images/train_10k_indoor_0006_jpg.rf.MzaC2fmvB7x7D0UUFs2U.jpg
train_10k_indoor_0006_jpg.rf.MzaC2fmvB7x7D0UUFs2U_light.jpg,/home/thaimq/CashVision/results_c2/fold_1/val_augmented/images/train_10k_indoor_0006_jpg.rf.MzaC2fmvB7x7D0UUFs2U_light.jpg,/home/thaimq/CashVision/results_c2/fold_1/val_augmented/labels/train_10k_indoor_0006_jpg.rf.MzaC2fmvB7x7D0UUFs2U_light.txt,10000,light_aug,false,light_pair,train_10k_indoor_0006_jpg.rf.MzaC2fmvB7x7D0UUFs2U,/home/thaimq/CashVision/results/protocol_a_kfold/fold_2/val_indoor/images/train_10k_indoor_0006_jpg.rf.MzaC2fmvB7x7D0UUFs2U.jpg
train_10k_indoor_0006_jpg.rf.MzaC2fmvB7x7D0UUFs2U_dark.jpg,/home/thaimq/CashVision/results_c2/fold_1/val_augmented/images/train_10k_indoor_0006_jpg.rf.MzaC2fmvB7x7D0UUFs2U_dark.jpg,/home/thaimq/CashVision/results_c2/fold_1/val_augmented/labels/train_10k_indoor_0006_jpg.rf.MzaC2fmvB7x7D0UUFs2U_dark.txt,10000,dark_aug,false,dark_pair,train_10k_indoor_0006_jpg.rf.MzaC2fmvB7x7D0UUFs2U,/home/thaimq/CashVision/results/protocol_a_kfold/fold_2/val_indoor/images/train_10k_indoor_0006_jpg.rf.MzaC2fmvB7x7D0UUFs2U.jpg
train_10k_indoor_0006_jpg.rf.MzaC2fmvB7x7D0UUFs2U_local.jpg,/home/thaimq/CashVision/results_c2/fold_1/val_augmented/images/train_10k_indoor_0006_jpg.rf.MzaC2fmvB7x7D0UUFs2U_local.jpg,/home/thaimq/CashVision/results_c2/fold_1/val_augmented/labels/train_10k_indoor_0006_jpg.rf.MzaC2fmvB7x7D0UUFs2U_local.txt,10000,local_aug,false,local_only,train_10k_indoor_0006_jpg.rf.MzaC2fmvB7x7D0UUFs2U,/home/thaimq/CashVision/results/protocol_a_kfold/fold_2/val_indoor/images/train_10k_indoor_0006_jpg.rf.MzaC2fmvB7x7D0UUFs2U.jpg
train_10k_indoor_0021_jpg.rf.MfFWuBmD5eygwckHpWZe.jpg,/home/thaimq/CashVision/results/protocol_a_kfold/fold_2/train/images/train_10k_indoor_0021_jpg.rf.MfFWuBmD5eygwckHpWZe.jpg,/home/thaimq/CashVision/results/protocol_a_kfold/fold_2/train/labels/train_10k_indoor_0021_jpg.rf.MfFWuBmD5eygwckHpWZe.txt,10000,indoor,false,original,train_10k_indoor_0021_jpg.rf.MfFWuBmD5eygwckHpWZe,/home/thaimq/CashVision/results/protocol_a_kfold/fold_2/train/images/train_10k_indoor_0021_jpg.rf.MfFWuBmD5eygwckHpWZe.jpg
train_10k_indoor_0021_jpg.rf.MfFWuBmD5eygwckHpWZe_photo.jpg,/home/thaimq/CashVision/results_c2/fold_1/val_augmented/images/train_10k_indoor_0021_jpg.rf.MfFWuBmD5eygwckHpWZe_photo.jpg,/home/thaimq/CashVision/results_c2/fold_1/val_augmented/labels/train_10k_indoor_0021_jpg.rf.MfFWuBmD5eygwckHpWZe_photo.txt,10000,indoor,false,photometric,train_10k_indoor_0021_jpg.rf.MfFWuBmD5eygwckHpWZe,/home/thaimq/CashVision/results/protocol_a_kfold/fold_2/train/images/train_10k_indoor_0021_jpg.rf.MfFWuBmD5eygwckHpWZe.jpg
train_10k_indoor_0021_jpg.rf.MfFWuBmD5eygwckHpWZe_light.jpg,/home/thaimq/CashVision/results_c2/fold_1/val_augmented/images/train_10k_indoor_0021_jpg.rf.MfFWuBmD5eygwckHpWZe_light.jpg,/home/thaimq/CashVision/results_c2/fold_1/val_augmented/labels/train_10k_indoor_0021_jpg.rf.MfFWuBmD5eygwckHpWZe_light.txt,10000,light_aug,false,light_pair,train_10k_indoor_0021_jpg.rf.MfFWuBmD5eygwckHpWZe,/home/thaimq/CashVision/results/protocol_a_kfold/fold_2/train/images/train_10k_indoor_0021_jpg.rf.MfFWuBmD5eygwckHpWZe.jpg
train_10k_indoor_0021_jpg.rf.MfFWuBmD5eygwckHpWZe_dark.jpg,/home/thaimq/CashVision/results_c2/fold_1/val_augmented/images/train_10k_indoor_0021_jpg.rf.MfFWuBmD5eygwckHpWZe_dark.jpg,/home/thaimq/CashVision/results_c2/fold_1/val_augmented/labels/train_10k_indoor_0021_jpg.rf.MfFWuBmD5eygwckHpWZe_dark.txt,10000,dark_aug,false,dark_pair,train_10k_indoor_0021_jpg.rf.MfFWuBmD5eygwckHpWZe,/home/thaimq/CashVision/results/protocol_a_kfold/fold_2/train/images/train_10k_indoor_0021_jpg.rf.MfFWuBmD5eygwckHpWZe.jpg
train_10k_indoor_0021_jpg.rf.MfFWuBmD5eygwckHpWZe_local.jpg,/home/thaimq/CashVision/results_c2/fold_1/val_augmented/images/train_10k_indoor_0021_jpg.rf.MfFWuBmD5eygwckHpWZe_local.jpg,/home/thaimq/CashVision/results_c2/fold_1/val_augmented/labels/train_10k_indoor_0021_jpg.rf.MfFWuBmD5eygwckHpWZe_local.txt,10000,local_aug,false,local_only,train_10k_indoor_0021_jpg.rf.MfFWuBmD5eygwckHpWZe,/home/thaimq/CashVision/results/protocol_a_kfold/fold_2/train/images/train_10k_indoor_0021_jpg.rf.MfFWuBmD5eygwckHpWZe.jpg
train_20k_indoor_0025_jpg.rf.LIiIP1A3QEKlZfc9RqlL.jpg,/home/thaimq/CashVision/results/protocol_a_kfold/fold_2/val_indoor/images/train_20k_indoor_0025_jpg.rf.LIiIP1A3QEKlZfc9RqlL.jpg,/home/thaimq/CashVision/results/protocol_a_kfold/fold_2/val_indoor/labels/train_20k_indoor_0025_jpg.rf.LIiIP1A3QEKlZfc9RqlL.txt,20000,indoor,false,original,train_20k_indoor_0025_jpg.rf.LIiIP1A3QEKlZfc9RqlL,/home/thaimq/CashVision/results/protocol_a_kfold/fold_2/val_indoor/images/train_20k_indoor_0025_jpg.rf.LIiIP1A3QEKlZfc9RqlL.jpg
train_20k_indoor_0025_jpg.rf.LIiIP1A3QEKlZfc9RqlL_photo.jpg,/home/thaimq/CashVision/results_c2/fold_1/val_augmented/images/train_20k_indoor_0025_jpg.rf.LIiIP1A3QEKlZfc9RqlL_photo.jpg,/home/thaimq/CashVision/results_c2/fold_1/val_augmented/labels/train_20k_indoor_0025_jpg.rf.LIiIP1A3QEKlZfc9RqlL_photo.txt,20000,indoor,false,photometric,train_20k_indoor_0025_jpg.rf.LIiIP1A3QEKlZfc9RqlL,/home/thaimq/CashVision/results/protocol_a_kfold/fold_2/val_indoor/images/train_20k_indoor_0025_jpg.rf.LIiIP1A3QEKlZfc9RqlL.jpg
train_20k_indoor_0025_jpg.rf.LIiIP1A3QEKlZfc9RqlL_light.jpg,/home/thaimq/CashVision/results_c2/fold_1/val_augmented/images/train_20k_indoor_0025_jpg.rf.LIiIP1A3QEKlZfc9RqlL_light.jpg,/home/thaimq/CashVision/results_c2/fold_1/val_augmented/labels/train_20k_indoor_0025_jpg.rf.LIiIP1A3QEKlZfc9RqlL_light.txt,20000,light_aug,false,light_pair,train_20k_indoor_0025_jpg.rf.LIiIP1A3QEKlZfc9RqlL,/home/thaimq/CashVision/results/protocol_a_kfold/fold_2/val_indoor/images/train_20k_indoor_0025_jpg.rf.LIiIP1A3QEKlZfc9RqlL.jpg
train_20k_indoor_0025_jpg.rf.LIiIP1A3QEKlZfc9RqlL_dark.jpg,/home/thaimq/CashVision/results_c2/fold_1/val_augmented/images/train_20k_indoor_0025_jpg.rf.LIiIP1A3QEKlZfc9RqlL_dark.jpg,/home/thaimq/CashVision/results_c2/fold_1/val_augmented/labels/train_20k_indoor_0025_jpg.rf.LIiIP1A3QEKlZfc9RqlL_dark.txt,20000,dark_aug,false,dark_pair,train_20k_indoor_0025_jpg.rf.LIiIP1A3QEKlZfc9RqlL,/home/thaimq/CashVision/results/protocol_a_kfold/fold_2/val_indoor/images/train_20k_indoor_0025_jpg.rf.LIiIP1A3QEKlZfc9RqlL.jpg
train_20k_indoor_0025_jpg.rf.LIiIP1A3QEKlZfc9RqlL_local.jpg,/home/thaimq/CashVision/results_c2/fold_1/val_augmented/images/train_20k_indoor_0025_jpg.rf.LIiIP1A3QEKlZfc9RqlL_local.jpg,/home/thaimq/CashVision/results_c2/fold_1/val_augmented/labels/train_20k_indoor_0025_jpg.rf.LIiIP1A3QEKlZfc9RqlL_local.txt,20000,local_aug,false,local_only,train_20k_indoor_0025_jpg.rf.LIiIP1A3QEKlZfc9RqlL,/home/thaimq/CashVision/results/protocol_a_kfold/fold_2/val_indoor/images/train_20k_indoor_0025_jpg.rf.LIiIP1A3QEKlZfc9RqlL.jpg
train_10k_indoor_0037_jpg.rf.RygVkUq6xZkOYCsJOcft.jpg,/home/thaimq/CashVision/results/protocol_a_kfold/fold_2/train/images/train_10k_indoor_0037_jpg.rf.RygVkUq6xZkOYCsJOcft.jpg,/home/thaimq/CashVision/results/protocol_a_kfold/fold_2/train/labels/train_10k_indoor_0037_jpg.rf.RygVkUq6xZkOYCsJOcft.txt,10000,indoor,false,original,train_10k_indoor_0037_jpg.rf.RygVkUq6xZkOYCsJOcft,/home/thaimq/CashVision/results/protocol_a_kfold/fold_2/train/images/train_10k_indoor_0037_jpg.rf.RygVkUq6xZkOYCsJOcft.jpg
train_10k_indoor_0037_jpg.rf.RygVkUq6xZkOYCsJOcft_photo.jpg,/home/thaimq/CashVision/results_c2/fold_1/val_augmented/images/train_10k_indoor_0037_jpg.rf.RygVkUq6xZkOYCsJOcft_photo.jpg,/home/thaimq/CashVision/results_c2/fold_1/val_augmented/labels/train_10k_indoor_0037_jpg.rf.RygVkUq6xZkOYCsJOcft_photo.txt,10000,indoor,false,photometric,train_10k_indoor_0037_jpg.rf.RygVkUq6xZkOYCsJOcft,/home/thaimq/CashVision/results/protocol_a_kfold/fold_2/train/images/train_10k_indoor_0037_jpg.rf.RygVkUq6xZkOYCsJOcft.jpg
train_10k_indoor_0037_jpg.rf.RygVkUq6xZkOYCsJOcft_light.jpg,/home/thaimq/CashVision/results_c2/fold_1/val_augmented/images/train_10k_indoor_0037_jpg.rf.RygVkUq6xZkOYCsJOcft_light.jpg,/home/thaimq/CashVision/results_c2/fold_1/val_augmented/labels/train_10k_indoor_0037_jpg.rf.RygVkUq6xZkOYCsJOcft_light.txt,10000,light_aug,false,light_pair,train_10k_indoor_0037_jpg.rf.RygVkUq6xZkOYCsJOcft,/home/thaimq/CashVision/results/protocol_a_kfold/fold_2/train/images/train_10k_indoor_0037_jpg.rf.RygVkUq6xZkOYCsJOcft.jpg
train_10k_indoor_0037_jpg.rf.RygVkUq6xZkOYCsJOcft_dark.jpg,/home/thaimq/CashVision/results_c2/fold_1/val_augmented/images/train_10k_indoor_0037_jpg.rf.RygVkUq6xZkOYCsJOcft_dark.jpg,/home/thaimq/CashVision/results_c2/fold_1/val_augmented/labels/train_10k_indoor_0037_jpg.rf.RygVkUq6xZkOYCsJOcft_dark.txt,10000,dark_aug,false,dark_pair,train_10k_indoor_0037_jpg.rf.RygVkUq6xZkOYCsJOcft,/home/thaimq/CashVision/results/protocol_a_kfold/fold_2/train/images/train_10k_indoor_0037_jpg.rf.RygVkUq6xZkOYCsJOcft.jpg
train_10k_indoor_0037_jpg.rf.RygVkUq6xZkOYCsJOcft_local.jpg,/home/thaimq/CashVision/results_c2/fold_1/val_augmented/images/train_10k_indoor_0037_jpg.rf.RygVkUq6xZkOYCsJOcft_local.jpg,/home/thaimq/CashVision/results_c2/fold_1/val_augmented/labels/train_10k_indoor_0037_jpg.rf.RygVkUq6xZkOYCsJOcft_local.txt,10000,local_aug,false,local_only,train_10k_indoor_0037_jpg.rf.RygVkUq6xZkOYCsJOcft,/home/thaimq/CashVision/results/protocol_a_kfold/fold_2/train/images/train_10k_indoor_0037_jpg.rf.RygVkUq6xZkOYCsJOcft.jpg
train_200k_torn_clean_0010_jpg.rf.77nKrN0tPDRn3VMDIw1r.jpg,/home/thaimq/CashVision/results/protocol_a_kfold/fold_2/val_indoor/images/train_200k_torn_clean_0010_jpg.rf.77nKrN0tPDRn3VMDIw1r.jpg,/home/thaimq/CashVision/results/protocol_a_kfold/fold_2/val_indoor/labels/train_200k_torn_clean_0010_jpg.rf.77nKrN0tPDRn3VMDIw1r.txt,200000,torn_clean,true,original,train_200k_torn_clean_0010_jpg.rf.77nKrN0tPDRn3VMDIw1r,/home/thaimq/CashVision/results/protocol_a_kfold/fold_2/val_indoor/images/train_200k_torn_clean_0010_jpg.rf.77nKrN0tPDRn3VMDIw1r.jpg
train_200k_torn_clean_0010_jpg.rf.77nKrN0tPDRn3VMDIw1r_photo.jpg,/home/thaimq/CashVision/results_c2/fold_1/val_augmented/images/train_200k_torn_clean_0010_jpg.rf.77nKrN0tPDRn3VMDIw1r_photo.jpg,/home/thaimq/CashVision/results_c2/fold_1/val_augmented/labels/train_200k_torn_clean_0010_jpg.rf.77nKrN0tPDRn3VMDIw1r_photo.txt,200000,torn_clean,true,photometric,train_200k_torn_clean_0010_jpg.rf.77nKrN0tPDRn3VMDIw1r,/home/thaimq/CashVision/results/protocol_a_kfold/fold_2/val_indoor/images/train_200k_torn_clean_0010_jpg.rf.77nKrN0tPDRn3VMDIw1r.jpg
train_200k_torn_clean_0010_jpg.rf.77nKrN0tPDRn3VMDIw1r_light.jpg,/home/thaimq/CashVision/results_c2/fold_1/val_augmented/images/train_200k_torn_clean_0010_jpg.rf.77nKrN0tPDRn3VMDIw1r_light.jpg,/home/thaimq/CashVision/results_c2/fold_1/val_augmented/labels/train_200k_torn_clean_0010_jpg.rf.77nKrN0tPDRn3VMDIw1r_light.txt,200000,light_aug,true,light_pair,train_200k_torn_clean_0010_jpg.rf.77nKrN0tPDRn3VMDIw1r,/home/thaimq/CashVision/results/protocol_a_kfold/fold_2/val_indoor/images/train_200k_torn_clean_0010_jpg.rf.77nKrN0tPDRn3VMDIw1r.jpg
train_200k_torn_clean_0010_jpg.rf.77nKrN0tPDRn3VMDIw1r_dark.jpg,/home/thaimq/CashVision/results_c2/fold_1/val_augmented/images/train_200k_torn_clean_0010_jpg.rf.77nKrN0tPDRn3VMDIw1r_dark.jpg,/home/thaimq/CashVision/results_c2/fold_1/val_augmented/labels/train_200k_torn_clean_0010_jpg.rf.77nKrN0tPDRn3VMDIw1r_dark.txt,200000,dark_aug,true,dark_pair,train_200k_torn_clean_0010_jpg.rf.77nKrN0tPDRn3VMDIw1r,/home/thaimq/CashVision/results/protocol_a_kfold/fold_2/val_indoor/images/train_200k_torn_clean_0010_jpg.rf.77nKrN0tPDRn3VMDIw1r.jpg
train_200k_torn_clean_0010_jpg.rf.77nKrN0tPDRn3VMDIw1r_local.jpg,/home/thaimq/CashVision/results_c2/fold_1/val_augmented/images/train_200k_torn_clean_0010_jpg.rf.77nKrN0tPDRn3VMDIw1r_local.jpg,/home/thaimq/CashVision/results_c2/fold_1/val_augmented/labels/train_200k_torn_clean_0010_jpg.rf.77nKrN0tPDRn3VMDIw1r_local.txt,200000,local_aug,true,local_only,train_200k_torn_clean_0010_jpg.rf.77nKrN0tPDRn3VMDIw1r,/home/thaimq/CashVision/results/protocol_a_kfold/fold_2/val_indoor/images/train_200k_torn_clean_0010_jpg.rf.77nKrN0tPDRn3VMDIw1r.jpg
train_100k_torn_clean_0020_jpg.rf.A8emnnSyTQXakaORDf6F.jpg,/home/thaimq/CashVision/results/protocol_a_kfold/fold_2/train/images/train_100k_torn_clean_0020_jpg.rf.A8emnnSyTQXakaORDf6F.jpg,/home/thaimq/CashVision/results/protocol_a_kfold/fold_2/train/labels/train_100k_torn_clean_0020_jpg.rf.A8emnnSyTQXakaORDf6F.txt,100000,torn_clean,true,original,train_100k_torn_clean_0020_jpg.rf.A8emnnSyTQXakaORDf6F,/home/thaimq/CashVision/results/protocol_a_kfold/fold_2/train/images/train_100k_torn_clean_0020_jpg.rf.A8emnnSyTQXakaORDf6F.jpg
train_100k_torn_clean_0020_jpg.rf.A8emnnSyTQXakaORDf6F_photo.jpg,/home/thaimq/CashVision/results_c2/fold_1/val_augmented/images/train_100k_torn_clean_0020_jpg.rf.A8emnnSyTQXakaORDf6F_photo.jpg,/home/thaimq/CashVision/results_c2/fold_1/val_augmented/labels/train_100k_torn_clean_0020_jpg.rf.A8emnnSyTQXakaORDf6F_photo.txt,100000,torn_clean,true,photometric,train_100k_torn_clean_0020_jpg.rf.A8emnnSyTQXakaORDf6F,/home/thaimq/CashVision/results/protocol_a_kfold/fold_2/train/images/train_100k_torn_clean_0020_jpg.rf.A8emnnSyTQXakaORDf6F.jpg
train_100k_torn_clean_0020_jpg.rf.A8emnnSyTQXakaORDf6F_light.jpg,/home/thaimq/CashVision/results_c2/fold_1/val_augmented/images/train_100k_torn_clean_0020_jpg.rf.A8emnnSyTQXakaORDf6F_light.jpg,/home/thaimq/CashVision/results_c2/fold_1/val_augmented/labels/train_100k_torn_clean_0020_jpg.rf.A8emnnSyTQXakaORDf6F_light.txt,100000,light_aug,true,light_pair,train_100k_torn_clean_0020_jpg.rf.A8emnnSyTQXakaORDf6F,/home/thaimq/CashVision/results/protocol_a_kfold/fold_2/train/images/train_100k_torn_clean_0020_jpg.rf.A8emnnSyTQXakaORDf6F.jpg
train_100k_torn_clean_0020_jpg.rf.A8emnnSyTQXakaORDf6F_dark.jpg,/home/thaimq/CashVision/results_c2/fold_1/val_augmented/images/train_100k_torn_clean_0020_jpg.rf.A8emnnSyTQXakaORDf6F_dark.jpg,/home/thaimq/CashVision/results_c2/fold_1/val_augmented/labels/train_100k_torn_clean_0020_jpg.rf.A8emnnSyTQXakaORDf6F_dark.txt,100000,dark_aug,true,dark_pair,train_100k_torn_clean_0020_jpg.rf.A8emnnSyTQXakaORDf6F,/home/thaimq/CashVision/results/protocol_a_kfold/fold_2/train/images/train_100k_torn_clean_0020_jpg.rf.A8emnnSyTQXakaORDf6F.jpg
train_100k_torn_clean_0020_jpg.rf.A8emnnSyTQXakaORDf6F_local.jpg,/home/thaimq/CashVision/results_c2/fold_1/val_augmented/images/train_100k_torn_clean_0020_jpg.rf.A8emnnSyTQXakaORDf6F_local.jpg,/home/thaimq/CashVision/results_c2/fold_1/val_augmented/labels/train_100k_torn_clean_0020_jpg.rf.A8emnnSyTQXakaORDf6F_local.txt,100000,local_aug,true,local_only,train_100k_torn_clean_0020_jpg.rf.A8emnnSyTQXakaORDf6F,/home/thaimq/CashVision/results/protocol_a_kfold/fold_2/train/images/train_100k_torn_clean_0020_jpg.rf.A8emnnSyTQXakaORDf6F.jpg
train_10k_indoor_0013_jpg.rf.TY9jvf2CDjy85GNdt7zN.jpg,/home/thaimq/CashVision/results/protocol_a_kfold/fold_2/val_indoor/images/train_10k_indoor_0013_jpg.rf.TY9jvf2CDjy85GNdt7zN.jpg,/home/thaimq/CashVision/results/protocol_a_kfold/fold_2/val_indoor/labels/train_10k_indoor_0013_jpg.rf.TY9jvf2CDjy85GNdt7zN.txt,10000,indoor,false,original,train_10k_indoor_0013_jpg.rf.TY9jvf2CDjy85GNdt7zN,/home/thaimq/CashVision/results/protocol_a_kfold/fold_2/val_indoor/images/train_10k_indoor_0013_jpg.rf.TY9jvf2CDjy85GNdt7zN.jpg
train_10k_indoor_0013_jpg.rf.TY9jvf2CDjy85GNdt7zN_photo.jpg,/home/thaimq/CashVision/results_c2/fold_1/val_augmented/images/train_10k_indoor_0013_jpg.rf.TY9jvf2CDjy85GNdt7zN_photo.jpg,/home/thaimq/CashVision/results_c2/fold_1/val_augmented/labels/train_10k_indoor_0013_jpg.rf.TY9jvf2CDjy85GNdt7zN_photo.txt,10000,indoor,false,photometric,train_10k_indoor_0013_jpg.rf.TY9jvf2CDjy85GNdt7zN,/home/thaimq/CashVision/results/protocol_a_kfold/fold_2/val_indoor/images/train_10k_indoor_0013_jpg.rf.TY9jvf2CDjy85GNdt7zN.jpg
train_10k_indoor_0013_jpg.rf.TY9jvf2CDjy85GNdt7zN_light.jpg,/home/thaimq/CashVision/results_c2/fold_1/val_augmented/images/train_10k_indoor_0013_jpg.rf.TY9jvf2CDjy85GNdt7zN_light.jpg,/home/thaimq/CashVision/results_c2/fold_1/val_augmented/labels/train_10k_indoor_0013_jpg.rf.TY9jvf2CDjy85GNdt7zN_light.txt,10000,light_aug,false,light_pair,train_10k_indoor_0013_jpg.rf.TY9jvf2CDjy85GNdt7zN,/home/thaimq/CashVision/results/protocol_a_kfold/fold_2/val_indoor/images/train_10k_indoor_0013_jpg.rf.TY9jvf2CDjy85GNdt7zN.jpg
train_10k_indoor_0013_jpg.rf.TY9jvf2CDjy85GNdt7zN_dark.jpg,/home/thaimq/CashVision/results_c2/fold_1/val_augmented/images/train_10k_indoor_0013_jpg.rf.TY9jvf2CDjy85GNdt7zN_dark.jpg,/home/thaimq/CashVision/results_c2/fold_1/val_augmented/labels/train_10k_indoor_0013_jpg.rf.TY9jvf2CDjy85GNdt7zN_dark.txt,10000,dark_aug,false,dark_pair,train_10k_indoor_0013_jpg.rf.TY9jvf2CDjy85GNdt7zN,/home/thaimq/CashVision/results/protocol_a_kfold/fold_2/val_indoor/images/train_10k_indoor_0013_jpg.rf.TY9jvf2CDjy85GNdt7zN.jpg
train_10k_indoor_0013_jpg.rf.TY9jvf2CDjy85GNdt7zN_local.jpg,/home/thaimq/CashVision/results_c2/fold_1/val_augmented/images/train_10k_indoor_0013_jpg.rf.TY9jvf2CDjy85GNdt7zN_local.jpg,/home/thaimq/CashVision/results_c2/fold_1/val_augmented/labels/train_10k_indoor_0013_jpg.rf.TY9jvf2CDjy85GNdt7zN_local.txt,10000,local_aug,false,local_only,train_10k_indoor_0013_jpg.rf.TY9jvf2CDjy85GNdt7zN,/home/thaimq/CashVision/results/protocol_a_kfold/fold_2/val_indoor/images/train_10k_indoor_0013_jpg.rf.TY9jvf2CDjy85GNdt7zN.jpg
train_500k_torn_clean_0008_jpg.rf.RfwdWwm1XEJuyRlQEsKG.jpg,/home/thaimq/CashVision/results/protocol_a_kfold/fold_2/train/images/train_500k_torn_clean_0008_jpg.rf.RfwdWwm1XEJuyRlQEsKG.jpg,/home/thaimq/CashVision/results/protocol_a_kfold/fold_2/train/labels/train_500k_torn_clean_0008_jpg.rf.RfwdWwm1XEJuyRlQEsKG.txt,500000,torn_clean,true,original,train_500k_torn_clean_0008_jpg.rf.RfwdWwm1XEJuyRlQEsKG,/home/thaimq/CashVision/results/protocol_a_kfold/fold_2/train/images/train_500k_torn_clean_0008_jpg.rf.RfwdWwm1XEJuyRlQEsKG.jpg
train_500k_torn_clean_0008_jpg.rf.RfwdWwm1XEJuyRlQEsKG_photo.jpg,/home/thaimq/CashVision/results_c2/fold_1/val_augmented/images/train_500k_torn_clean_0008_jpg.rf.RfwdWwm1XEJuyRlQEsKG_photo.jpg,/home/thaimq/CashVision/results_c2/fold_1/val_augmented/labels/train_500k_torn_clean_0008_jpg.rf.RfwdWwm1XEJuyRlQEsKG_photo.txt,500000,torn_clean,true,photometric,train_500k_torn_clean_0008_jpg.rf.RfwdWwm1XEJuyRlQEsKG,/home/thaimq/CashVision/results/protocol_a_kfold/fold_2/train/images/train_500k_torn_clean_0008_jpg.rf.RfwdWwm1XEJuyRlQEsKG.jpg
train_500k_torn_clean_0008_jpg.rf.RfwdWwm1XEJuyRlQEsKG_light.jpg,/home/thaimq/CashVision/results_c2/fold_1/val_augmented/images/train_500k_torn_clean_0008_jpg.rf.RfwdWwm1XEJuyRlQEsKG_light.jpg,/home/thaimq/CashVision/results_c2/fold_1/val_augmented/labels/train_500k_torn_clean_0008_jpg.rf.RfwdWwm1XEJuyRlQEsKG_light.txt,500000,light_aug,true,light_pair,train_500k_torn_clean_0008_jpg.rf.RfwdWwm1XEJuyRlQEsKG,/home/thaimq/CashVision/results/protocol_a_kfold/fold_2/train/images/train_500k_torn_clean_0008_jpg.rf.RfwdWwm1XEJuyRlQEsKG.jpg
train_500k_torn_clean_0008_jpg.rf.RfwdWwm1XEJuyRlQEsKG_dark.jpg,/home/thaimq/CashVision/results_c2/fold_1/val_augmented/images/train_500k_torn_clean_0008_jpg.rf.RfwdWwm1XEJuyRlQEsKG_dark.jpg,/home/thaimq/CashVision/results_c2/fold_1/val_augmented/labels/train_500k_torn_clean_0008_jpg.rf.RfwdWwm1XEJuyRlQEsKG_dark.txt,500000,dark_aug,true,dark_pair,train_500k_torn_clean_0008_jpg.rf.RfwdWwm1XEJuyRlQEsKG,/home/thaimq/CashVision/results/protocol_a_kfold/fold_2/train/images/train_500k_torn_clean_0008_jpg.rf.RfwdWwm1XEJuyRlQEsKG.jpg
train_500k_torn_clean_0008_jpg.rf.RfwdWwm1XEJuyRlQEsKG_local.jpg,/home/thaimq/CashVision/results_c2/fold_1/val_augmented/images/train_500k_torn_clean_0008_jpg.rf.RfwdWwm1XEJuyRlQEsKG_local.jpg,/home/thaimq/CashVision/results_c2/fold_1/val_augmented/labels/train_500k_torn_clean_0008_jpg.rf.RfwdWwm1XEJuyRlQEsKG_local.txt,500000,local_aug,true,local_only,train_500k_torn_clean_0008_jpg.rf.RfwdWwm1XEJuyRlQEsKG,/home/thaimq/CashVision/results/protocol_a_kfold/fold_2/train/images/train_500k_torn_clean_0008_jpg.rf.RfwdWwm1XEJuyRlQEsKG.jpg
train_50k_indoor_0024_jpg.rf.9ovrvWdlt06S3qpumz5N.jpg,/home/thaimq/CashVision/results/protocol_a_kfold/fold_2/train/images/train_50k_indoor_0024_jpg.rf.9ovrvWdlt06S3qpumz5N.jpg,/home/thaimq/CashVision/results/protocol_a_kfold/fold_2/train/labels/train_50k_indoor_0024_jpg.rf.9ovrvWdlt06S3qpumz5N.txt,50000,indoor,false,original,train_50k_indoor_0024_jpg.rf.9ovrvWdlt06S3qpumz5N,/home/thaimq/CashVision/results/protocol_a_kfold/fold_2/train/images/train_50k_indoor_0024_jpg.rf.9ovrvWdlt06S3qpumz5N.jpg
train_50k_indoor_0024_jpg.rf.9ovrvWdlt06S3qpumz5N_photo.jpg,/home/thaimq/CashVision/results_c2/fold_1/val_augmented/images/train_50k_indoor_0024_jpg.rf.9ovrvWdlt06S3qpumz5N_photo.jpg,/home/thaimq/CashVision/results_c2/fold_1/val_augmented/labels/train_50k_indoor_0024_jpg.rf.9ovrvWdlt06S3qpumz5N_photo.txt,50000,indoor,false,photometric,train_50k_indoor_0024_jpg.rf.9ovrvWdlt06S3qpumz5N,/home/thaimq/CashVision/results/protocol_a_kfold/fold_2/train/images/train_50k_indoor_0024_jpg.rf.9ovrvWdlt06S3qpumz5N.jpg
train_50k_indoor_0024_jpg.rf.9ovrvWdlt06S3qpumz5N_light.jpg,/home/thaimq/CashVision/results_c2/fold_1/val_augmented/images/train_50k_indoor_0024_jpg.rf.9ovrvWdlt06S3qpumz5N_light.jpg,/home/thaimq/CashVision/results_c2/fold_1/val_augmented/labels/train_50k_indoor_0024_jpg.rf.9ovrvWdlt06S3qpumz5N_light.txt,50000,light_aug,false,light_pair,train_50k_indoor_0024_jpg.rf.9ovrvWdlt06S3qpumz5N,/home/thaimq/CashVision/results/protocol_a_kfold/fold_2/train/images/train_50k_indoor_0024_jpg.rf.9ovrvWdlt06S3qpumz5N.jpg
train_50k_indoor_0024_jpg.rf.9ovrvWdlt06S3qpumz5N_dark.jpg,/home/thaimq/CashVision/results_c2/fold_1/val_augmented/images/train_50k_indoor_0024_jpg.rf.9ovrvWdlt06S3qpumz5N_dark.jpg,/home/thaimq/CashVision/results_c2/fold_1/val_augmented/labels/train_50k_indoor_0024_jpg.rf.9ovrvWdlt06S3qpumz5N_dark.txt,50000,dark_aug,false,dark_pair,train_50k_indoor_0024_jpg.rf.9ovrvWdlt06S3qpumz5N,/home/thaimq/CashVision/results/protocol_a_kfold/fold_2/train/images/train_50k_indoor_0024_jpg.rf.9ovrvWdlt06S3qpumz5N.jpg
train_50k_indoor_0024_jpg.rf.9ovrvWdlt06S3qpumz5N_local.jpg,/home/thaimq/CashVision/results_c2/fold_1/val_augmented/images/train_50k_indoor_0024_jpg.rf.9ovrvWdlt06S3qpumz5N_local.jpg,/home/thaimq/CashVision/results_c2/fold_1/val_augmented/labels/train_50k_indoor_0024_jpg.rf.9ovrvWdlt06S3qpumz5N_local.txt,50000,local_aug,false,local_only,train_50k_indoor_0024_jpg.rf.9ovrvWdlt06S3qpumz5N,/home/thaimq/CashVision/results/protocol_a_kfold/fold_2/train/images/train_50k_indoor_0024_jpg.rf.9ovrvWdlt06S3qpumz5N.jpg
train_500k_indoor_0028_jpg.rf.kFlpyyQMhBCtHpdvOrw7.jpg,/home/thaimq/CashVision/results/protocol_a_kfold/fold_2/train/images/train_500k_indoor_0028_jpg.rf.kFlpyyQMhBCtHpdvOrw7.jpg,/home/thaimq/CashVision/results/protocol_a_kfold/fold_2/train/labels/train_500k_indoor_0028_jpg.rf.kFlpyyQMhBCtHpdvOrw7.txt,500000,indoor,false,original,train_500k_indoor_0028_jpg.rf.kFlpyyQMhBCtHpdvOrw7,/home/thaimq/CashVision/results/protocol_a_kfold/fold_2/train/images/train_500k_indoor_0028_jpg.rf.kFlpyyQMhBCtHpdvOrw7.jpg
train_500k_indoor_0028_jpg.rf.kFlpyyQMhBCtHpdvOrw7_photo.jpg,/home/thaimq/CashVision/results_c2/fold_1/val_augmented/images/train_500k_indoor_0028_jpg.rf.kFlpyyQMhBCtHpdvOrw7_photo.jpg,/home/thaimq/CashVision/results_c2/fold_1/val_augmented/labels/train_500k_indoor_0028_jpg.rf.kFlpyyQMhBCtHpdvOrw7_photo.txt,500000,indoor,false,photometric,train_500k_indoor_0028_jpg.rf.kFlpyyQMhBCtHpdvOrw7,/home/thaimq/CashVision/results/protocol_a_kfold/fold_2/train/images/train_500k_indoor_0028_jpg.rf.kFlpyyQMhBCtHpdvOrw7.jpg
train_500k_indoor_0028_jpg.rf.kFlpyyQMhBCtHpdvOrw7_light.jpg,/home/thaimq/CashVision/results_c2/fold_1/val_augmented/images/train_500k_indoor_0028_jpg.rf.kFlpyyQMhBCtHpdvOrw7_light.jpg,/home/thaimq/CashVision/results_c2/fold_1/val_augmented/labels/train_500k_indoor_0028_jpg.rf.kFlpyyQMhBCtHpdvOrw7_light.txt,500000,light_aug,false,light_pair,train_500k_indoor_0028_jpg.rf.kFlpyyQMhBCtHpdvOrw7,/home/thaimq/CashVision/results/protocol_a_kfold/fold_2/train/images/train_500k_indoor_0028_jpg.rf.kFlpyyQMhBCtHpdvOrw7.jpg
train_500k_indoor_0028_jpg.rf.kFlpyyQMhBCtHpdvOrw7_dark.jpg,/home/thaimq/CashVision/results_c2/fold_1/val_augmented/images/train_500k_indoor_0028_jpg.rf.kFlpyyQMhBCtHpdvOrw7_dark.jpg,/home/thaimq/CashVision/results_c2/fold_1/val_augmented/labels/train_500k_indoor_0028_jpg.rf.kFlpyyQMhBCtHpdvOrw7_dark.txt,500000,dark_aug,false,dark_pair,train_500k_indoor_0028_jpg.rf.kFlpyyQMhBCtHpdvOrw7,/home/thaimq/CashVision/results/protocol_a_kfold/fold_2/train/images/train_500k_indoor_0028_jpg.rf.kFlpyyQMhBCtHpdvOrw7.jpg
train_500k_indoor_0028_jpg.rf.kFlpyyQMhBCtHpdvOrw7_local.jpg,/home/thaimq/CashVision/results_c2/fold_1/val_augmented/images/train_500k_indoor_0028_jpg.rf.kFlpyyQMhBCtHpdvOrw7_local.jpg,/home/thaimq/CashVision/results_c2/fold_1/val_augmented/labels/train_500k_indoor_0028_jpg.rf.kFlpyyQMhBCtHpdvOrw7_local.txt,500000,local_aug,false,local_only,train_500k_indoor_0028_jpg.rf.kFlpyyQMhBCtHpdvOrw7,/home/thaimq/CashVision/results/protocol_a_kfold/fold_2/train/images/train_500k_indoor_0028_jpg.rf.kFlpyyQMhBCtHpdvOrw7.jpg
train_100k_indoor_0042_jpg.rf.FxEmcb3H1sxSSzemG52H.jpg,/home/thaimq/CashVision/results/protocol_a_kfold/fold_2/train/images/train_100k_indoor_0042_jpg.rf.FxEmcb3H1sxSSzemG52H.jpg,/home/thaimq/CashVision/results/protocol_a_kfold/fold_2/train/labels/train_100k_indoor_0042_jpg.rf.FxEmcb3H1sxSSzemG52H.txt,100000,indoor,false,original,train_100k_indoor_0042_jpg.rf.FxEmcb3H1sxSSzemG52H,/home/thaimq/CashVision/results/protocol_a_kfold/fold_2/train/images/train_100k_indoor_0042_jpg.rf.FxEmcb3H1sxSSzemG52H.jpg
train_100k_indoor_0042_jpg.rf.FxEmcb3H1sxSSzemG52H_photo.jpg,/home/thaimq/CashVision/results_c2/fold_1/val_augmented/images/train_100k_indoor_0042_jpg.rf.FxEmcb3H1sxSSzemG52H_photo.jpg,/home/thaimq/CashVision/results_c2/fold_1/val_augmented/labels/train_100k_indoor_0042_jpg.rf.FxEmcb3H1sxSSzemG52H_photo.txt,100000,indoor,false,photometric,train_100k_indoor_0042_jpg.rf.FxEmcb3H1sxSSzemG52H,/home/thaimq/CashVision/results/protocol_a_kfold/fold_2/train/images/train_100k_indoor_0042_jpg.rf.FxEmcb3H1sxSSzemG52H.jpg
train_100k_indoor_0042_jpg.rf.FxEmcb3H1sxSSzemG52H_light.jpg,/home/thaimq/CashVision/results_c2/fold_1/val_augmented/images/train_100k_indoor_0042_jpg.rf.FxEmcb3H1sxSSzemG52H_light.jpg,/home/thaimq/CashVision/results_c2/fold_1/val_augmented/labels/train_100k_indoor_0042_jpg.rf.FxEmcb3H1sxSSzemG52H_light.txt,100000,light_aug,false,light_pair,train_100k_indoor_0042_jpg.rf.FxEmcb3H1sxSSzemG52H,/home/thaimq/CashVision/results/protocol_a_kfold/fold_2/train/images/train_100k_indoor_0042_jpg.rf.FxEmcb3H1sxSSzemG52H.jpg
train_100k_indoor_0042_jpg.rf.FxEmcb3H1sxSSzemG52H_dark.jpg,/home/thaimq/CashVision/results_c2/fold_1/val_augmented/images/train_100k_indoor_0042_jpg.rf.FxEmcb3H1sxSSzemG52H_dark.jpg,/home/thaimq/CashVision/results_c2/fold_1/val_augmented/labels/train_100k_indoor_0042_jpg.rf.FxEmcb3H1sxSSzemG52H_dark.txt,100000,dark_aug,false,dark_pair,train_100k_indoor_0042_jpg.rf.FxEmcb3H1sxSSzemG52H,/home/thaimq/CashVision/results/protocol_a_kfold/fold_2/train/images/train_100k_indoor_0042_jpg.rf.FxEmcb3H1sxSSzemG52H.jpg
train_100k_indoor_0042_jpg.rf.FxEmcb3H1sxSSzemG52H_local.jpg,/home/thaimq/CashVision/results_c2/fold_1/val_augmented/images/train_100k_indoor_0042_jpg.rf.FxEmcb3H1sxSSzemG52H_local.jpg,/home/thaimq/CashVision/results_c2/fold_1/val_augmented/labels/train_100k_indoor_0042_jpg.rf.FxEmcb3H1sxSSzemG52H_local.txt,100000,local_aug,false,local_only,train_100k_indoor_0042_jpg.rf.FxEmcb3H1sxSSzemG52H,/home/thaimq/CashVision/results/protocol_a_kfold/fold_2/train/images/train_100k_indoor_0042_jpg.rf.FxEmcb3H1sxSSzemG52H.jpg
train_200k_indoor_0042_jpg.rf.NrNJUlQpFPpDVdjBMFl9.jpg,/home/thaimq/CashVision/results/protocol_a_kfold/fold_2/train/images/train_200k_indoor_0042_jpg.rf.NrNJUlQpFPpDVdjBMFl9.jpg,/home/thaimq/CashVision/results/protocol_a_kfold/fold_2/train/labels/train_200k_indoor_0042_jpg.rf.NrNJUlQpFPpDVdjBMFl9.txt,200000,indoor,false,original,train_200k_indoor_0042_jpg.rf.NrNJUlQpFPpDVdjBMFl9,/home/thaimq/CashVision/results/protocol_a_kfold/fold_2/train/images/train_200k_indoor_0042_jpg.rf.NrNJUlQpFPpDVdjBMFl9.jpg
train_200k_indoor_0042_jpg.rf.NrNJUlQpFPpDVdjBMFl9_photo.jpg,/home/thaimq/CashVision/results_c2/fold_1/val_augmented/images/train_200k_indoor_0042_jpg.rf.NrNJUlQpFPpDVdjBMFl9_photo.jpg,/home/thaimq/CashVision/results_c2/fold_1/val_augmented/labels/train_200k_indoor_0042_jpg.rf.NrNJUlQpFPpDVdjBMFl9_photo.txt,200000,indoor,false,photometric,train_200k_indoor_0042_jpg.rf.NrNJUlQpFPpDVdjBMFl9,/home/thaimq/CashVision/results/protocol_a_kfold/fold_2/train/images/train_200k_indoor_0042_jpg.rf.NrNJUlQpFPpDVdjBMFl9.jpg
train_200k_indoor_0042_jpg.rf.NrNJUlQpFPpDVdjBMFl9_light.jpg,/home/thaimq/CashVision/results_c2/fold_1/val_augmented/images/train_200k_indoor_0042_jpg.rf.NrNJUlQpFPpDVdjBMFl9_light.jpg,/home/thaimq/CashVision/results_c2/fold_1/val_augmented/labels/train_200k_indoor_0042_jpg.rf.NrNJUlQpFPpDVdjBMFl9_light.txt,200000,light_aug,false,light_pair,train_200k_indoor_0042_jpg.rf.NrNJUlQpFPpDVdjBMFl9,/home/thaimq/CashVision/results/protocol_a_kfold/fold_2/train/images/train_200k_indoor_0042_jpg.rf.NrNJUlQpFPpDVdjBMFl9.jpg
train_200k_indoor_0042_jpg.rf.NrNJUlQpFPpDVdjBMFl9_dark.jpg,/home/thaimq/CashVision/results_c2/fold_1/val_augmented/images/train_200k_indoor_0042_jpg.rf.NrNJUlQpFPpDVdjBMFl9_dark.jpg,/home/thaimq/CashVision/results_c2/fold_1/val_augmented/labels/train_200k_indoor_0042_jpg.rf.NrNJUlQpFPpDVdjBMFl9_dark.txt,200000,dark_aug,false,dark_pair,train_200k_indoor_0042_jpg.rf.NrNJUlQpFPpDVdjBMFl9,/home/thaimq/CashVision/results/protocol_a_kfold/fold_2/train/images/train_200k_indoor_0042_jpg.rf.NrNJUlQpFPpDVdjBMFl9.jpg
train_200k_indoor_0042_jpg.rf.NrNJUlQpFPpDVdjBMFl9_local.jpg,/home/thaimq/CashVision/results_c2/fold_1/val_augmented/images/train_200k_indoor_0042_jpg.rf.NrNJUlQpFPpDVdjBMFl9_local.jpg,/home/thaimq/CashVision/results_c2/fold_1/val_augmented/labels/train_200k_indoor_0042_jpg.rf.NrNJUlQpFPpDVdjBMFl9_local.txt,200000,local_aug,false,local_only,train_200k_indoor_0042_jpg.rf.NrNJUlQpFPpDVdjBMFl9,/home/thaimq/CashVision/results/protocol_a_kfold/fold_2/train/images/train_200k_indoor_0042_jpg.rf.NrNJUlQpFPpDVdjBMFl9.jpg
train_500k_indoor_0040_jpg.rf.xbe1JpxB7PWUzD7BMwRZ.jpg,/home/thaimq/CashVision/results/protocol_a_kfold/fold_2/train/images/train_500k_indoor_0040_jpg.rf.xbe1JpxB7PWUzD7BMwRZ.jpg,/home/thaimq/CashVision/results/protocol_a_kfold/fold_2/train/labels/train_500k_indoor_0040_jpg.rf.xbe1JpxB7PWUzD7BMwRZ.txt,500000,indoor,false,original,train_500k_indoor_0040_jpg.rf.xbe1JpxB7PWUzD7BMwRZ,/home/thaimq/CashVision/results/protocol_a_kfold/fold_2/train/images/train_500k_indoor_0040_jpg.rf.xbe1JpxB7PWUzD7BMwRZ.jpg
train_500k_indoor_0040_jpg.rf.xbe1JpxB7PWUzD7BMwRZ_photo.jpg,/home/thaimq/CashVision/results_c2/fold_1/val_augmented/images/train_500k_indoor_0040_jpg.rf.xbe1JpxB7PWUzD7BMwRZ_photo.jpg,/home/thaimq/CashVision/results_c2/fold_1/val_augmented/labels/train_500k_indoor_0040_jpg.rf.xbe1JpxB7PWUzD7BMwRZ_photo.txt,500000,indoor,false,photometric,train_500k_indoor_0040_jpg.rf.xbe1JpxB7PWUzD7BMwRZ,/home/thaimq/CashVision/results/protocol_a_kfold/fold_2/train/images/train_500k_indoor_0040_jpg.rf.xbe1JpxB7PWUzD7BMwRZ.jpg
train_500k_indoor_0040_jpg.rf.xbe1JpxB7PWUzD7BMwRZ_light.jpg,/home/thaimq/CashVision/results_c2/fold_1/val_augmented/images/train_500k_indoor_0040_jpg.rf.xbe1JpxB7PWUzD7BMwRZ_light.jpg,/home/thaimq/CashVision/results_c2/fold_1/val_augmented/labels/train_500k_indoor_0040_jpg.rf.xbe1JpxB7PWUzD7BMwRZ_light.txt,500000,light_aug,false,light_pair,train_500k_indoor_0040_jpg.rf.xbe1JpxB7PWUzD7BMwRZ,/home/thaimq/CashVision/results/protocol_a_kfold/fold_2/train/images/train_500k_indoor_0040_jpg.rf.xbe1JpxB7PWUzD7BMwRZ.jpg
train_500k_indoor_0040_jpg.rf.xbe1JpxB7PWUzD7BMwRZ_dark.jpg,/home/thaimq/CashVision/results_c2/fold_1/val_augmented/images/train_500k_indoor_0040_jpg.rf.xbe1JpxB7PWUzD7BMwRZ_dark.jpg,/home/thaimq/CashVision/results_c2/fold_1/val_augmented/labels/train_500k_indoor_0040_jpg.rf.xbe1JpxB7PWUzD7BMwRZ_dark.txt,500000,dark_aug,false,dark_pair,train_500k_indoor_0040_jpg.rf.xbe1JpxB7PWUzD7BMwRZ,/home/thaimq/CashVision/results/protocol_a_kfold/fold_2/train/images/train_500k_indoor_0040_jpg.rf.xbe1JpxB7PWUzD7BMwRZ.jpg
train_500k_indoor_0040_jpg.rf.xbe1JpxB7PWUzD7BMwRZ_local.jpg,/home/thaimq/CashVision/results_c2/fold_1/val_augmented/images/train_500k_indoor_0040_jpg.rf.xbe1JpxB7PWUzD7BMwRZ_local.jpg,/home/thaimq/CashVision/results_c2/fold_1/val_augmented/labels/train_500k_indoor_0040_jpg.rf.xbe1JpxB7PWUzD7BMwRZ_local.txt,500000,local_aug,false,local_only,train_500k_indoor_0040_jpg.rf.xbe1JpxB7PWUzD7BMwRZ,/home/thaimq/CashVision/results/protocol_a_kfold/fold_2/train/images/train_500k_indoor_0040_jpg.rf.xbe1JpxB7PWUzD7BMwRZ.jpg
train_200k_indoor_0005_jpg.rf.2tS2Awum6oOjrccxksTH.jpg,/home/thaimq/CashVision/results/protocol_a_kfold/fold_2/val_indoor/images/train_200k_indoor_0005_jpg.rf.2tS2Awum6oOjrccxksTH.jpg,/home/thaimq/CashVision/results/protocol_a_kfold/fold_2/val_indoor/labels/train_200k_indoor_0005_jpg.rf.2tS2Awum6oOjrccxksTH.txt,200000,indoor,false,original,train_200k_indoor_0005_jpg.rf.2tS2Awum6oOjrccxksTH,/home/thaimq/CashVision/results/protocol_a_kfold/fold_2/val_indoor/images/train_200k_indoor_0005_jpg.rf.2tS2Awum6oOjrccxksTH.jpg
train_200k_indoor_0005_jpg.rf.2tS2Awum6oOjrccxksTH_photo.jpg,/home/thaimq/CashVision/results_c2/fold_1/val_augmented/images/train_200k_indoor_0005_jpg.rf.2tS2Awum6oOjrccxksTH_photo.jpg,/home/thaimq/CashVision/results_c2/fold_1/val_augmented/labels/train_200k_indoor_0005_jpg.rf.2tS2Awum6oOjrccxksTH_photo.txt,200000,indoor,false,photometric,train_200k_indoor_0005_jpg.rf.2tS2Awum6oOjrccxksTH,/home/thaimq/CashVision/results/protocol_a_kfold/fold_2/val_indoor/images/train_200k_indoor_0005_jpg.rf.2tS2Awum6oOjrccxksTH.jpg
train_200k_indoor_0005_jpg.rf.2tS2Awum6oOjrccxksTH_light.jpg,/home/thaimq/CashVision/results_c2/fold_1/val_augmented/images/train_200k_indoor_0005_jpg.rf.2tS2Awum6oOjrccxksTH_light.jpg,/home/thaimq/CashVision/results_c2/fold_1/val_augmented/labels/train_200k_indoor_0005_jpg.rf.2tS2Awum6oOjrccxksTH_light.txt,200000,light_aug,false,light_pair,train_200k_indoor_0005_jpg.rf.2tS2Awum6oOjrccxksTH,/home/thaimq/CashVision/results/protocol_a_kfold/fold_2/val_indoor/images/train_200k_indoor_0005_jpg.rf.2tS2Awum6oOjrccxksTH.jpg
train_200k_indoor_0005_jpg.rf.2tS2Awum6oOjrccxksTH_dark.jpg,/home/thaimq/CashVision/results_c2/fold_1/val_augmented/images/train_200k_indoor_0005_jpg.rf.2tS2Awum6oOjrccxksTH_dark.jpg,/home/thaimq/CashVision/results_c2/fold_1/val_augmented/labels/train_200k_indoor_0005_jpg.rf.2tS2Awum6oOjrccxksTH_dark.txt,200000,dark_aug,false,dark_pair,train_200k_indoor_0005_jpg.rf.2tS2Awum6oOjrccxksTH,/home/thaimq/CashVision/results/protocol_a_kfold/fold_2/val_indoor/images/train_200k_indoor_0005_jpg.rf.2tS2Awum6oOjrccxksTH.jpg
train_200k_indoor_0005_jpg.rf.2tS2Awum6oOjrccxksTH_local.jpg,/home/thaimq/CashVision/results_c2/fold_1/val_augmented/images/train_200k_indoor_0005_jpg.rf.2tS2Awum6oOjrccxksTH_local.jpg,/home/thaimq/CashVision/results_c2/fold_1/val_augmented/labels/train_200k_indoor_0005_jpg.rf.2tS2Awum6oOjrccxksTH_local.txt,200000,local_aug,false,local_only,train_200k_indoor_0005_jpg.rf.2tS2Awum6oOjrccxksTH,/home/thaimq/CashVision/results/protocol_a_kfold/fold_2/val_indoor/images/train_200k_indoor_0005_jpg.rf.2tS2Awum6oOjrccxksTH.jpg
train_20k_indoor_0044_jpg.rf.qHZ561Yi3xYwCKL3kulX.jpg,/home/thaimq/CashVision/results/protocol_a_kfold/fold_2/val_indoor/images/train_20k_indoor_0044_jpg.rf.qHZ561Yi3xYwCKL3kulX.jpg,/home/thaimq/CashVision/results/protocol_a_kfold/fold_2/val_indoor/labels/train_20k_indoor_0044_jpg.rf.qHZ561Yi3xYwCKL3kulX.txt,20000,indoor,false,original,train_20k_indoor_0044_jpg.rf.qHZ561Yi3xYwCKL3kulX,/home/thaimq/CashVision/results/protocol_a_kfold/fold_2/val_indoor/images/train_20k_indoor_0044_jpg.rf.qHZ561Yi3xYwCKL3kulX.jpg
train_20k_indoor_0044_jpg.rf.qHZ561Yi3xYwCKL3kulX_photo.jpg,/home/thaimq/CashVision/results_c2/fold_1/val_augmented/images/train_20k_indoor_0044_jpg.rf.qHZ561Yi3xYwCKL3kulX_photo.jpg,/home/thaimq/CashVision/results_c2/fold_1/val_augmented/labels/train_20k_indoor_0044_jpg.rf.qHZ561Yi3xYwCKL3kulX_photo.txt,20000,indoor,false,photometric,train_20k_indoor_0044_jpg.rf.qHZ561Yi3xYwCKL3kulX,/home/thaimq/CashVision/results/protocol_a_kfold/fold_2/val_indoor/images/train_20k_indoor_0044_jpg.rf.qHZ561Yi3xYwCKL3kulX.jpg
train_20k_indoor_0044_jpg.rf.qHZ561Yi3xYwCKL3kulX_light.jpg,/home/thaimq/CashVision/results_c2/fold_1/val_augmented/images/train_20k_indoor_0044_jpg.rf.qHZ561Yi3xYwCKL3kulX_light.jpg,/home/thaimq/CashVision/results_c2/fold_1/val_augmented/labels/train_20k_indoor_0044_jpg.rf.qHZ561Yi3xYwCKL3kulX_light.txt,20000,light_aug,false,light_pair,train_20k_indoor_0044_jpg.rf.qHZ561Yi3xYwCKL3kulX,/home/thaimq/CashVision/results/protocol_a_kfold/fold_2/val_indoor/images/train_20k_indoor_0044_jpg.rf.qHZ561Yi3xYwCKL3kulX.jpg
train_20k_indoor_0044_jpg.rf.qHZ561Yi3xYwCKL3kulX_dark.jpg,/home/thaimq/CashVision/results_c2/fold_1/val_augmented/images/train_20k_indoor_0044_jpg.rf.qHZ561Yi3xYwCKL3kulX_dark.jpg,/home/thaimq/CashVision/results_c2/fold_1/val_augmented/labels/train_20k_indoor_0044_jpg.rf.qHZ561Yi3xYwCKL3kulX_dark.txt,20000,dark_aug,false,dark_pair,train_20k_indoor_0044_jpg.rf.qHZ561Yi3xYwCKL3kulX,/home/thaimq/CashVision/results/protocol_a_kfold/fold_2/val_indoor/images/train_20k_indoor_0044_jpg.rf.qHZ561Yi3xYwCKL3kulX.jpg
train_20k_indoor_0044_jpg.rf.qHZ561Yi3xYwCKL3kulX_local.jpg,/home/thaimq/CashVision/results_c2/fold_1/val_augmented/images/train_20k_indoor_0044_jpg.rf.qHZ561Yi3xYwCKL3kulX_local.jpg,/home/thaimq/CashVision/results_c2/fold_1/val_augmented/labels/train_20k_indoor_0044_jpg.rf.qHZ561Yi3xYwCKL3kulX_local.txt,20000,local_aug,false,local_only,train_20k_indoor_0044_jpg.rf.qHZ561Yi3xYwCKL3kulX,/home/thaimq/CashVision/results/protocol_a_kfold/fold_2/val_indoor/images/train_20k_indoor_0044_jpg.rf.qHZ561Yi3xYwCKL3kulX.jpg
train_100k_indoor_0010_jpg.rf.u7o1f8ZXOUO8qvTcqFvS.jpg,/home/thaimq/CashVision/results/protocol_a_kfold/fold_2/train/images/train_100k_indoor_0010_jpg.rf.u7o1f8ZXOUO8qvTcqFvS.jpg,/home/thaimq/CashVision/results/protocol_a_kfold/fold_2/train/labels/train_100k_indoor_0010_jpg.rf.u7o1f8ZXOUO8qvTcqFvS.txt,100000,indoor,false,original,train_100k_indoor_0010_jpg.rf.u7o1f8ZXOUO8qvTcqFvS,/home/thaimq/CashVision/results/protocol_a_kfold/fold_2/train/images/train_100k_indoor_0010_jpg.rf.u7o1f8ZXOUO8qvTcqFvS.jpg
train_100k_indoor_0010_jpg.rf.u7o1f8ZXOUO8qvTcqFvS_photo.jpg,/home/thaimq/CashVision/results_c2/fold_1/val_augmented/images/train_100k_indoor_0010_jpg.rf.u7o1f8ZXOUO8qvTcqFvS_photo.jpg,/home/thaimq/CashVision/results_c2/fold_1/val_augmented/labels/train_100k_indoor_0010_jpg.rf.u7o1f8ZXOUO8qvTcqFvS_photo.txt,100000,indoor,false,photometric,train_100k_indoor_0010_jpg.rf.u7o1f8ZXOUO8qvTcqFvS,/home/thaimq/CashVision/results/protocol_a_kfold/fold_2/train/images/train_100k_indoor_0010_jpg.rf.u7o1f8ZXOUO8qvTcqFvS.jpg
train_100k_indoor_0010_jpg.rf.u7o1f8ZXOUO8qvTcqFvS_light.jpg,/home/thaimq/CashVision/results_c2/fold_1/val_augmented/images/train_100k_indoor_0010_jpg.rf.u7o1f8ZXOUO8qvTcqFvS_light.jpg,/home/thaimq/CashVision/results_c2/fold_1/val_augmented/labels/train_100k_indoor_0010_jpg.rf.u7o1f8ZXOUO8qvTcqFvS_light.txt,100000,light_aug,false,light_pair,train_100k_indoor_0010_jpg.rf.u7o1f8ZXOUO8qvTcqFvS,/home/thaimq/CashVision/results/protocol_a_kfold/fold_2/train/images/train_100k_indoor_0010_jpg.rf.u7o1f8ZXOUO8qvTcqFvS.jpg
train_100k_indoor_0010_jpg.rf.u7o1f8ZXOUO8qvTcqFvS_dark.jpg,/home/thaimq/CashVision/results_c2/fold_1/val_augmented/images/train_100k_indoor_0010_jpg.rf.u7o1f8ZXOUO8qvTcqFvS_dark.jpg,/home/thaimq/CashVision/results_c2/fold_1/val_augmented/labels/train_100k_indoor_0010_jpg.rf.u7o1f8ZXOUO8qvTcqFvS_dark.txt,100000,dark_aug,false,dark_pair,train_100k_indoor_0010_jpg.rf.u7o1f8ZXOUO8qvTcqFvS,/home/thaimq/CashVision/results/protocol_a_kfold/fold_2/train/images/train_100k_indoor_0010_jpg.rf.u7o1f8ZXOUO8qvTcqFvS.jpg
train_100k_indoor_0010_jpg.rf.u7o1f8ZXOUO8qvTcqFvS_local.jpg,/home/thaimq/CashVision/results_c2/fold_1/val_augmented/images/train_100k_indoor_0010_jpg.rf.u7o1f8ZXOUO8qvTcqFvS_local.jpg,/home/thaimq/CashVision/results_c2/fold_1/val_augmented/labels/train_100k_indoor_0010_jpg.rf.u7o1f8ZXOUO8qvTcqFvS_local.txt,100000,local_aug,false,local_only,train_100k_indoor_0010_jpg.rf.u7o1f8ZXOUO8qvTcqFvS,/home/thaimq/CashVision/results/protocol_a_kfold/fold_2/train/images/train_100k_indoor_0010_jpg.rf.u7o1f8ZXOUO8qvTcqFvS.jpg
train_100k_indoor_0024_jpg.rf.v40jjCFnvpeT1qrUeGyD.jpg,/home/thaimq/CashVision/results/protocol_a_kfold/fold_2/train/images/train_100k_indoor_0024_jpg.rf.v40jjCFnvpeT1qrUeGyD.jpg,/home/thaimq/CashVision/results/protocol_a_kfold/fold_2/train/labels/train_100k_indoor_0024_jpg.rf.v40jjCFnvpeT1qrUeGyD.txt,100000,indoor,false,original,train_100k_indoor_0024_jpg.rf.v40jjCFnvpeT1qrUeGyD,/home/thaimq/CashVision/results/protocol_a_kfold/fold_2/train/images/train_100k_indoor_0024_jpg.rf.v40jjCFnvpeT1qrUeGyD.jpg
train_100k_indoor_0024_jpg.rf.v40jjCFnvpeT1qrUeGyD_photo.jpg,/home/thaimq/CashVision/results_c2/fold_1/val_augmented/images/train_100k_indoor_0024_jpg.rf.v40jjCFnvpeT1qrUeGyD_photo.jpg,/home/thaimq/CashVision/results_c2/fold_1/val_augmented/labels/train_100k_indoor_0024_jpg.rf.v40jjCFnvpeT1qrUeGyD_photo.txt,100000,indoor,false,photometric,train_100k_indoor_0024_jpg.rf.v40jjCFnvpeT1qrUeGyD,/home/thaimq/CashVision/results/protocol_a_kfold/fold_2/train/images/train_100k_indoor_0024_jpg.rf.v40jjCFnvpeT1qrUeGyD.jpg
train_100k_indoor_0024_jpg.rf.v40jjCFnvpeT1qrUeGyD_light.jpg,/home/thaimq/CashVision/results_c2/fold_1/val_augmented/images/train_100k_indoor_0024_jpg.rf.v40jjCFnvpeT1qrUeGyD_light.jpg,/home/thaimq/CashVision/results_c2/fold_1/val_augmented/labels/train_100k_indoor_0024_jpg.rf.v40jjCFnvpeT1qrUeGyD_light.txt,100000,light_aug,false,light_pair,train_100k_indoor_0024_jpg.rf.v40jjCFnvpeT1qrUeGyD,/home/thaimq/CashVision/results/protocol_a_kfold/fold_2/train/images/train_100k_indoor_0024_jpg.rf.v40jjCFnvpeT1qrUeGyD.jpg
train_100k_indoor_0024_jpg.rf.v40jjCFnvpeT1qrUeGyD_dark.jpg,/home/thaimq/CashVision/results_c2/fold_1/val_augmented/images/train_100k_indoor_0024_jpg.rf.v40jjCFnvpeT1qrUeGyD_dark.jpg,/home/thaimq/CashVision/results_c2/fold_1/val_augmented/labels/train_100k_indoor_0024_jpg.rf.v40jjCFnvpeT1qrUeGyD_dark.txt,100000,dark_aug,false,dark_pair,train_100k_indoor_0024_jpg.rf.v40jjCFnvpeT1qrUeGyD,/home/thaimq/CashVision/results/protocol_a_kfold/fold_2/train/images/train_100k_indoor_0024_jpg.rf.v40jjCFnvpeT1qrUeGyD.jpg
train_100k_indoor_0024_jpg.rf.v40jjCFnvpeT1qrUeGyD_local.jpg,/home/thaimq/CashVision/results_c2/fold_1/val_augmented/images/train_100k_indoor_0024_jpg.rf.v40jjCFnvpeT1qrUeGyD_local.jpg,/home/thaimq/CashVision/results_c2/fold_1/val_augmented/labels/train_100k_indoor_0024_jpg.rf.v40jjCFnvpeT1qrUeGyD_local.txt,100000,local_aug,false,local_only,train_100k_indoor_0024_jpg.rf.v40jjCFnvpeT1qrUeGyD,/home/thaimq/CashVision/results/protocol_a_kfold/fold_2/train/images/train_100k_indoor_0024_jpg.rf.v40jjCFnvpeT1qrUeGyD.jpg
train_50k_torn_clean_0024_jpg.rf.vSxeOq1w10alAFPhHwOs.jpg,/home/thaimq/CashVision/results/protocol_a_kfold/fold_2/train/images/train_50k_torn_clean_0024_jpg.rf.vSxeOq1w10alAFPhHwOs.jpg,/home/thaimq/CashVision/results/protocol_a_kfold/fold_2/train/labels/train_50k_torn_clean_0024_jpg.rf.vSxeOq1w10alAFPhHwOs.txt,50000,torn_clean,true,original,train_50k_torn_clean_0024_jpg.rf.vSxeOq1w10alAFPhHwOs,/home/thaimq/CashVision/results/protocol_a_kfold/fold_2/train/images/train_50k_torn_clean_0024_jpg.rf.vSxeOq1w10alAFPhHwOs.jpg
train_50k_torn_clean_0024_jpg.rf.vSxeOq1w10alAFPhHwOs_photo.jpg,/home/thaimq/CashVision/results_c2/fold_1/val_augmented/images/train_50k_torn_clean_0024_jpg.rf.vSxeOq1w10alAFPhHwOs_photo.jpg,/home/thaimq/CashVision/results_c2/fold_1/val_augmented/labels/train_50k_torn_clean_0024_jpg.rf.vSxeOq1w10alAFPhHwOs_photo.txt,50000,torn_clean,true,photometric,train_50k_torn_clean_0024_jpg.rf.vSxeOq1w10alAFPhHwOs,/home/thaimq/CashVision/results/protocol_a_kfold/fold_2/train/images/train_50k_torn_clean_0024_jpg.rf.vSxeOq1w10alAFPhHwOs.jpg
train_50k_torn_clean_0024_jpg.rf.vSxeOq1w10alAFPhHwOs_light.jpg,/home/thaimq/CashVision/results_c2/fold_1/val_augmented/images/train_50k_torn_clean_0024_jpg.rf.vSxeOq1w10alAFPhHwOs_light.jpg,/home/thaimq/CashVision/results_c2/fold_1/val_augmented/labels/train_50k_torn_clean_0024_jpg.rf.vSxeOq1w10alAFPhHwOs_light.txt,50000,light_aug,true,light_pair,train_50k_torn_clean_0024_jpg.rf.vSxeOq1w10alAFPhHwOs,/home/thaimq/CashVision/results/protocol_a_kfold/fold_2/train/images/train_50k_torn_clean_0024_jpg.rf.vSxeOq1w10alAFPhHwOs.jpg
train_50k_torn_clean_0024_jpg.rf.vSxeOq1w10alAFPhHwOs_dark.jpg,/home/thaimq/CashVision/results_c2/fold_1/val_augmented/images/train_50k_torn_clean_0024_jpg.rf.vSxeOq1w10alAFPhHwOs_dark.jpg,/home/thaimq/CashVision/results_c2/fold_1/val_augmented/labels/train_50k_torn_clean_0024_jpg.rf.vSxeOq1w10alAFPhHwOs_dark.txt,50000,dark_aug,true,dark_pair,train_50k_torn_clean_0024_jpg.rf.vSxeOq1w10alAFPhHwOs,/home/thaimq/CashVision/results/protocol_a_kfold/fold_2/train/images/train_50k_torn_clean_0024_jpg.rf.vSxeOq1w10alAFPhHwOs.jpg
train_50k_torn_clean_0024_jpg.rf.vSxeOq1w10alAFPhHwOs_local.jpg,/home/thaimq/CashVision/results_c2/fold_1/val_augmented/images/train_50k_torn_clean_0024_jpg.rf.vSxeOq1w10alAFPhHwOs_local.jpg,/home/thaimq/CashVision/results_c2/fold_1/val_augmented/labels/train_50k_torn_clean_0024_jpg.rf.vSxeOq1w10alAFPhHwOs_local.txt,50000,local_aug,true,local_only,train_50k_torn_clean_0024_jpg.rf.vSxeOq1w10alAFPhHwOs,/home/thaimq/CashVision/results/protocol_a_kfold/fold_2/train/images/train_50k_torn_clean_0024_jpg.rf.vSxeOq1w10alAFPhHwOs.jpg
train_10k_indoor_0024_jpg.rf.tQym1s2ACUCFkvOKEByu.jpg,/home/thaimq/CashVision/results/protocol_a_kfold/fold_2/train/images/train_10k_indoor_0024_jpg.rf.tQym1s2ACUCFkvOKEByu.jpg,/home/thaimq/CashVision/results/protocol_a_kfold/fold_2/train/labels/train_10k_indoor_0024_jpg.rf.tQym1s2ACUCFkvOKEByu.txt,10000,indoor,false,original,train_10k_indoor_0024_jpg.rf.tQym1s2ACUCFkvOKEByu,/home/thaimq/CashVision/results/protocol_a_kfold/fold_2/train/images/train_10k_indoor_0024_jpg.rf.tQym1s2ACUCFkvOKEByu.jpg
train_10k_indoor_0024_jpg.rf.tQym1s2ACUCFkvOKEByu_photo.jpg,/home/thaimq/CashVision/results_c2/fold_1/val_augmented/images/train_10k_indoor_0024_jpg.rf.tQym1s2ACUCFkvOKEByu_photo.jpg,/home/thaimq/CashVision/results_c2/fold_1/val_augmented/labels/train_10k_indoor_0024_jpg.rf.tQym1s2ACUCFkvOKEByu_photo.txt,10000,indoor,false,photometric,train_10k_indoor_0024_jpg.rf.tQym1s2ACUCFkvOKEByu,/home/thaimq/CashVision/results/protocol_a_kfold/fold_2/train/images/train_10k_indoor_0024_jpg.rf.tQym1s2ACUCFkvOKEByu.jpg
train_10k_indoor_0024_jpg.rf.tQym1s2ACUCFkvOKEByu_light.jpg,/home/thaimq/CashVision/results_c2/fold_1/val_augmented/images/train_10k_indoor_0024_jpg.rf.tQym1s2ACUCFkvOKEByu_light.jpg,/home/thaimq/CashVision/results_c2/fold_1/val_augmented/labels/train_10k_indoor_0024_jpg.rf.tQym1s2ACUCFkvOKEByu_light.txt,10000,light_aug,false,light_pair,train_10k_indoor_0024_jpg.rf.tQym1s2ACUCFkvOKEByu,/home/thaimq/CashVision/results/protocol_a_kfold/fold_2/train/images/train_10k_indoor_0024_jpg.rf.tQym1s2ACUCFkvOKEByu.jpg
train_10k_indoor_0024_jpg.rf.tQym1s2ACUCFkvOKEByu_dark.jpg,/home/thaimq/CashVision/results_c2/fold_1/val_augmented/images/train_10k_indoor_0024_jpg.rf.tQym1s2ACUCFkvOKEByu_dark.jpg,/home/thaimq/CashVision/results_c2/fold_1/val_augmented/labels/train_10k_indoor_0024_jpg.rf.tQym1s2ACUCFkvOKEByu_dark.txt,10000,dark_aug,false,dark_pair,train_10k_indoor_0024_jpg.rf.tQym1s2ACUCFkvOKEByu,/home/thaimq/CashVision/results/protocol_a_kfold/fold_2/train/images/train_10k_indoor_0024_jpg.rf.tQym1s2ACUCFkvOKEByu.jpg
train_10k_indoor_0024_jpg.rf.tQym1s2ACUCFkvOKEByu_local.jpg,/home/thaimq/CashVision/results_c2/fold_1/val_augmented/images/train_10k_indoor_0024_jpg.rf.tQym1s2ACUCFkvOKEByu_local.jpg,/home/thaimq/CashVision/results_c2/fold_1/val_augmented/labels/train_10k_indoor_0024_jpg.rf.tQym1s2ACUCFkvOKEByu_local.txt,10000,local_aug,false,local_only,train_10k_indoor_0024_jpg.rf.tQym1s2ACUCFkvOKEByu,/home/thaimq/CashVision/results/protocol_a_kfold/fold_2/train/images/train_10k_indoor_0024_jpg.rf.tQym1s2ACUCFkvOKEByu.jpg
train_100k_torn_clean_0025_jpg.rf.2JGNzhjxkE6bYsy1saeM.jpg,/home/thaimq/CashVision/results/protocol_a_kfold/fold_2/val_indoor/images/train_100k_torn_clean_0025_jpg.rf.2JGNzhjxkE6bYsy1saeM.jpg,/home/thaimq/CashVision/results/protocol_a_kfold/fold_2/val_indoor/labels/train_100k_torn_clean_0025_jpg.rf.2JGNzhjxkE6bYsy1saeM.txt,100000,torn_clean,true,original,train_100k_torn_clean_0025_jpg.rf.2JGNzhjxkE6bYsy1saeM,/home/thaimq/CashVision/results/protocol_a_kfold/fold_2/val_indoor/images/train_100k_torn_clean_0025_jpg.rf.2JGNzhjxkE6bYsy1saeM.jpg
train_100k_torn_clean_0025_jpg.rf.2JGNzhjxkE6bYsy1saeM_photo.jpg,/home/thaimq/CashVision/results_c2/fold_1/val_augmented/images/train_100k_torn_clean_0025_jpg.rf.2JGNzhjxkE6bYsy1saeM_photo.jpg,/home/thaimq/CashVision/results_c2/fold_1/val_augmented/labels/train_100k_torn_clean_0025_jpg.rf.2JGNzhjxkE6bYsy1saeM_photo.txt,100000,torn_clean,true,photometric,train_100k_torn_clean_0025_jpg.rf.2JGNzhjxkE6bYsy1saeM,/home/thaimq/CashVision/results/protocol_a_kfold/fold_2/val_indoor/images/train_100k_torn_clean_0025_jpg.rf.2JGNzhjxkE6bYsy1saeM.jpg
train_100k_torn_clean_0025_jpg.rf.2JGNzhjxkE6bYsy1saeM_light.jpg,/home/thaimq/CashVision/results_c2/fold_1/val_augmented/images/train_100k_torn_clean_0025_jpg.rf.2JGNzhjxkE6bYsy1saeM_light.jpg,/home/thaimq/CashVision/results_c2/fold_1/val_augmented/labels/train_100k_torn_clean_0025_jpg.rf.2JGNzhjxkE6bYsy1saeM_light.txt,100000,light_aug,true,light_pair,train_100k_torn_clean_0025_jpg.rf.2JGNzhjxkE6bYsy1saeM,/home/thaimq/CashVision/results/protocol_a_kfold/fold_2/val_indoor/images/train_100k_torn_clean_0025_jpg.rf.2JGNzhjxkE6bYsy1saeM.jpg
train_100k_torn_clean_0025_jpg.rf.2JGNzhjxkE6bYsy1saeM_dark.jpg,/home/thaimq/CashVision/results_c2/fold_1/val_augmented/images/train_100k_torn_clean_0025_jpg.rf.2JGNzhjxkE6bYsy1saeM_dark.jpg,/home/thaimq/CashVision/results_c2/fold_1/val_augmented/labels/train_100k_torn_clean_0025_jpg.rf.2JGNzhjxkE6bYsy1saeM_dark.txt,100000,dark_aug,true,dark_pair,train_100k_torn_clean_0025_jpg.rf.2JGNzhjxkE6bYsy1saeM,/home/thaimq/CashVision/results/protocol_a_kfold/fold_2/val_indoor/images/train_100k_torn_clean_0025_jpg.rf.2JGNzhjxkE6bYsy1saeM.jpg
train_100k_torn_clean_0025_jpg.rf.2JGNzhjxkE6bYsy1saeM_local.jpg,/home/thaimq/CashVision/results_c2/fold_1/val_augmented/images/train_100k_torn_clean_0025_jpg.rf.2JGNzhjxkE6bYsy1saeM_local.jpg,/home/thaimq/CashVision/results_c2/fold_1/val_augmented/labels/train_100k_torn_clean_0025_jpg.rf.2JGNzhjxkE6bYsy1saeM_local.txt,100000,local_aug,true,local_only,train_100k_torn_clean_0025_jpg.rf.2JGNzhjxkE6bYsy1saeM,/home/thaimq/CashVision/results/protocol_a_kfold/fold_2/val_indoor/images/train_100k_torn_clean_0025_jpg.rf.2JGNzhjxkE6bYsy1saeM.jpg
train_10k_indoor_0001_jpg.rf.cgZjHskp99raTdOdPu0b.jpg,/home/thaimq/CashVision/results/protocol_a_kfold/fold_2/train/images/train_10k_indoor_0001_jpg.rf.cgZjHskp99raTdOdPu0b.jpg,/home/thaimq/CashVision/results/protocol_a_kfold/fold_2/train/labels/train_10k_indoor_0001_jpg.rf.cgZjHskp99raTdOdPu0b.txt,10000,indoor,false,original,train_10k_indoor_0001_jpg.rf.cgZjHskp99raTdOdPu0b,/home/thaimq/CashVision/results/protocol_a_kfold/fold_2/train/images/train_10k_indoor_0001_jpg.rf.cgZjHskp99raTdOdPu0b.jpg
train_10k_indoor_0001_jpg.rf.cgZjHskp99raTdOdPu0b_photo.jpg,/home/thaimq/CashVision/results_c2/fold_1/val_augmented/images/train_10k_indoor_0001_jpg.rf.cgZjHskp99raTdOdPu0b_photo.jpg,/home/thaimq/CashVision/results_c2/fold_1/val_augmented/labels/train_10k_indoor_0001_jpg.rf.cgZjHskp99raTdOdPu0b_photo.txt,10000,indoor,false,photometric,train_10k_indoor_0001_jpg.rf.cgZjHskp99raTdOdPu0b,/home/thaimq/CashVision/results/protocol_a_kfold/fold_2/train/images/train_10k_indoor_0001_jpg.rf.cgZjHskp99raTdOdPu0b.jpg
train_10k_indoor_0001_jpg.rf.cgZjHskp99raTdOdPu0b_light.jpg,/home/thaimq/CashVision/results_c2/fold_1/val_augmented/images/train_10k_indoor_0001_jpg.rf.cgZjHskp99raTdOdPu0b_light.jpg,/home/thaimq/CashVision/results_c2/fold_1/val_augmented/labels/train_10k_indoor_0001_jpg.rf.cgZjHskp99raTdOdPu0b_light.txt,10000,light_aug,false,light_pair,train_10k_indoor_0001_jpg.rf.cgZjHskp99raTdOdPu0b,/home/thaimq/CashVision/results/protocol_a_kfold/fold_2/train/images/train_10k_indoor_0001_jpg.rf.cgZjHskp99raTdOdPu0b.jpg
train_10k_indoor_0001_jpg.rf.cgZjHskp99raTdOdPu0b_dark.jpg,/home/thaimq/CashVision/results_c2/fold_1/val_augmented/images/train_10k_indoor_0001_jpg.rf.cgZjHskp99raTdOdPu0b_dark.jpg,/home/thaimq/CashVision/results_c2/fold_1/val_augmented/labels/train_10k_indoor_0001_jpg.rf.cgZjHskp99raTdOdPu0b_dark.txt,10000,dark_aug,false,dark_pair,train_10k_indoor_0001_jpg.rf.cgZjHskp99raTdOdPu0b,/home/thaimq/CashVision/results/protocol_a_kfold/fold_2/train/images/train_10k_indoor_0001_jpg.rf.cgZjHskp99raTdOdPu0b.jpg
train_10k_indoor_0001_jpg.rf.cgZjHskp99raTdOdPu0b_local.jpg,/home/thaimq/CashVision/results_c2/fold_1/val_augmented/images/train_10k_indoor_0001_jpg.rf.cgZjHskp99raTdOdPu0b_local.jpg,/home/thaimq/CashVision/results_c2/fold_1/val_augmented/labels/train_10k_indoor_0001_jpg.rf.cgZjHskp99raTdOdPu0b_local.txt,10000,local_aug,false,local_only,train_10k_indoor_0001_jpg.rf.cgZjHskp99raTdOdPu0b,/home/thaimq/CashVision/results/protocol_a_kfold/fold_2/train/images/train_10k_indoor_0001_jpg.rf.cgZjHskp99raTdOdPu0b.jpg
train_20k_indoor_0006_jpg.rf.B1IwaRdE79Hh2OxvEwKE.jpg,/home/thaimq/CashVision/results/protocol_a_kfold/fold_2/train/images/train_20k_indoor_0006_jpg.rf.B1IwaRdE79Hh2OxvEwKE.jpg,/home/thaimq/CashVision/results/protocol_a_kfold/fold_2/train/labels/train_20k_indoor_0006_jpg.rf.B1IwaRdE79Hh2OxvEwKE.txt,20000,indoor,false,original,train_20k_indoor_0006_jpg.rf.B1IwaRdE79Hh2OxvEwKE,/home/thaimq/CashVision/results/protocol_a_kfold/fold_2/train/images/train_20k_indoor_0006_jpg.rf.B1IwaRdE79Hh2OxvEwKE.jpg
train_20k_indoor_0006_jpg.rf.B1IwaRdE79Hh2OxvEwKE_photo.jpg,/home/thaimq/CashVision/results_c2/fold_1/val_augmented/images/train_20k_indoor_0006_jpg.rf.B1IwaRdE79Hh2OxvEwKE_photo.jpg,/home/thaimq/CashVision/results_c2/fold_1/val_augmented/labels/train_20k_indoor_0006_jpg.rf.B1IwaRdE79Hh2OxvEwKE_photo.txt,20000,indoor,false,photometric,train_20k_indoor_0006_jpg.rf.B1IwaRdE79Hh2OxvEwKE,/home/thaimq/CashVision/results/protocol_a_kfold/fold_2/train/images/train_20k_indoor_0006_jpg.rf.B1IwaRdE79Hh2OxvEwKE.jpg
train_20k_indoor_0006_jpg.rf.B1IwaRdE79Hh2OxvEwKE_light.jpg,/home/thaimq/CashVision/results_c2/fold_1/val_augmented/images/train_20k_indoor_0006_jpg.rf.B1IwaRdE79Hh2OxvEwKE_light.jpg,/home/thaimq/CashVision/results_c2/fold_1/val_augmented/labels/train_20k_indoor_0006_jpg.rf.B1IwaRdE79Hh2OxvEwKE_light.txt,20000,light_aug,false,light_pair,train_20k_indoor_0006_jpg.rf.B1IwaRdE79Hh2OxvEwKE,/home/thaimq/CashVision/results/protocol_a_kfold/fold_2/train/images/train_20k_indoor_0006_jpg.rf.B1IwaRdE79Hh2OxvEwKE.jpg
train_20k_indoor_0006_jpg.rf.B1IwaRdE79Hh2OxvEwKE_dark.jpg,/home/thaimq/CashVision/results_c2/fold_1/val_augmented/images/train_20k_indoor_0006_jpg.rf.B1IwaRdE79Hh2OxvEwKE_dark.jpg,/home/thaimq/CashVision/results_c2/fold_1/val_augmented/labels/train_20k_indoor_0006_jpg.rf.B1IwaRdE79Hh2OxvEwKE_dark.txt,20000,dark_aug,false,dark_pair,train_20k_indoor_0006_jpg.rf.B1IwaRdE79Hh2OxvEwKE,/home/thaimq/CashVision/results/protocol_a_kfold/fold_2/train/images/train_20k_indoor_0006_jpg.rf.B1IwaRdE79Hh2OxvEwKE.jpg
train_20k_indoor_0006_jpg.rf.B1IwaRdE79Hh2OxvEwKE_local.jpg,/home/thaimq/CashVision/results_c2/fold_1/val_augmented/images/train_20k_indoor_0006_jpg.rf.B1IwaRdE79Hh2OxvEwKE_local.jpg,/home/thaimq/CashVision/results_c2/fold_1/val_augmented/labels/train_20k_indoor_0006_jpg.rf.B1IwaRdE79Hh2OxvEwKE_local.txt,20000,local_aug,false,local_only,train_20k_indoor_0006_jpg.rf.B1IwaRdE79Hh2OxvEwKE,/home/thaimq/CashVision/results/protocol_a_kfold/fold_2/train/images/train_20k_indoor_0006_jpg.rf.B1IwaRdE79Hh2OxvEwKE.jpg
train_100k_indoor_0033_jpg.rf.cu0jCKRbHaWIUgybuVDt.jpg,/home/thaimq/CashVision/results/protocol_a_kfold/fold_2/train/images/train_100k_indoor_0033_jpg.rf.cu0jCKRbHaWIUgybuVDt.jpg,/home/thaimq/CashVision/results/protocol_a_kfold/fold_2/train/labels/train_100k_indoor_0033_jpg.rf.cu0jCKRbHaWIUgybuVDt.txt,100000,indoor,false,original,train_100k_indoor_0033_jpg.rf.cu0jCKRbHaWIUgybuVDt,/home/thaimq/CashVision/results/protocol_a_kfold/fold_2/train/images/train_100k_indoor_0033_jpg.rf.cu0jCKRbHaWIUgybuVDt.jpg
train_100k_indoor_0033_jpg.rf.cu0jCKRbHaWIUgybuVDt_photo.jpg,/home/thaimq/CashVision/results_c2/fold_1/val_augmented/images/train_100k_indoor_0033_jpg.rf.cu0jCKRbHaWIUgybuVDt_photo.jpg,/home/thaimq/CashVision/results_c2/fold_1/val_augmented/labels/train_100k_indoor_0033_jpg.rf.cu0jCKRbHaWIUgybuVDt_photo.txt,100000,indoor,false,photometric,train_100k_indoor_0033_jpg.rf.cu0jCKRbHaWIUgybuVDt,/home/thaimq/CashVision/results/protocol_a_kfold/fold_2/train/images/train_100k_indoor_0033_jpg.rf.cu0jCKRbHaWIUgybuVDt.jpg
train_100k_indoor_0033_jpg.rf.cu0jCKRbHaWIUgybuVDt_light.jpg,/home/thaimq/CashVision/results_c2/fold_1/val_augmented/images/train_100k_indoor_0033_jpg.rf.cu0jCKRbHaWIUgybuVDt_light.jpg,/home/thaimq/CashVision/results_c2/fold_1/val_augmented/labels/train_100k_indoor_0033_jpg.rf.cu0jCKRbHaWIUgybuVDt_light.txt,100000,light_aug,false,light_pair,train_100k_indoor_0033_jpg.rf.cu0jCKRbHaWIUgybuVDt,/home/thaimq/CashVision/results/protocol_a_kfold/fold_2/train/images/train_100k_indoor_0033_jpg.rf.cu0jCKRbHaWIUgybuVDt.jpg
train_100k_indoor_0033_jpg.rf.cu0jCKRbHaWIUgybuVDt_dark.jpg,/home/thaimq/CashVision/results_c2/fold_1/val_augmented/images/train_100k_indoor_0033_jpg.rf.cu0jCKRbHaWIUgybuVDt_dark.jpg,/home/thaimq/CashVision/results_c2/fold_1/val_augmented/labels/train_100k_indoor_0033_jpg.rf.cu0jCKRbHaWIUgybuVDt_dark.txt,100000,dark_aug,false,dark_pair,train_100k_indoor_0033_jpg.rf.cu0jCKRbHaWIUgybuVDt,/home/thaimq/CashVision/results/protocol_a_kfold/fold_2/train/images/train_100k_indoor_0033_jpg.rf.cu0jCKRbHaWIUgybuVDt.jpg
train_100k_indoor_0033_jpg.rf.cu0jCKRbHaWIUgybuVDt_local.jpg,/home/thaimq/CashVision/results_c2/fold_1/val_augmented/images/train_100k_indoor_0033_jpg.rf.cu0jCKRbHaWIUgybuVDt_local.jpg,/home/thaimq/CashVision/results_c2/fold_1/val_augmented/labels/train_100k_indoor_0033_jpg.rf.cu0jCKRbHaWIUgybuVDt_local.txt,100000,local_aug,false,local_only,train_100k_indoor_0033_jpg.rf.cu0jCKRbHaWIUgybuVDt,/home/thaimq/CashVision/results/protocol_a_kfold/fold_2/train/images/train_100k_indoor_0033_jpg.rf.cu0jCKRbHaWIUgybuVDt.jpg
train_100k_torn_clean_0003_jpg.rf.0HlQOA65lbG6NODoxhLo.jpg,/home/thaimq/CashVision/results/protocol_a_kfold/fold_2/train/images/train_100k_torn_clean_0003_jpg.rf.0HlQOA65lbG6NODoxhLo.jpg,/home/thaimq/CashVision/results/protocol_a_kfold/fold_2/train/labels/train_100k_torn_clean_0003_jpg.rf.0HlQOA65lbG6NODoxhLo.txt,100000,torn_clean,true,original,train_100k_torn_clean_0003_jpg.rf.0HlQOA65lbG6NODoxhLo,/home/thaimq/CashVision/results/protocol_a_kfold/fold_2/train/images/train_100k_torn_clean_0003_jpg.rf.0HlQOA65lbG6NODoxhLo.jpg
train_100k_torn_clean_0003_jpg.rf.0HlQOA65lbG6NODoxhLo_photo.jpg,/home/thaimq/CashVision/results_c2/fold_1/val_augmented/images/train_100k_torn_clean_0003_jpg.rf.0HlQOA65lbG6NODoxhLo_photo.jpg,/home/thaimq/CashVision/results_c2/fold_1/val_augmented/labels/train_100k_torn_clean_0003_jpg.rf.0HlQOA65lbG6NODoxhLo_photo.txt,100000,torn_clean,true,photometric,train_100k_torn_clean_0003_jpg.rf.0HlQOA65lbG6NODoxhLo,/home/thaimq/CashVision/results/protocol_a_kfold/fold_2/train/images/train_100k_torn_clean_0003_jpg.rf.0HlQOA65lbG6NODoxhLo.jpg
train_100k_torn_clean_0003_jpg.rf.0HlQOA65lbG6NODoxhLo_light.jpg,/home/thaimq/CashVision/results_c2/fold_1/val_augmented/images/train_100k_torn_clean_0003_jpg.rf.0HlQOA65lbG6NODoxhLo_light.jpg,/home/thaimq/CashVision/results_c2/fold_1/val_augmented/labels/train_100k_torn_clean_0003_jpg.rf.0HlQOA65lbG6NODoxhLo_light.txt,100000,light_aug,true,light_pair,train_100k_torn_clean_0003_jpg.rf.0HlQOA65lbG6NODoxhLo,/home/thaimq/CashVision/results/protocol_a_kfold/fold_2/train/images/train_100k_torn_clean_0003_jpg.rf.0HlQOA65lbG6NODoxhLo.jpg
train_100k_torn_clean_0003_jpg.rf.0HlQOA65lbG6NODoxhLo_dark.jpg,/home/thaimq/CashVision/results_c2/fold_1/val_augmented/images/train_100k_torn_clean_0003_jpg.rf.0HlQOA65lbG6NODoxhLo_dark.jpg,/home/thaimq/CashVision/results_c2/fold_1/val_augmented/labels/train_100k_torn_clean_0003_jpg.rf.0HlQOA65lbG6NODoxhLo_dark.txt,100000,dark_aug,true,dark_pair,train_100k_torn_clean_0003_jpg.rf.0HlQOA65lbG6NODoxhLo,/home/thaimq/CashVision/results/protocol_a_kfold/fold_2/train/images/train_100k_torn_clean_0003_jpg.rf.0HlQOA65lbG6NODoxhLo.jpg
train_100k_torn_clean_0003_jpg.rf.0HlQOA65lbG6NODoxhLo_local.jpg,/home/thaimq/CashVision/results_c2/fold_1/val_augmented/images/train_100k_torn_clean_0003_jpg.rf.0HlQOA65lbG6NODoxhLo_local.jpg,/home/thaimq/CashVision/results_c2/fold_1/val_augmented/labels/train_100k_torn_clean_0003_jpg.rf.0HlQOA65lbG6NODoxhLo_local.txt,100000,local_aug,true,local_only,train_100k_torn_clean_0003_jpg.rf.0HlQOA65lbG6NODoxhLo,/home/thaimq/CashVision/results/protocol_a_kfold/fold_2/train/images/train_100k_torn_clean_0003_jpg.rf.0HlQOA65lbG6NODoxhLo.jpg
train_50k_torn_clean_0012_jpg.rf.3tqo7uarNykddDS48Yaf.jpg,/home/thaimq/CashVision/results/protocol_a_kfold/fold_2/train/images/train_50k_torn_clean_0012_jpg.rf.3tqo7uarNykddDS48Yaf.jpg,/home/thaimq/CashVision/results/protocol_a_kfold/fold_2/train/labels/train_50k_torn_clean_0012_jpg.rf.3tqo7uarNykddDS48Yaf.txt,50000,torn_clean,true,original,train_50k_torn_clean_0012_jpg.rf.3tqo7uarNykddDS48Yaf,/home/thaimq/CashVision/results/protocol_a_kfold/fold_2/train/images/train_50k_torn_clean_0012_jpg.rf.3tqo7uarNykddDS48Yaf.jpg
train_50k_torn_clean_0012_jpg.rf.3tqo7uarNykddDS48Yaf_photo.jpg,/home/thaimq/CashVision/results_c2/fold_1/val_augmented/images/train_50k_torn_clean_0012_jpg.rf.3tqo7uarNykddDS48Yaf_photo.jpg,/home/thaimq/CashVision/results_c2/fold_1/val_augmented/labels/train_50k_torn_clean_0012_jpg.rf.3tqo7uarNykddDS48Yaf_photo.txt,50000,torn_clean,true,photometric,train_50k_torn_clean_0012_jpg.rf.3tqo7uarNykddDS48Yaf,/home/thaimq/CashVision/results/protocol_a_kfold/fold_2/train/images/train_50k_torn_clean_0012_jpg.rf.3tqo7uarNykddDS48Yaf.jpg
train_50k_torn_clean_0012_jpg.rf.3tqo7uarNykddDS48Yaf_light.jpg,/home/thaimq/CashVision/results_c2/fold_1/val_augmented/images/train_50k_torn_clean_0012_jpg.rf.3tqo7uarNykddDS48Yaf_light.jpg,/home/thaimq/CashVision/results_c2/fold_1/val_augmented/labels/train_50k_torn_clean_0012_jpg.rf.3tqo7uarNykddDS48Yaf_light.txt,50000,light_aug,true,light_pair,train_50k_torn_clean_0012_jpg.rf.3tqo7uarNykddDS48Yaf,/home/thaimq/CashVision/results/protocol_a_kfold/fold_2/train/images/train_50k_torn_clean_0012_jpg.rf.3tqo7uarNykddDS48Yaf.jpg
train_50k_torn_clean_0012_jpg.rf.3tqo7uarNykddDS48Yaf_dark.jpg,/home/thaimq/CashVision/results_c2/fold_1/val_augmented/images/train_50k_torn_clean_0012_jpg.rf.3tqo7uarNykddDS48Yaf_dark.jpg,/home/thaimq/CashVision/results_c2/fold_1/val_augmented/labels/train_50k_torn_clean_0012_jpg.rf.3tqo7uarNykddDS48Yaf_dark.txt,50000,dark_aug,true,dark_pair,train_50k_torn_clean_0012_jpg.rf.3tqo7uarNykddDS48Yaf,/home/thaimq/CashVision/results/protocol_a_kfold/fold_2/train/images/train_50k_torn_clean_0012_jpg.rf.3tqo7uarNykddDS48Yaf.jpg
train_50k_torn_clean_0012_jpg.rf.3tqo7uarNykddDS48Yaf_local.jpg,/home/thaimq/CashVision/results_c2/fold_1/val_augmented/images/train_50k_torn_clean_0012_jpg.rf.3tqo7uarNykddDS48Yaf_local.jpg,/home/thaimq/CashVision/results_c2/fold_1/val_augmented/labels/train_50k_torn_clean_0012_jpg.rf.3tqo7uarNykddDS48Yaf_local.txt,50000,local_aug,true,local_only,train_50k_torn_clean_0012_jpg.rf.3tqo7uarNykddDS48Yaf,/home/thaimq/CashVision/results/protocol_a_kfold/fold_2/train/images/train_50k_torn_clean_0012_jpg.rf.3tqo7uarNykddDS48Yaf.jpg
train_200k_indoor_0032_jpg.rf.fafKfLmakxlLIqsmXZVc.jpg,/home/thaimq/CashVision/results/protocol_a_kfold/fold_2/train/images/train_200k_indoor_0032_jpg.rf.fafKfLmakxlLIqsmXZVc.jpg,/home/thaimq/CashVision/results/protocol_a_kfold/fold_2/train/labels/train_200k_indoor_0032_jpg.rf.fafKfLmakxlLIqsmXZVc.txt,200000,indoor,false,original,train_200k_indoor_0032_jpg.rf.fafKfLmakxlLIqsmXZVc,/home/thaimq/CashVision/results/protocol_a_kfold/fold_2/train/images/train_200k_indoor_0032_jpg.rf.fafKfLmakxlLIqsmXZVc.jpg
train_200k_indoor_0032_jpg.rf.fafKfLmakxlLIqsmXZVc_photo.jpg,/home/thaimq/CashVision/results_c2/fold_1/val_augmented/images/train_200k_indoor_0032_jpg.rf.fafKfLmakxlLIqsmXZVc_photo.jpg,/home/thaimq/CashVision/results_c2/fold_1/val_augmented/labels/train_200k_indoor_0032_jpg.rf.fafKfLmakxlLIqsmXZVc_photo.txt,200000,indoor,false,photometric,train_200k_indoor_0032_jpg.rf.fafKfLmakxlLIqsmXZVc,/home/thaimq/CashVision/results/protocol_a_kfold/fold_2/train/images/train_200k_indoor_0032_jpg.rf.fafKfLmakxlLIqsmXZVc.jpg
train_200k_indoor_0032_jpg.rf.fafKfLmakxlLIqsmXZVc_light.jpg,/home/thaimq/CashVision/results_c2/fold_1/val_augmented/images/train_200k_indoor_0032_jpg.rf.fafKfLmakxlLIqsmXZVc_light.jpg,/home/thaimq/CashVision/results_c2/fold_1/val_augmented/labels/train_200k_indoor_0032_jpg.rf.fafKfLmakxlLIqsmXZVc_light.txt,200000,light_aug,false,light_pair,train_200k_indoor_0032_jpg.rf.fafKfLmakxlLIqsmXZVc,/home/thaimq/CashVision/results/protocol_a_kfold/fold_2/train/images/train_200k_indoor_0032_jpg.rf.fafKfLmakxlLIqsmXZVc.jpg
train_200k_indoor_0032_jpg.rf.fafKfLmakxlLIqsmXZVc_dark.jpg,/home/thaimq/CashVision/results_c2/fold_1/val_augmented/images/train_200k_indoor_0032_jpg.rf.fafKfLmakxlLIqsmXZVc_dark.jpg,/home/thaimq/CashVision/results_c2/fold_1/val_augmented/labels/train_200k_indoor_0032_jpg.rf.fafKfLmakxlLIqsmXZVc_dark.txt,200000,dark_aug,false,dark_pair,train_200k_indoor_0032_jpg.rf.fafKfLmakxlLIqsmXZVc,/home/thaimq/CashVision/results/protocol_a_kfold/fold_2/train/images/train_200k_indoor_0032_jpg.rf.fafKfLmakxlLIqsmXZVc.jpg
train_200k_indoor_0032_jpg.rf.fafKfLmakxlLIqsmXZVc_local.jpg,/home/thaimq/CashVision/results_c2/fold_1/val_augmented/images/train_200k_indoor_0032_jpg.rf.fafKfLmakxlLIqsmXZVc_local.jpg,/home/thaimq/CashVision/results_c2/fold_1/val_augmented/labels/train_200k_indoor_0032_jpg.rf.fafKfLmakxlLIqsmXZVc_local.txt,200000,local_aug,false,local_only,train_200k_indoor_0032_jpg.rf.fafKfLmakxlLIqsmXZVc,/home/thaimq/CashVision/results/protocol_a_kfold/fold_2/train/images/train_200k_indoor_0032_jpg.rf.fafKfLmakxlLIqsmXZVc.jpg
train_500k_torn_clean_0012_jpg.rf.JeXS9FulFsZfmhQkO3Di.jpg,/home/thaimq/CashVision/results/protocol_a_kfold/fold_2/train/images/train_500k_torn_clean_0012_jpg.rf.JeXS9FulFsZfmhQkO3Di.jpg,/home/thaimq/CashVision/results/protocol_a_kfold/fold_2/train/labels/train_500k_torn_clean_0012_jpg.rf.JeXS9FulFsZfmhQkO3Di.txt,500000,torn_clean,true,original,train_500k_torn_clean_0012_jpg.rf.JeXS9FulFsZfmhQkO3Di,/home/thaimq/CashVision/results/protocol_a_kfold/fold_2/train/images/train_500k_torn_clean_0012_jpg.rf.JeXS9FulFsZfmhQkO3Di.jpg
train_500k_torn_clean_0012_jpg.rf.JeXS9FulFsZfmhQkO3Di_photo.jpg,/home/thaimq/CashVision/results_c2/fold_1/val_augmented/images/train_500k_torn_clean_0012_jpg.rf.JeXS9FulFsZfmhQkO3Di_photo.jpg,/home/thaimq/CashVision/results_c2/fold_1/val_augmented/labels/train_500k_torn_clean_0012_jpg.rf.JeXS9FulFsZfmhQkO3Di_photo.txt,500000,torn_clean,true,photometric,train_500k_torn_clean_0012_jpg.rf.JeXS9FulFsZfmhQkO3Di,/home/thaimq/CashVision/results/protocol_a_kfold/fold_2/train/images/train_500k_torn_clean_0012_jpg.rf.JeXS9FulFsZfmhQkO3Di.jpg
train_500k_torn_clean_0012_jpg.rf.JeXS9FulFsZfmhQkO3Di_light.jpg,/home/thaimq/CashVision/results_c2/fold_1/val_augmented/images/train_500k_torn_clean_0012_jpg.rf.JeXS9FulFsZfmhQkO3Di_light.jpg,/home/thaimq/CashVision/results_c2/fold_1/val_augmented/labels/train_500k_torn_clean_0012_jpg.rf.JeXS9FulFsZfmhQkO3Di_light.txt,500000,light_aug,true,light_pair,train_500k_torn_clean_0012_jpg.rf.JeXS9FulFsZfmhQkO3Di,/home/thaimq/CashVision/results/protocol_a_kfold/fold_2/train/images/train_500k_torn_clean_0012_jpg.rf.JeXS9FulFsZfmhQkO3Di.jpg
train_500k_torn_clean_0012_jpg.rf.JeXS9FulFsZfmhQkO3Di_dark.jpg,/home/thaimq/CashVision/results_c2/fold_1/val_augmented/images/train_500k_torn_clean_0012_jpg.rf.JeXS9FulFsZfmhQkO3Di_dark.jpg,/home/thaimq/CashVision/results_c2/fold_1/val_augmented/labels/train_500k_torn_clean_0012_jpg.rf.JeXS9FulFsZfmhQkO3Di_dark.txt,500000,dark_aug,true,dark_pair,train_500k_torn_clean_0012_jpg.rf.JeXS9FulFsZfmhQkO3Di,/home/thaimq/CashVision/results/protocol_a_kfold/fold_2/train/images/train_500k_torn_clean_0012_jpg.rf.JeXS9FulFsZfmhQkO3Di.jpg
train_500k_torn_clean_0012_jpg.rf.JeXS9FulFsZfmhQkO3Di_local.jpg,/home/thaimq/CashVision/results_c2/fold_1/val_augmented/images/train_500k_torn_clean_0012_jpg.rf.JeXS9FulFsZfmhQkO3Di_local.jpg,/home/thaimq/CashVision/results_c2/fold_1/val_augmented/labels/train_500k_torn_clean_0012_jpg.rf.JeXS9FulFsZfmhQkO3Di_local.txt,500000,local_aug,true,local_only,train_500k_torn_clean_0012_jpg.rf.JeXS9FulFsZfmhQkO3Di,/home/thaimq/CashVision/results/protocol_a_kfold/fold_2/train/images/train_500k_torn_clean_0012_jpg.rf.JeXS9FulFsZfmhQkO3Di.jpg
train_50k_indoor_0011_jpg.rf.1RhMHw6oReeeuL245bTV.jpg,/home/thaimq/CashVision/results/protocol_a_kfold/fold_2/train/images/train_50k_indoor_0011_jpg.rf.1RhMHw6oReeeuL245bTV.jpg,/home/thaimq/CashVision/results/protocol_a_kfold/fold_2/train/labels/train_50k_indoor_0011_jpg.rf.1RhMHw6oReeeuL245bTV.txt,50000,indoor,false,original,train_50k_indoor_0011_jpg.rf.1RhMHw6oReeeuL245bTV,/home/thaimq/CashVision/results/protocol_a_kfold/fold_2/train/images/train_50k_indoor_0011_jpg.rf.1RhMHw6oReeeuL245bTV.jpg
train_50k_indoor_0011_jpg.rf.1RhMHw6oReeeuL245bTV_photo.jpg,/home/thaimq/CashVision/results_c2/fold_1/val_augmented/images/train_50k_indoor_0011_jpg.rf.1RhMHw6oReeeuL245bTV_photo.jpg,/home/thaimq/CashVision/results_c2/fold_1/val_augmented/labels/train_50k_indoor_0011_jpg.rf.1RhMHw6oReeeuL245bTV_photo.txt,50000,indoor,false,photometric,train_50k_indoor_0011_jpg.rf.1RhMHw6oReeeuL245bTV,/home/thaimq/CashVision/results/protocol_a_kfold/fold_2/train/images/train_50k_indoor_0011_jpg.rf.1RhMHw6oReeeuL245bTV.jpg
train_50k_indoor_0011_jpg.rf.1RhMHw6oReeeuL245bTV_light.jpg,/home/thaimq/CashVision/results_c2/fold_1/val_augmented/images/train_50k_indoor_0011_jpg.rf.1RhMHw6oReeeuL245bTV_light.jpg,/home/thaimq/CashVision/results_c2/fold_1/val_augmented/labels/train_50k_indoor_0011_jpg.rf.1RhMHw6oReeeuL245bTV_light.txt,50000,light_aug,false,light_pair,train_50k_indoor_0011_jpg.rf.1RhMHw6oReeeuL245bTV,/home/thaimq/CashVision/results/protocol_a_kfold/fold_2/train/images/train_50k_indoor_0011_jpg.rf.1RhMHw6oReeeuL245bTV.jpg
train_50k_indoor_0011_jpg.rf.1RhMHw6oReeeuL245bTV_dark.jpg,/home/thaimq/CashVision/results_c2/fold_1/val_augmented/images/train_50k_indoor_0011_jpg.rf.1RhMHw6oReeeuL245bTV_dark.jpg,/home/thaimq/CashVision/results_c2/fold_1/val_augmented/labels/train_50k_indoor_0011_jpg.rf.1RhMHw6oReeeuL245bTV_dark.txt,50000,dark_aug,false,dark_pair,train_50k_indoor_0011_jpg.rf.1RhMHw6oReeeuL245bTV,/home/thaimq/CashVision/results/protocol_a_kfold/fold_2/train/images/train_50k_indoor_0011_jpg.rf.1RhMHw6oReeeuL245bTV.jpg
train_50k_indoor_0011_jpg.rf.1RhMHw6oReeeuL245bTV_local.jpg,/home/thaimq/CashVision/results_c2/fold_1/val_augmented/images/train_50k_indoor_0011_jpg.rf.1RhMHw6oReeeuL245bTV_local.jpg,/home/thaimq/CashVision/results_c2/fold_1/val_augmented/labels/train_50k_indoor_0011_jpg.rf.1RhMHw6oReeeuL245bTV_local.txt,50000,local_aug,false,local_only,train_50k_indoor_0011_jpg.rf.1RhMHw6oReeeuL245bTV,/home/thaimq/CashVision/results/protocol_a_kfold/fold_2/train/images/train_50k_indoor_0011_jpg.rf.1RhMHw6oReeeuL245bTV.jpg
train_200k_indoor_0020_jpg.rf.ztMfbSqz7otWned53Hki.jpg,/home/thaimq/CashVision/results/protocol_a_kfold/fold_2/val_indoor/images/train_200k_indoor_0020_jpg.rf.ztMfbSqz7otWned53Hki.jpg,/home/thaimq/CashVision/results/protocol_a_kfold/fold_2/val_indoor/labels/train_200k_indoor_0020_jpg.rf.ztMfbSqz7otWned53Hki.txt,200000,indoor,false,original,train_200k_indoor_0020_jpg.rf.ztMfbSqz7otWned53Hki,/home/thaimq/CashVision/results/protocol_a_kfold/fold_2/val_indoor/images/train_200k_indoor_0020_jpg.rf.ztMfbSqz7otWned53Hki.jpg
train_200k_indoor_0020_jpg.rf.ztMfbSqz7otWned53Hki_photo.jpg,/home/thaimq/CashVision/results_c2/fold_1/val_augmented/images/train_200k_indoor_0020_jpg.rf.ztMfbSqz7otWned53Hki_photo.jpg,/home/thaimq/CashVision/results_c2/fold_1/val_augmented/labels/train_200k_indoor_0020_jpg.rf.ztMfbSqz7otWned53Hki_photo.txt,200000,indoor,false,photometric,train_200k_indoor_0020_jpg.rf.ztMfbSqz7otWned53Hki,/home/thaimq/CashVision/results/protocol_a_kfold/fold_2/val_indoor/images/train_200k_indoor_0020_jpg.rf.ztMfbSqz7otWned53Hki.jpg
train_200k_indoor_0020_jpg.rf.ztMfbSqz7otWned53Hki_light.jpg,/home/thaimq/CashVision/results_c2/fold_1/val_augmented/images/train_200k_indoor_0020_jpg.rf.ztMfbSqz7otWned53Hki_light.jpg,/home/thaimq/CashVision/results_c2/fold_1/val_augmented/labels/train_200k_indoor_0020_jpg.rf.ztMfbSqz7otWned53Hki_light.txt,200000,light_aug,false,light_pair,train_200k_indoor_0020_jpg.rf.ztMfbSqz7otWned53Hki,/home/thaimq/CashVision/results/protocol_a_kfold/fold_2/val_indoor/images/train_200k_indoor_0020_jpg.rf.ztMfbSqz7otWned53Hki.jpg
train_200k_indoor_0020_jpg.rf.ztMfbSqz7otWned53Hki_dark.jpg,/home/thaimq/CashVision/results_c2/fold_1/val_augmented/images/train_200k_indoor_0020_jpg.rf.ztMfbSqz7otWned53Hki_dark.jpg,/home/thaimq/CashVision/results_c2/fold_1/val_augmented/labels/train_200k_indoor_0020_jpg.rf.ztMfbSqz7otWned53Hki_dark.txt,200000,dark_aug,false,dark_pair,train_200k_indoor_0020_jpg.rf.ztMfbSqz7otWned53Hki,/home/thaimq/CashVision/results/protocol_a_kfold/fold_2/val_indoor/images/train_200k_indoor_0020_jpg.rf.ztMfbSqz7otWned53Hki.jpg
train_200k_indoor_0020_jpg.rf.ztMfbSqz7otWned53Hki_local.jpg,/home/thaimq/CashVision/results_c2/fold_1/val_augmented/images/train_200k_indoor_0020_jpg.rf.ztMfbSqz7otWned53Hki_local.jpg,/home/thaimq/CashVision/results_c2/fold_1/val_augmented/labels/train_200k_indoor_0020_jpg.rf.ztMfbSqz7otWned53Hki_local.txt,200000,local_aug,false,local_only,train_200k_indoor_0020_jpg.rf.ztMfbSqz7otWned53Hki,/home/thaimq/CashVision/results/protocol_a_kfold/fold_2/val_indoor/images/train_200k_indoor_0020_jpg.rf.ztMfbSqz7otWned53Hki.jpg
train_100k_indoor_0027_jpg.rf.Lz4P8j82KR7veH66P38B.jpg,/home/thaimq/CashVision/results/protocol_a_kfold/fold_2/train/images/train_100k_indoor_0027_jpg.rf.Lz4P8j82KR7veH66P38B.jpg,/home/thaimq/CashVision/results/protocol_a_kfold/fold_2/train/labels/train_100k_indoor_0027_jpg.rf.Lz4P8j82KR7veH66P38B.txt,100000,indoor,false,original,train_100k_indoor_0027_jpg.rf.Lz4P8j82KR7veH66P38B,/home/thaimq/CashVision/results/protocol_a_kfold/fold_2/train/images/train_100k_indoor_0027_jpg.rf.Lz4P8j82KR7veH66P38B.jpg
train_100k_indoor_0027_jpg.rf.Lz4P8j82KR7veH66P38B_photo.jpg,/home/thaimq/CashVision/results_c2/fold_1/val_augmented/images/train_100k_indoor_0027_jpg.rf.Lz4P8j82KR7veH66P38B_photo.jpg,/home/thaimq/CashVision/results_c2/fold_1/val_augmented/labels/train_100k_indoor_0027_jpg.rf.Lz4P8j82KR7veH66P38B_photo.txt,100000,indoor,false,photometric,train_100k_indoor_0027_jpg.rf.Lz4P8j82KR7veH66P38B,/home/thaimq/CashVision/results/protocol_a_kfold/fold_2/train/images/train_100k_indoor_0027_jpg.rf.Lz4P8j82KR7veH66P38B.jpg
train_100k_indoor_0027_jpg.rf.Lz4P8j82KR7veH66P38B_light.jpg,/home/thaimq/CashVision/results_c2/fold_1/val_augmented/images/train_100k_indoor_0027_jpg.rf.Lz4P8j82KR7veH66P38B_light.jpg,/home/thaimq/CashVision/results_c2/fold_1/val_augmented/labels/train_100k_indoor_0027_jpg.rf.Lz4P8j82KR7veH66P38B_light.txt,100000,light_aug,false,light_pair,train_100k_indoor_0027_jpg.rf.Lz4P8j82KR7veH66P38B,/home/thaimq/CashVision/results/protocol_a_kfold/fold_2/train/images/train_100k_indoor_0027_jpg.rf.Lz4P8j82KR7veH66P38B.jpg
train_100k_indoor_0027_jpg.rf.Lz4P8j82KR7veH66P38B_dark.jpg,/home/thaimq/CashVision/results_c2/fold_1/val_augmented/images/train_100k_indoor_0027_jpg.rf.Lz4P8j82KR7veH66P38B_dark.jpg,/home/thaimq/CashVision/results_c2/fold_1/val_augmented/labels/train_100k_indoor_0027_jpg.rf.Lz4P8j82KR7veH66P38B_dark.txt,100000,dark_aug,false,dark_pair,train_100k_indoor_0027_jpg.rf.Lz4P8j82KR7veH66P38B,/home/thaimq/CashVision/results/protocol_a_kfold/fold_2/train/images/train_100k_indoor_0027_jpg.rf.Lz4P8j82KR7veH66P38B.jpg
train_100k_indoor_0027_jpg.rf.Lz4P8j82KR7veH66P38B_local.jpg,/home/thaimq/CashVision/results_c2/fold_1/val_augmented/images/train_100k_indoor_0027_jpg.rf.Lz4P8j82KR7veH66P38B_local.jpg,/home/thaimq/CashVision/results_c2/fold_1/val_augmented/labels/train_100k_indoor_0027_jpg.rf.Lz4P8j82KR7veH66P38B_local.txt,100000,local_aug,false,local_only,train_100k_indoor_0027_jpg.rf.Lz4P8j82KR7veH66P38B,/home/thaimq/CashVision/results/protocol_a_kfold/fold_2/train/images/train_100k_indoor_0027_jpg.rf.Lz4P8j82KR7veH66P38B.jpg
train_50k_indoor_0020_jpg.rf.D20hQQM1HLEV8fKBzMSy.jpg,/home/thaimq/CashVision/results/protocol_a_kfold/fold_2/train/images/train_50k_indoor_0020_jpg.rf.D20hQQM1HLEV8fKBzMSy.jpg,/home/thaimq/CashVision/results/protocol_a_kfold/fold_2/train/labels/train_50k_indoor_0020_jpg.rf.D20hQQM1HLEV8fKBzMSy.txt,50000,indoor,false,original,train_50k_indoor_0020_jpg.rf.D20hQQM1HLEV8fKBzMSy,/home/thaimq/CashVision/results/protocol_a_kfold/fold_2/train/images/train_50k_indoor_0020_jpg.rf.D20hQQM1HLEV8fKBzMSy.jpg
train_50k_indoor_0020_jpg.rf.D20hQQM1HLEV8fKBzMSy_photo.jpg,/home/thaimq/CashVision/results_c2/fold_1/val_augmented/images/train_50k_indoor_0020_jpg.rf.D20hQQM1HLEV8fKBzMSy_photo.jpg,/home/thaimq/CashVision/results_c2/fold_1/val_augmented/labels/train_50k_indoor_0020_jpg.rf.D20hQQM1HLEV8fKBzMSy_photo.txt,50000,indoor,false,photometric,train_50k_indoor_0020_jpg.rf.D20hQQM1HLEV8fKBzMSy,/home/thaimq/CashVision/results/protocol_a_kfold/fold_2/train/images/train_50k_indoor_0020_jpg.rf.D20hQQM1HLEV8fKBzMSy.jpg
train_50k_indoor_0020_jpg.rf.D20hQQM1HLEV8fKBzMSy_light.jpg,/home/thaimq/CashVision/results_c2/fold_1/val_augmented/images/train_50k_indoor_0020_jpg.rf.D20hQQM1HLEV8fKBzMSy_light.jpg,/home/thaimq/CashVision/results_c2/fold_1/val_augmented/labels/train_50k_indoor_0020_jpg.rf.D20hQQM1HLEV8fKBzMSy_light.txt,50000,light_aug,false,light_pair,train_50k_indoor_0020_jpg.rf.D20hQQM1HLEV8fKBzMSy,/home/thaimq/CashVision/results/protocol_a_kfold/fold_2/train/images/train_50k_indoor_0020_jpg.rf.D20hQQM1HLEV8fKBzMSy.jpg
train_50k_indoor_0020_jpg.rf.D20hQQM1HLEV8fKBzMSy_dark.jpg,/home/thaimq/CashVision/results_c2/fold_1/val_augmented/images/train_50k_indoor_0020_jpg.rf.D20hQQM1HLEV8fKBzMSy_dark.jpg,/home/thaimq/CashVision/results_c2/fold_1/val_augmented/labels/train_50k_indoor_0020_jpg.rf.D20hQQM1HLEV8fKBzMSy_dark.txt,50000,dark_aug,false,dark_pair,train_50k_indoor_0020_jpg.rf.D20hQQM1HLEV8fKBzMSy,/home/thaimq/CashVision/results/protocol_a_kfold/fold_2/train/images/train_50k_indoor_0020_jpg.rf.D20hQQM1HLEV8fKBzMSy.jpg
train_50k_indoor_0020_jpg.rf.D20hQQM1HLEV8fKBzMSy_local.jpg,/home/thaimq/CashVision/results_c2/fold_1/val_augmented/images/train_50k_indoor_0020_jpg.rf.D20hQQM1HLEV8fKBzMSy_local.jpg,/home/thaimq/CashVision/results_c2/fold_1/val_augmented/labels/train_50k_indoor_0020_jpg.rf.D20hQQM1HLEV8fKBzMSy_local.txt,50000,local_aug,false,local_only,train_50k_indoor_0020_jpg.rf.D20hQQM1HLEV8fKBzMSy,/home/thaimq/CashVision/results/protocol_a_kfold/fold_2/train/images/train_50k_indoor_0020_jpg.rf.D20hQQM1HLEV8fKBzMSy.jpg
train_50k_torn_clean_0005_jpg.rf.a5dnJ6CzUAz9Qj9N6nwW.jpg,/home/thaimq/CashVision/results/protocol_a_kfold/fold_2/train/images/train_50k_torn_clean_0005_jpg.rf.a5dnJ6CzUAz9Qj9N6nwW.jpg,/home/thaimq/CashVision/results/protocol_a_kfold/fold_2/train/labels/train_50k_torn_clean_0005_jpg.rf.a5dnJ6CzUAz9Qj9N6nwW.txt,50000,torn_clean,true,original,train_50k_torn_clean_0005_jpg.rf.a5dnJ6CzUAz9Qj9N6nwW,/home/thaimq/CashVision/results/protocol_a_kfold/fold_2/train/images/train_50k_torn_clean_0005_jpg.rf.a5dnJ6CzUAz9Qj9N6nwW.jpg
train_50k_torn_clean_0005_jpg.rf.a5dnJ6CzUAz9Qj9N6nwW_photo.jpg,/home/thaimq/CashVision/results_c2/fold_1/val_augmented/images/train_50k_torn_clean_0005_jpg.rf.a5dnJ6CzUAz9Qj9N6nwW_photo.jpg,/home/thaimq/CashVision/results_c2/fold_1/val_augmented/labels/train_50k_torn_clean_0005_jpg.rf.a5dnJ6CzUAz9Qj9N6nwW_photo.txt,50000,torn_clean,true,photometric,train_50k_torn_clean_0005_jpg.rf.a5dnJ6CzUAz9Qj9N6nwW,/home/thaimq/CashVision/results/protocol_a_kfold/fold_2/train/images/train_50k_torn_clean_0005_jpg.rf.a5dnJ6CzUAz9Qj9N6nwW.jpg
train_50k_torn_clean_0005_jpg.rf.a5dnJ6CzUAz9Qj9N6nwW_light.jpg,/home/thaimq/CashVision/results_c2/fold_1/val_augmented/images/train_50k_torn_clean_0005_jpg.rf.a5dnJ6CzUAz9Qj9N6nwW_light.jpg,/home/thaimq/CashVision/results_c2/fold_1/val_augmented/labels/train_50k_torn_clean_0005_jpg.rf.a5dnJ6CzUAz9Qj9N6nwW_light.txt,50000,light_aug,true,light_pair,train_50k_torn_clean_0005_jpg.rf.a5dnJ6CzUAz9Qj9N6nwW,/home/thaimq/CashVision/results/protocol_a_kfold/fold_2/train/images/train_50k_torn_clean_0005_jpg.rf.a5dnJ6CzUAz9Qj9N6nwW.jpg
train_50k_torn_clean_0005_jpg.rf.a5dnJ6CzUAz9Qj9N6nwW_dark.jpg,/home/thaimq/CashVision/results_c2/fold_1/val_augmented/images/train_50k_torn_clean_0005_jpg.rf.a5dnJ6CzUAz9Qj9N6nwW_dark.jpg,/home/thaimq/CashVision/results_c2/fold_1/val_augmented/labels/train_50k_torn_clean_0005_jpg.rf.a5dnJ6CzUAz9Qj9N6nwW_dark.txt,50000,dark_aug,true,dark_pair,train_50k_torn_clean_0005_jpg.rf.a5dnJ6CzUAz9Qj9N6nwW,/home/thaimq/CashVision/results/protocol_a_kfold/fold_2/train/images/train_50k_torn_clean_0005_jpg.rf.a5dnJ6CzUAz9Qj9N6nwW.jpg
train_50k_torn_clean_0005_jpg.rf.a5dnJ6CzUAz9Qj9N6nwW_local.jpg,/home/thaimq/CashVision/results_c2/fold_1/val_augmented/images/train_50k_torn_clean_0005_jpg.rf.a5dnJ6CzUAz9Qj9N6nwW_local.jpg,/home/thaimq/CashVision/results_c2/fold_1/val_augmented/labels/train_50k_torn_clean_0005_jpg.rf.a5dnJ6CzUAz9Qj9N6nwW_local.txt,50000,local_aug,true,local_only,train_50k_torn_clean_0005_jpg.rf.a5dnJ6CzUAz9Qj9N6nwW,/home/thaimq/CashVision/results/protocol_a_kfold/fold_2/train/images/train_50k_torn_clean_0005_jpg.rf.a5dnJ6CzUAz9Qj9N6nwW.jpg
train_20k_indoor_0014_jpg.rf.pT9SkMoUQiC1uxztR8xS.jpg,/home/thaimq/CashVision/results/protocol_a_kfold/fold_2/train/images/train_20k_indoor_0014_jpg.rf.pT9SkMoUQiC1uxztR8xS.jpg,/home/thaimq/CashVision/results/protocol_a_kfold/fold_2/train/labels/train_20k_indoor_0014_jpg.rf.pT9SkMoUQiC1uxztR8xS.txt,20000,indoor,false,original,train_20k_indoor_0014_jpg.rf.pT9SkMoUQiC1uxztR8xS,/home/thaimq/CashVision/results/protocol_a_kfold/fold_2/train/images/train_20k_indoor_0014_jpg.rf.pT9SkMoUQiC1uxztR8xS.jpg
train_20k_indoor_0014_jpg.rf.pT9SkMoUQiC1uxztR8xS_photo.jpg,/home/thaimq/CashVision/results_c2/fold_1/val_augmented/images/train_20k_indoor_0014_jpg.rf.pT9SkMoUQiC1uxztR8xS_photo.jpg,/home/thaimq/CashVision/results_c2/fold_1/val_augmented/labels/train_20k_indoor_0014_jpg.rf.pT9SkMoUQiC1uxztR8xS_photo.txt,20000,indoor,false,photometric,train_20k_indoor_0014_jpg.rf.pT9SkMoUQiC1uxztR8xS,/home/thaimq/CashVision/results/protocol_a_kfold/fold_2/train/images/train_20k_indoor_0014_jpg.rf.pT9SkMoUQiC1uxztR8xS.jpg
train_20k_indoor_0014_jpg.rf.pT9SkMoUQiC1uxztR8xS_light.jpg,/home/thaimq/CashVision/results_c2/fold_1/val_augmented/images/train_20k_indoor_0014_jpg.rf.pT9SkMoUQiC1uxztR8xS_light.jpg,/home/thaimq/CashVision/results_c2/fold_1/val_augmented/labels/train_20k_indoor_0014_jpg.rf.pT9SkMoUQiC1uxztR8xS_light.txt,20000,light_aug,false,light_pair,train_20k_indoor_0014_jpg.rf.pT9SkMoUQiC1uxztR8xS,/home/thaimq/CashVision/results/protocol_a_kfold/fold_2/train/images/train_20k_indoor_0014_jpg.rf.pT9SkMoUQiC1uxztR8xS.jpg
train_20k_indoor_0014_jpg.rf.pT9SkMoUQiC1uxztR8xS_dark.jpg,/home/thaimq/CashVision/results_c2/fold_1/val_augmented/images/train_20k_indoor_0014_jpg.rf.pT9SkMoUQiC1uxztR8xS_dark.jpg,/home/thaimq/CashVision/results_c2/fold_1/val_augmented/labels/train_20k_indoor_0014_jpg.rf.pT9SkMoUQiC1uxztR8xS_dark.txt,20000,dark_aug,false,dark_pair,train_20k_indoor_0014_jpg.rf.pT9SkMoUQiC1uxztR8xS,/home/thaimq/CashVision/results/protocol_a_kfold/fold_2/train/images/train_20k_indoor_0014_jpg.rf.pT9SkMoUQiC1uxztR8xS.jpg
train_20k_indoor_0014_jpg.rf.pT9SkMoUQiC1uxztR8xS_local.jpg,/home/thaimq/CashVision/results_c2/fold_1/val_augmented/images/train_20k_indoor_0014_jpg.rf.pT9SkMoUQiC1uxztR8xS_local.jpg,/home/thaimq/CashVision/results_c2/fold_1/val_augmented/labels/train_20k_indoor_0014_jpg.rf.pT9SkMoUQiC1uxztR8xS_local.txt,20000,local_aug,false,local_only,train_20k_indoor_0014_jpg.rf.pT9SkMoUQiC1uxztR8xS,/home/thaimq/CashVision/results/protocol_a_kfold/fold_2/train/images/train_20k_indoor_0014_jpg.rf.pT9SkMoUQiC1uxztR8xS.jpg
train_20k_indoor_0020_jpg.rf.yO5VkcILZv1Sg727Btz0.jpg,/home/thaimq/CashVision/results/protocol_a_kfold/fold_2/train/images/train_20k_indoor_0020_jpg.rf.yO5VkcILZv1Sg727Btz0.jpg,/home/thaimq/CashVision/results/protocol_a_kfold/fold_2/train/labels/train_20k_indoor_0020_jpg.rf.yO5VkcILZv1Sg727Btz0.txt,20000,indoor,false,original,train_20k_indoor_0020_jpg.rf.yO5VkcILZv1Sg727Btz0,/home/thaimq/CashVision/results/protocol_a_kfold/fold_2/train/images/train_20k_indoor_0020_jpg.rf.yO5VkcILZv1Sg727Btz0.jpg
train_20k_indoor_0020_jpg.rf.yO5VkcILZv1Sg727Btz0_photo.jpg,/home/thaimq/CashVision/results_c2/fold_1/val_augmented/images/train_20k_indoor_0020_jpg.rf.yO5VkcILZv1Sg727Btz0_photo.jpg,/home/thaimq/CashVision/results_c2/fold_1/val_augmented/labels/train_20k_indoor_0020_jpg.rf.yO5VkcILZv1Sg727Btz0_photo.txt,20000,indoor,false,photometric,train_20k_indoor_0020_jpg.rf.yO5VkcILZv1Sg727Btz0,/home/thaimq/CashVision/results/protocol_a_kfold/fold_2/train/images/train_20k_indoor_0020_jpg.rf.yO5VkcILZv1Sg727Btz0.jpg
train_20k_indoor_0020_jpg.rf.yO5VkcILZv1Sg727Btz0_light.jpg,/home/thaimq/CashVision/results_c2/fold_1/val_augmented/images/train_20k_indoor_0020_jpg.rf.yO5VkcILZv1Sg727Btz0_light.jpg,/home/thaimq/CashVision/results_c2/fold_1/val_augmented/labels/train_20k_indoor_0020_jpg.rf.yO5VkcILZv1Sg727Btz0_light.txt,20000,light_aug,false,light_pair,train_20k_indoor_0020_jpg.rf.yO5VkcILZv1Sg727Btz0,/home/thaimq/CashVision/results/protocol_a_kfold/fold_2/train/images/train_20k_indoor_0020_jpg.rf.yO5VkcILZv1Sg727Btz0.jpg
train_20k_indoor_0020_jpg.rf.yO5VkcILZv1Sg727Btz0_dark.jpg,/home/thaimq/CashVision/results_c2/fold_1/val_augmented/images/train_20k_indoor_0020_jpg.rf.yO5VkcILZv1Sg727Btz0_dark.jpg,/home/thaimq/CashVision/results_c2/fold_1/val_augmented/labels/train_20k_indoor_0020_jpg.rf.yO5VkcILZv1Sg727Btz0_dark.txt,20000,dark_aug,false,dark_pair,train_20k_indoor_0020_jpg.rf.yO5VkcILZv1Sg727Btz0,/home/thaimq/CashVision/results/protocol_a_kfold/fold_2/train/images/train_20k_indoor_0020_jpg.rf.yO5VkcILZv1Sg727Btz0.jpg
train_20k_indoor_0020_jpg.rf.yO5VkcILZv1Sg727Btz0_local.jpg,/home/thaimq/CashVision/results_c2/fold_1/val_augmented/images/train_20k_indoor_0020_jpg.rf.yO5VkcILZv1Sg727Btz0_local.jpg,/home/thaimq/CashVision/results_c2/fold_1/val_augmented/labels/train_20k_indoor_0020_jpg.rf.yO5VkcILZv1Sg727Btz0_local.txt,20000,local_aug,false,local_only,train_20k_indoor_0020_jpg.rf.yO5VkcILZv1Sg727Btz0,/home/thaimq/CashVision/results/protocol_a_kfold/fold_2/train/images/train_20k_indoor_0020_jpg.rf.yO5VkcILZv1Sg727Btz0.jpg
train_500k_indoor_0036_jpg.rf.74x9Q4zpyIlWgpGPZaQ6.jpg,/home/thaimq/CashVision/results/protocol_a_kfold/fold_2/train/images/train_500k_indoor_0036_jpg.rf.74x9Q4zpyIlWgpGPZaQ6.jpg,/home/thaimq/CashVision/results/protocol_a_kfold/fold_2/train/labels/train_500k_indoor_0036_jpg.rf.74x9Q4zpyIlWgpGPZaQ6.txt,500000,indoor,false,original,train_500k_indoor_0036_jpg.rf.74x9Q4zpyIlWgpGPZaQ6,/home/thaimq/CashVision/results/protocol_a_kfold/fold_2/train/images/train_500k_indoor_0036_jpg.rf.74x9Q4zpyIlWgpGPZaQ6.jpg
train_500k_indoor_0036_jpg.rf.74x9Q4zpyIlWgpGPZaQ6_photo.jpg,/home/thaimq/CashVision/results_c2/fold_1/val_augmented/images/train_500k_indoor_0036_jpg.rf.74x9Q4zpyIlWgpGPZaQ6_photo.jpg,/home/thaimq/CashVision/results_c2/fold_1/val_augmented/labels/train_500k_indoor_0036_jpg.rf.74x9Q4zpyIlWgpGPZaQ6_photo.txt,500000,indoor,false,photometric,train_500k_indoor_0036_jpg.rf.74x9Q4zpyIlWgpGPZaQ6,/home/thaimq/CashVision/results/protocol_a_kfold/fold_2/train/images/train_500k_indoor_0036_jpg.rf.74x9Q4zpyIlWgpGPZaQ6.jpg
train_500k_indoor_0036_jpg.rf.74x9Q4zpyIlWgpGPZaQ6_light.jpg,/home/thaimq/CashVision/results_c2/fold_1/val_augmented/images/train_500k_indoor_0036_jpg.rf.74x9Q4zpyIlWgpGPZaQ6_light.jpg,/home/thaimq/CashVision/results_c2/fold_1/val_augmented/labels/train_500k_indoor_0036_jpg.rf.74x9Q4zpyIlWgpGPZaQ6_light.txt,500000,light_aug,false,light_pair,train_500k_indoor_0036_jpg.rf.74x9Q4zpyIlWgpGPZaQ6,/home/thaimq/CashVision/results/protocol_a_kfold/fold_2/train/images/train_500k_indoor_0036_jpg.rf.74x9Q4zpyIlWgpGPZaQ6.jpg
train_500k_indoor_0036_jpg.rf.74x9Q4zpyIlWgpGPZaQ6_dark.jpg,/home/thaimq/CashVision/results_c2/fold_1/val_augmented/images/train_500k_indoor_0036_jpg.rf.74x9Q4zpyIlWgpGPZaQ6_dark.jpg,/home/thaimq/CashVision/results_c2/fold_1/val_augmented/labels/train_500k_indoor_0036_jpg.rf.74x9Q4zpyIlWgpGPZaQ6_dark.txt,500000,dark_aug,false,dark_pair,train_500k_indoor_0036_jpg.rf.74x9Q4zpyIlWgpGPZaQ6,/home/thaimq/CashVision/results/protocol_a_kfold/fold_2/train/images/train_500k_indoor_0036_jpg.rf.74x9Q4zpyIlWgpGPZaQ6.jpg
train_500k_indoor_0036_jpg.rf.74x9Q4zpyIlWgpGPZaQ6_local.jpg,/home/thaimq/CashVision/results_c2/fold_1/val_augmented/images/train_500k_indoor_0036_jpg.rf.74x9Q4zpyIlWgpGPZaQ6_local.jpg,/home/thaimq/CashVision/results_c2/fold_1/val_augmented/labels/train_500k_indoor_0036_jpg.rf.74x9Q4zpyIlWgpGPZaQ6_local.txt,500000,local_aug,false,local_only,train_500k_indoor_0036_jpg.rf.74x9Q4zpyIlWgpGPZaQ6,/home/thaimq/CashVision/results/protocol_a_kfold/fold_2/train/images/train_500k_indoor_0036_jpg.rf.74x9Q4zpyIlWgpGPZaQ6.jpg
train_50k_indoor_0004_jpg.rf.tT2FO1vQjlpwSGSG6a15.jpg,/home/thaimq/CashVision/results/protocol_a_kfold/fold_2/train/images/train_50k_indoor_0004_jpg.rf.tT2FO1vQjlpwSGSG6a15.jpg,/home/thaimq/CashVision/results/protocol_a_kfold/fold_2/train/labels/train_50k_indoor_0004_jpg.rf.tT2FO1vQjlpwSGSG6a15.txt,50000,indoor,false,original,train_50k_indoor_0004_jpg.rf.tT2FO1vQjlpwSGSG6a15,/home/thaimq/CashVision/results/protocol_a_kfold/fold_2/train/images/train_50k_indoor_0004_jpg.rf.tT2FO1vQjlpwSGSG6a15.jpg
train_50k_indoor_0004_jpg.rf.tT2FO1vQjlpwSGSG6a15_photo.jpg,/home/thaimq/CashVision/results_c2/fold_1/val_augmented/images/train_50k_indoor_0004_jpg.rf.tT2FO1vQjlpwSGSG6a15_photo.jpg,/home/thaimq/CashVision/results_c2/fold_1/val_augmented/labels/train_50k_indoor_0004_jpg.rf.tT2FO1vQjlpwSGSG6a15_photo.txt,50000,indoor,false,photometric,train_50k_indoor_0004_jpg.rf.tT2FO1vQjlpwSGSG6a15,/home/thaimq/CashVision/results/protocol_a_kfold/fold_2/train/images/train_50k_indoor_0004_jpg.rf.tT2FO1vQjlpwSGSG6a15.jpg
train_50k_indoor_0004_jpg.rf.tT2FO1vQjlpwSGSG6a15_light.jpg,/home/thaimq/CashVision/results_c2/fold_1/val_augmented/images/train_50k_indoor_0004_jpg.rf.tT2FO1vQjlpwSGSG6a15_light.jpg,/home/thaimq/CashVision/results_c2/fold_1/val_augmented/labels/train_50k_indoor_0004_jpg.rf.tT2FO1vQjlpwSGSG6a15_light.txt,50000,light_aug,false,light_pair,train_50k_indoor_0004_jpg.rf.tT2FO1vQjlpwSGSG6a15,/home/thaimq/CashVision/results/protocol_a_kfold/fold_2/train/images/train_50k_indoor_0004_jpg.rf.tT2FO1vQjlpwSGSG6a15.jpg
train_50k_indoor_0004_jpg.rf.tT2FO1vQjlpwSGSG6a15_dark.jpg,/home/thaimq/CashVision/results_c2/fold_1/val_augmented/images/train_50k_indoor_0004_jpg.rf.tT2FO1vQjlpwSGSG6a15_dark.jpg,/home/thaimq/CashVision/results_c2/fold_1/val_augmented/labels/train_50k_indoor_0004_jpg.rf.tT2FO1vQjlpwSGSG6a15_dark.txt,50000,dark_aug,false,dark_pair,train_50k_indoor_0004_jpg.rf.tT2FO1vQjlpwSGSG6a15,/home/thaimq/CashVision/results/protocol_a_kfold/fold_2/train/images/train_50k_indoor_0004_jpg.rf.tT2FO1vQjlpwSGSG6a15.jpg
train_50k_indoor_0004_jpg.rf.tT2FO1vQjlpwSGSG6a15_local.jpg,/home/thaimq/CashVision/results_c2/fold_1/val_augmented/images/train_50k_indoor_0004_jpg.rf.tT2FO1vQjlpwSGSG6a15_local.jpg,/home/thaimq/CashVision/results_c2/fold_1/val_augmented/labels/train_50k_indoor_0004_jpg.rf.tT2FO1vQjlpwSGSG6a15_local.txt,50000,local_aug,false,local_only,train_50k_indoor_0004_jpg.rf.tT2FO1vQjlpwSGSG6a15,/home/thaimq/CashVision/results/protocol_a_kfold/fold_2/train/images/train_50k_indoor_0004_jpg.rf.tT2FO1vQjlpwSGSG6a15.jpg
train_200k_indoor_0003_jpg.rf.sGXmFoU2bVNs5S1V9vdc.jpg,/home/thaimq/CashVision/results/protocol_a_kfold/fold_2/train/images/train_200k_indoor_0003_jpg.rf.sGXmFoU2bVNs5S1V9vdc.jpg,/home/thaimq/CashVision/results/protocol_a_kfold/fold_2/train/labels/train_200k_indoor_0003_jpg.rf.sGXmFoU2bVNs5S1V9vdc.txt,200000,indoor,false,original,train_200k_indoor_0003_jpg.rf.sGXmFoU2bVNs5S1V9vdc,/home/thaimq/CashVision/results/protocol_a_kfold/fold_2/train/images/train_200k_indoor_0003_jpg.rf.sGXmFoU2bVNs5S1V9vdc.jpg
train_200k_indoor_0003_jpg.rf.sGXmFoU2bVNs5S1V9vdc_photo.jpg,/home/thaimq/CashVision/results_c2/fold_1/val_augmented/images/train_200k_indoor_0003_jpg.rf.sGXmFoU2bVNs5S1V9vdc_photo.jpg,/home/thaimq/CashVision/results_c2/fold_1/val_augmented/labels/train_200k_indoor_0003_jpg.rf.sGXmFoU2bVNs5S1V9vdc_photo.txt,200000,indoor,false,photometric,train_200k_indoor_0003_jpg.rf.sGXmFoU2bVNs5S1V9vdc,/home/thaimq/CashVision/results/protocol_a_kfold/fold_2/train/images/train_200k_indoor_0003_jpg.rf.sGXmFoU2bVNs5S1V9vdc.jpg
train_200k_indoor_0003_jpg.rf.sGXmFoU2bVNs5S1V9vdc_light.jpg,/home/thaimq/CashVision/results_c2/fold_1/val_augmented/images/train_200k_indoor_0003_jpg.rf.sGXmFoU2bVNs5S1V9vdc_light.jpg,/home/thaimq/CashVision/results_c2/fold_1/val_augmented/labels/train_200k_indoor_0003_jpg.rf.sGXmFoU2bVNs5S1V9vdc_light.txt,200000,light_aug,false,light_pair,train_200k_indoor_0003_jpg.rf.sGXmFoU2bVNs5S1V9vdc,/home/thaimq/CashVision/results/protocol_a_kfold/fold_2/train/images/train_200k_indoor_0003_jpg.rf.sGXmFoU2bVNs5S1V9vdc.jpg
train_200k_indoor_0003_jpg.rf.sGXmFoU2bVNs5S1V9vdc_dark.jpg,/home/thaimq/CashVision/results_c2/fold_1/val_augmented/images/train_200k_indoor_0003_jpg.rf.sGXmFoU2bVNs5S1V9vdc_dark.jpg,/home/thaimq/CashVision/results_c2/fold_1/val_augmented/labels/train_200k_indoor_0003_jpg.rf.sGXmFoU2bVNs5S1V9vdc_dark.txt,200000,dark_aug,false,dark_pair,train_200k_indoor_0003_jpg.rf.sGXmFoU2bVNs5S1V9vdc,/home/thaimq/CashVision/results/protocol_a_kfold/fold_2/train/images/train_200k_indoor_0003_jpg.rf.sGXmFoU2bVNs5S1V9vdc.jpg
train_200k_indoor_0003_jpg.rf.sGXmFoU2bVNs5S1V9vdc_local.jpg,/home/thaimq/CashVision/results_c2/fold_1/val_augmented/images/train_200k_indoor_0003_jpg.rf.sGXmFoU2bVNs5S1V9vdc_local.jpg,/home/thaimq/CashVision/results_c2/fold_1/val_augmented/labels/train_200k_indoor_0003_jpg.rf.sGXmFoU2bVNs5S1V9vdc_local.txt,200000,local_aug,false,local_only,train_200k_indoor_0003_jpg.rf.sGXmFoU2bVNs5S1V9vdc,/home/thaimq/CashVision/results/protocol_a_kfold/fold_2/train/images/train_200k_indoor_0003_jpg.rf.sGXmFoU2bVNs5S1V9vdc.jpg
train_100k_indoor_0011_jpg.rf.Nu2RKCjv02O3b1xfT7wC.jpg,/home/thaimq/CashVision/results/protocol_a_kfold/fold_2/train/images/train_100k_indoor_0011_jpg.rf.Nu2RKCjv02O3b1xfT7wC.jpg,/home/thaimq/CashVision/results/protocol_a_kfold/fold_2/train/labels/train_100k_indoor_0011_jpg.rf.Nu2RKCjv02O3b1xfT7wC.txt,100000,indoor,false,original,train_100k_indoor_0011_jpg.rf.Nu2RKCjv02O3b1xfT7wC,/home/thaimq/CashVision/results/protocol_a_kfold/fold_2/train/images/train_100k_indoor_0011_jpg.rf.Nu2RKCjv02O3b1xfT7wC.jpg
train_100k_indoor_0011_jpg.rf.Nu2RKCjv02O3b1xfT7wC_photo.jpg,/home/thaimq/CashVision/results_c2/fold_1/val_augmented/images/train_100k_indoor_0011_jpg.rf.Nu2RKCjv02O3b1xfT7wC_photo.jpg,/home/thaimq/CashVision/results_c2/fold_1/val_augmented/labels/train_100k_indoor_0011_jpg.rf.Nu2RKCjv02O3b1xfT7wC_photo.txt,100000,indoor,false,photometric,train_100k_indoor_0011_jpg.rf.Nu2RKCjv02O3b1xfT7wC,/home/thaimq/CashVision/results/protocol_a_kfold/fold_2/train/images/train_100k_indoor_0011_jpg.rf.Nu2RKCjv02O3b1xfT7wC.jpg
train_100k_indoor_0011_jpg.rf.Nu2RKCjv02O3b1xfT7wC_light.jpg,/home/thaimq/CashVision/results_c2/fold_1/val_augmented/images/train_100k_indoor_0011_jpg.rf.Nu2RKCjv02O3b1xfT7wC_light.jpg,/home/thaimq/CashVision/results_c2/fold_1/val_augmented/labels/train_100k_indoor_0011_jpg.rf.Nu2RKCjv02O3b1xfT7wC_light.txt,100000,light_aug,false,light_pair,train_100k_indoor_0011_jpg.rf.Nu2RKCjv02O3b1xfT7wC,/home/thaimq/CashVision/results/protocol_a_kfold/fold_2/train/images/train_100k_indoor_0011_jpg.rf.Nu2RKCjv02O3b1xfT7wC.jpg
train_100k_indoor_0011_jpg.rf.Nu2RKCjv02O3b1xfT7wC_dark.jpg,/home/thaimq/CashVision/results_c2/fold_1/val_augmented/images/train_100k_indoor_0011_jpg.rf.Nu2RKCjv02O3b1xfT7wC_dark.jpg,/home/thaimq/CashVision/results_c2/fold_1/val_augmented/labels/train_100k_indoor_0011_jpg.rf.Nu2RKCjv02O3b1xfT7wC_dark.txt,100000,dark_aug,false,dark_pair,train_100k_indoor_0011_jpg.rf.Nu2RKCjv02O3b1xfT7wC,/home/thaimq/CashVision/results/protocol_a_kfold/fold_2/train/images/train_100k_indoor_0011_jpg.rf.Nu2RKCjv02O3b1xfT7wC.jpg
train_100k_indoor_0011_jpg.rf.Nu2RKCjv02O3b1xfT7wC_local.jpg,/home/thaimq/CashVision/results_c2/fold_1/val_augmented/images/train_100k_indoor_0011_jpg.rf.Nu2RKCjv02O3b1xfT7wC_local.jpg,/home/thaimq/CashVision/results_c2/fold_1/val_augmented/labels/train_100k_indoor_0011_jpg.rf.Nu2RKCjv02O3b1xfT7wC_local.txt,100000,local_aug,false,local_only,train_100k_indoor_0011_jpg.rf.Nu2RKCjv02O3b1xfT7wC,/home/thaimq/CashVision/results/protocol_a_kfold/fold_2/train/images/train_100k_indoor_0011_jpg.rf.Nu2RKCjv02O3b1xfT7wC.jpg
train_100k_torn_clean_0014_jpg.rf.hgdIa2eOZWkySTJxPuCC.jpg,/home/thaimq/CashVision/results/protocol_a_kfold/fold_2/train/images/train_100k_torn_clean_0014_jpg.rf.hgdIa2eOZWkySTJxPuCC.jpg,/home/thaimq/CashVision/results/protocol_a_kfold/fold_2/train/labels/train_100k_torn_clean_0014_jpg.rf.hgdIa2eOZWkySTJxPuCC.txt,100000,torn_clean,true,original,train_100k_torn_clean_0014_jpg.rf.hgdIa2eOZWkySTJxPuCC,/home/thaimq/CashVision/results/protocol_a_kfold/fold_2/train/images/train_100k_torn_clean_0014_jpg.rf.hgdIa2eOZWkySTJxPuCC.jpg
train_100k_torn_clean_0014_jpg.rf.hgdIa2eOZWkySTJxPuCC_photo.jpg,/home/thaimq/CashVision/results_c2/fold_1/val_augmented/images/train_100k_torn_clean_0014_jpg.rf.hgdIa2eOZWkySTJxPuCC_photo.jpg,/home/thaimq/CashVision/results_c2/fold_1/val_augmented/labels/train_100k_torn_clean_0014_jpg.rf.hgdIa2eOZWkySTJxPuCC_photo.txt,100000,torn_clean,true,photometric,train_100k_torn_clean_0014_jpg.rf.hgdIa2eOZWkySTJxPuCC,/home/thaimq/CashVision/results/protocol_a_kfold/fold_2/train/images/train_100k_torn_clean_0014_jpg.rf.hgdIa2eOZWkySTJxPuCC.jpg
train_100k_torn_clean_0014_jpg.rf.hgdIa2eOZWkySTJxPuCC_light.jpg,/home/thaimq/CashVision/results_c2/fold_1/val_augmented/images/train_100k_torn_clean_0014_jpg.rf.hgdIa2eOZWkySTJxPuCC_light.jpg,/home/thaimq/CashVision/results_c2/fold_1/val_augmented/labels/train_100k_torn_clean_0014_jpg.rf.hgdIa2eOZWkySTJxPuCC_light.txt,100000,light_aug,true,light_pair,train_100k_torn_clean_0014_jpg.rf.hgdIa2eOZWkySTJxPuCC,/home/thaimq/CashVision/results/protocol_a_kfold/fold_2/train/images/train_100k_torn_clean_0014_jpg.rf.hgdIa2eOZWkySTJxPuCC.jpg
train_100k_torn_clean_0014_jpg.rf.hgdIa2eOZWkySTJxPuCC_dark.jpg,/home/thaimq/CashVision/results_c2/fold_1/val_augmented/images/train_100k_torn_clean_0014_jpg.rf.hgdIa2eOZWkySTJxPuCC_dark.jpg,/home/thaimq/CashVision/results_c2/fold_1/val_augmented/labels/train_100k_torn_clean_0014_jpg.rf.hgdIa2eOZWkySTJxPuCC_dark.txt,100000,dark_aug,true,dark_pair,train_100k_torn_clean_0014_jpg.rf.hgdIa2eOZWkySTJxPuCC,/home/thaimq/CashVision/results/protocol_a_kfold/fold_2/train/images/train_100k_torn_clean_0014_jpg.rf.hgdIa2eOZWkySTJxPuCC.jpg
train_100k_torn_clean_0014_jpg.rf.hgdIa2eOZWkySTJxPuCC_local.jpg,/home/thaimq/CashVision/results_c2/fold_1/val_augmented/images/train_100k_torn_clean_0014_jpg.rf.hgdIa2eOZWkySTJxPuCC_local.jpg,/home/thaimq/CashVision/results_c2/fold_1/val_augmented/labels/train_100k_torn_clean_0014_jpg.rf.hgdIa2eOZWkySTJxPuCC_local.txt,100000,local_aug,true,local_only,train_100k_torn_clean_0014_jpg.rf.hgdIa2eOZWkySTJxPuCC,/home/thaimq/CashVision/results/protocol_a_kfold/fold_2/train/images/train_100k_torn_clean_0014_jpg.rf.hgdIa2eOZWkySTJxPuCC.jpg
train_500k_torn_clean_0014_jpg.rf.arx0qBcHEDjH3Re87xnF.jpg,/home/thaimq/CashVision/results/protocol_a_kfold/fold_2/train/images/train_500k_torn_clean_0014_jpg.rf.arx0qBcHEDjH3Re87xnF.jpg,/home/thaimq/CashVision/results/protocol_a_kfold/fold_2/train/labels/train_500k_torn_clean_0014_jpg.rf.arx0qBcHEDjH3Re87xnF.txt,500000,torn_clean,true,original,train_500k_torn_clean_0014_jpg.rf.arx0qBcHEDjH3Re87xnF,/home/thaimq/CashVision/results/protocol_a_kfold/fold_2/train/images/train_500k_torn_clean_0014_jpg.rf.arx0qBcHEDjH3Re87xnF.jpg
train_500k_torn_clean_0014_jpg.rf.arx0qBcHEDjH3Re87xnF_photo.jpg,/home/thaimq/CashVision/results_c2/fold_1/val_augmented/images/train_500k_torn_clean_0014_jpg.rf.arx0qBcHEDjH3Re87xnF_photo.jpg,/home/thaimq/CashVision/results_c2/fold_1/val_augmented/labels/train_500k_torn_clean_0014_jpg.rf.arx0qBcHEDjH3Re87xnF_photo.txt,500000,torn_clean,true,photometric,train_500k_torn_clean_0014_jpg.rf.arx0qBcHEDjH3Re87xnF,/home/thaimq/CashVision/results/protocol_a_kfold/fold_2/train/images/train_500k_torn_clean_0014_jpg.rf.arx0qBcHEDjH3Re87xnF.jpg
train_500k_torn_clean_0014_jpg.rf.arx0qBcHEDjH3Re87xnF_light.jpg,/home/thaimq/CashVision/results_c2/fold_1/val_augmented/images/train_500k_torn_clean_0014_jpg.rf.arx0qBcHEDjH3Re87xnF_light.jpg,/home/thaimq/CashVision/results_c2/fold_1/val_augmented/labels/train_500k_torn_clean_0014_jpg.rf.arx0qBcHEDjH3Re87xnF_light.txt,500000,light_aug,true,light_pair,train_500k_torn_clean_0014_jpg.rf.arx0qBcHEDjH3Re87xnF,/home/thaimq/CashVision/results/protocol_a_kfold/fold_2/train/images/train_500k_torn_clean_0014_jpg.rf.arx0qBcHEDjH3Re87xnF.jpg
train_500k_torn_clean_0014_jpg.rf.arx0qBcHEDjH3Re87xnF_dark.jpg,/home/thaimq/CashVision/results_c2/fold_1/val_augmented/images/train_500k_torn_clean_0014_jpg.rf.arx0qBcHEDjH3Re87xnF_dark.jpg,/home/thaimq/CashVision/results_c2/fold_1/val_augmented/labels/train_500k_torn_clean_0014_jpg.rf.arx0qBcHEDjH3Re87xnF_dark.txt,500000,dark_aug,true,dark_pair,train_500k_torn_clean_0014_jpg.rf.arx0qBcHEDjH3Re87xnF,/home/thaimq/CashVision/results/protocol_a_kfold/fold_2/train/images/train_500k_torn_clean_0014_jpg.rf.arx0qBcHEDjH3Re87xnF.jpg
train_500k_torn_clean_0014_jpg.rf.arx0qBcHEDjH3Re87xnF_local.jpg,/home/thaimq/CashVision/results_c2/fold_1/val_augmented/images/train_500k_torn_clean_0014_jpg.rf.arx0qBcHEDjH3Re87xnF_local.jpg,/home/thaimq/CashVision/results_c2/fold_1/val_augmented/labels/train_500k_torn_clean_0014_jpg.rf.arx0qBcHEDjH3Re87xnF_local.txt,500000,local_aug,true,local_only,train_500k_torn_clean_0014_jpg.rf.arx0qBcHEDjH3Re87xnF,/home/thaimq/CashVision/results/protocol_a_kfold/fold_2/train/images/train_500k_torn_clean_0014_jpg.rf.arx0qBcHEDjH3Re87xnF.jpg
train_20k_indoor_0034_jpg.rf.hxKUqnyXU2mVb5GRiuoL.jpg,/home/thaimq/CashVision/results/protocol_a_kfold/fold_2/train/images/train_20k_indoor_0034_jpg.rf.hxKUqnyXU2mVb5GRiuoL.jpg,/home/thaimq/CashVision/results/protocol_a_kfold/fold_2/train/labels/train_20k_indoor_0034_jpg.rf.hxKUqnyXU2mVb5GRiuoL.txt,20000,indoor,false,original,train_20k_indoor_0034_jpg.rf.hxKUqnyXU2mVb5GRiuoL,/home/thaimq/CashVision/results/protocol_a_kfold/fold_2/train/images/train_20k_indoor_0034_jpg.rf.hxKUqnyXU2mVb5GRiuoL.jpg
train_20k_indoor_0034_jpg.rf.hxKUqnyXU2mVb5GRiuoL_photo.jpg,/home/thaimq/CashVision/results_c2/fold_1/val_augmented/images/train_20k_indoor_0034_jpg.rf.hxKUqnyXU2mVb5GRiuoL_photo.jpg,/home/thaimq/CashVision/results_c2/fold_1/val_augmented/labels/train_20k_indoor_0034_jpg.rf.hxKUqnyXU2mVb5GRiuoL_photo.txt,20000,indoor,false,photometric,train_20k_indoor_0034_jpg.rf.hxKUqnyXU2mVb5GRiuoL,/home/thaimq/CashVision/results/protocol_a_kfold/fold_2/train/images/train_20k_indoor_0034_jpg.rf.hxKUqnyXU2mVb5GRiuoL.jpg
train_20k_indoor_0034_jpg.rf.hxKUqnyXU2mVb5GRiuoL_light.jpg,/home/thaimq/CashVision/results_c2/fold_1/val_augmented/images/train_20k_indoor_0034_jpg.rf.hxKUqnyXU2mVb5GRiuoL_light.jpg,/home/thaimq/CashVision/results_c2/fold_1/val_augmented/labels/train_20k_indoor_0034_jpg.rf.hxKUqnyXU2mVb5GRiuoL_light.txt,20000,light_aug,false,light_pair,train_20k_indoor_0034_jpg.rf.hxKUqnyXU2mVb5GRiuoL,/home/thaimq/CashVision/results/protocol_a_kfold/fold_2/train/images/train_20k_indoor_0034_jpg.rf.hxKUqnyXU2mVb5GRiuoL.jpg
train_20k_indoor_0034_jpg.rf.hxKUqnyXU2mVb5GRiuoL_dark.jpg,/home/thaimq/CashVision/results_c2/fold_1/val_augmented/images/train_20k_indoor_0034_jpg.rf.hxKUqnyXU2mVb5GRiuoL_dark.jpg,/home/thaimq/CashVision/results_c2/fold_1/val_augmented/labels/train_20k_indoor_0034_jpg.rf.hxKUqnyXU2mVb5GRiuoL_dark.txt,20000,dark_aug,false,dark_pair,train_20k_indoor_0034_jpg.rf.hxKUqnyXU2mVb5GRiuoL,/home/thaimq/CashVision/results/protocol_a_kfold/fold_2/train/images/train_20k_indoor_0034_jpg.rf.hxKUqnyXU2mVb5GRiuoL.jpg
train_20k_indoor_0034_jpg.rf.hxKUqnyXU2mVb5GRiuoL_local.jpg,/home/thaimq/CashVision/results_c2/fold_1/val_augmented/images/train_20k_indoor_0034_jpg.rf.hxKUqnyXU2mVb5GRiuoL_local.jpg,/home/thaimq/CashVision/results_c2/fold_1/val_augmented/labels/train_20k_indoor_0034_jpg.rf.hxKUqnyXU2mVb5GRiuoL_local.txt,20000,local_aug,false,local_only,train_20k_indoor_0034_jpg.rf.hxKUqnyXU2mVb5GRiuoL,/home/thaimq/CashVision/results/protocol_a_kfold/fold_2/train/images/train_20k_indoor_0034_jpg.rf.hxKUqnyXU2mVb5GRiuoL.jpg
train_10k_indoor_0005_jpg.rf.Q4dE1oq0LTZJSzZXZuMH.jpg,/home/thaimq/CashVision/results/protocol_a_kfold/fold_2/train/images/train_10k_indoor_0005_jpg.rf.Q4dE1oq0LTZJSzZXZuMH.jpg,/home/thaimq/CashVision/results/protocol_a_kfold/fold_2/train/labels/train_10k_indoor_0005_jpg.rf.Q4dE1oq0LTZJSzZXZuMH.txt,10000,indoor,false,original,train_10k_indoor_0005_jpg.rf.Q4dE1oq0LTZJSzZXZuMH,/home/thaimq/CashVision/results/protocol_a_kfold/fold_2/train/images/train_10k_indoor_0005_jpg.rf.Q4dE1oq0LTZJSzZXZuMH.jpg
train_10k_indoor_0005_jpg.rf.Q4dE1oq0LTZJSzZXZuMH_photo.jpg,/home/thaimq/CashVision/results_c2/fold_1/val_augmented/images/train_10k_indoor_0005_jpg.rf.Q4dE1oq0LTZJSzZXZuMH_photo.jpg,/home/thaimq/CashVision/results_c2/fold_1/val_augmented/labels/train_10k_indoor_0005_jpg.rf.Q4dE1oq0LTZJSzZXZuMH_photo.txt,10000,indoor,false,photometric,train_10k_indoor_0005_jpg.rf.Q4dE1oq0LTZJSzZXZuMH,/home/thaimq/CashVision/results/protocol_a_kfold/fold_2/train/images/train_10k_indoor_0005_jpg.rf.Q4dE1oq0LTZJSzZXZuMH.jpg
train_10k_indoor_0005_jpg.rf.Q4dE1oq0LTZJSzZXZuMH_light.jpg,/home/thaimq/CashVision/results_c2/fold_1/val_augmented/images/train_10k_indoor_0005_jpg.rf.Q4dE1oq0LTZJSzZXZuMH_light.jpg,/home/thaimq/CashVision/results_c2/fold_1/val_augmented/labels/train_10k_indoor_0005_jpg.rf.Q4dE1oq0LTZJSzZXZuMH_light.txt,10000,light_aug,false,light_pair,train_10k_indoor_0005_jpg.rf.Q4dE1oq0LTZJSzZXZuMH,/home/thaimq/CashVision/results/protocol_a_kfold/fold_2/train/images/train_10k_indoor_0005_jpg.rf.Q4dE1oq0LTZJSzZXZuMH.jpg
train_10k_indoor_0005_jpg.rf.Q4dE1oq0LTZJSzZXZuMH_dark.jpg,/home/thaimq/CashVision/results_c2/fold_1/val_augmented/images/train_10k_indoor_0005_jpg.rf.Q4dE1oq0LTZJSzZXZuMH_dark.jpg,/home/thaimq/CashVision/results_c2/fold_1/val_augmented/labels/train_10k_indoor_0005_jpg.rf.Q4dE1oq0LTZJSzZXZuMH_dark.txt,10000,dark_aug,false,dark_pair,train_10k_indoor_0005_jpg.rf.Q4dE1oq0LTZJSzZXZuMH,/home/thaimq/CashVision/results/protocol_a_kfold/fold_2/train/images/train_10k_indoor_0005_jpg.rf.Q4dE1oq0LTZJSzZXZuMH.jpg
train_10k_indoor_0005_jpg.rf.Q4dE1oq0LTZJSzZXZuMH_local.jpg,/home/thaimq/CashVision/results_c2/fold_1/val_augmented/images/train_10k_indoor_0005_jpg.rf.Q4dE1oq0LTZJSzZXZuMH_local.jpg,/home/thaimq/CashVision/results_c2/fold_1/val_augmented/labels/train_10k_indoor_0005_jpg.rf.Q4dE1oq0LTZJSzZXZuMH_local.txt,10000,local_aug,false,local_only,train_10k_indoor_0005_jpg.rf.Q4dE1oq0LTZJSzZXZuMH,/home/thaimq/CashVision/results/protocol_a_kfold/fold_2/train/images/train_10k_indoor_0005_jpg.rf.Q4dE1oq0LTZJSzZXZuMH.jpg
train_500k_indoor_0045_jpg.rf.GF5Qz4s8jB3GlcGIIyUt.jpg,/home/thaimq/CashVision/results/protocol_a_kfold/fold_2/val_indoor/images/train_500k_indoor_0045_jpg.rf.GF5Qz4s8jB3GlcGIIyUt.jpg,/home/thaimq/CashVision/results/protocol_a_kfold/fold_2/val_indoor/labels/train_500k_indoor_0045_jpg.rf.GF5Qz4s8jB3GlcGIIyUt.txt,500000,indoor,false,original,train_500k_indoor_0045_jpg.rf.GF5Qz4s8jB3GlcGIIyUt,/home/thaimq/CashVision/results/protocol_a_kfold/fold_2/val_indoor/images/train_500k_indoor_0045_jpg.rf.GF5Qz4s8jB3GlcGIIyUt.jpg
train_500k_indoor_0045_jpg.rf.GF5Qz4s8jB3GlcGIIyUt_photo.jpg,/home/thaimq/CashVision/results_c2/fold_1/val_augmented/images/train_500k_indoor_0045_jpg.rf.GF5Qz4s8jB3GlcGIIyUt_photo.jpg,/home/thaimq/CashVision/results_c2/fold_1/val_augmented/labels/train_500k_indoor_0045_jpg.rf.GF5Qz4s8jB3GlcGIIyUt_photo.txt,500000,indoor,false,photometric,train_500k_indoor_0045_jpg.rf.GF5Qz4s8jB3GlcGIIyUt,/home/thaimq/CashVision/results/protocol_a_kfold/fold_2/val_indoor/images/train_500k_indoor_0045_jpg.rf.GF5Qz4s8jB3GlcGIIyUt.jpg
train_500k_indoor_0045_jpg.rf.GF5Qz4s8jB3GlcGIIyUt_light.jpg,/home/thaimq/CashVision/results_c2/fold_1/val_augmented/images/train_500k_indoor_0045_jpg.rf.GF5Qz4s8jB3GlcGIIyUt_light.jpg,/home/thaimq/CashVision/results_c2/fold_1/val_augmented/labels/train_500k_indoor_0045_jpg.rf.GF5Qz4s8jB3GlcGIIyUt_light.txt,500000,light_aug,false,light_pair,train_500k_indoor_0045_jpg.rf.GF5Qz4s8jB3GlcGIIyUt,/home/thaimq/CashVision/results/protocol_a_kfold/fold_2/val_indoor/images/train_500k_indoor_0045_jpg.rf.GF5Qz4s8jB3GlcGIIyUt.jpg
train_500k_indoor_0045_jpg.rf.GF5Qz4s8jB3GlcGIIyUt_dark.jpg,/home/thaimq/CashVision/results_c2/fold_1/val_augmented/images/train_500k_indoor_0045_jpg.rf.GF5Qz4s8jB3GlcGIIyUt_dark.jpg,/home/thaimq/CashVision/results_c2/fold_1/val_augmented/labels/train_500k_indoor_0045_jpg.rf.GF5Qz4s8jB3GlcGIIyUt_dark.txt,500000,dark_aug,false,dark_pair,train_500k_indoor_0045_jpg.rf.GF5Qz4s8jB3GlcGIIyUt,/home/thaimq/CashVision/results/protocol_a_kfold/fold_2/val_indoor/images/train_500k_indoor_0045_jpg.rf.GF5Qz4s8jB3GlcGIIyUt.jpg
train_500k_indoor_0045_jpg.rf.GF5Qz4s8jB3GlcGIIyUt_local.jpg,/home/thaimq/CashVision/results_c2/fold_1/val_augmented/images/train_500k_indoor_0045_jpg.rf.GF5Qz4s8jB3GlcGIIyUt_local.jpg,/home/thaimq/CashVision/results_c2/fold_1/val_augmented/labels/train_500k_indoor_0045_jpg.rf.GF5Qz4s8jB3GlcGIIyUt_local.txt,500000,local_aug,false,local_only,train_500k_indoor_0045_jpg.rf.GF5Qz4s8jB3GlcGIIyUt,/home/thaimq/CashVision/results/protocol_a_kfold/fold_2/val_indoor/images/train_500k_indoor_0045_jpg.rf.GF5Qz4s8jB3GlcGIIyUt.jpg
train_10k_indoor_0003_jpg.rf.IA12wXPXmmPFaRF9lNGJ.jpg,/home/thaimq/CashVision/results/protocol_a_kfold/fold_2/train/images/train_10k_indoor_0003_jpg.rf.IA12wXPXmmPFaRF9lNGJ.jpg,/home/thaimq/CashVision/results/protocol_a_kfold/fold_2/train/labels/train_10k_indoor_0003_jpg.rf.IA12wXPXmmPFaRF9lNGJ.txt,10000,indoor,false,original,train_10k_indoor_0003_jpg.rf.IA12wXPXmmPFaRF9lNGJ,/home/thaimq/CashVision/results/protocol_a_kfold/fold_2/train/images/train_10k_indoor_0003_jpg.rf.IA12wXPXmmPFaRF9lNGJ.jpg
train_10k_indoor_0003_jpg.rf.IA12wXPXmmPFaRF9lNGJ_photo.jpg,/home/thaimq/CashVision/results_c2/fold_1/val_augmented/images/train_10k_indoor_0003_jpg.rf.IA12wXPXmmPFaRF9lNGJ_photo.jpg,/home/thaimq/CashVision/results_c2/fold_1/val_augmented/labels/train_10k_indoor_0003_jpg.rf.IA12wXPXmmPFaRF9lNGJ_photo.txt,10000,indoor,false,photometric,train_10k_indoor_0003_jpg.rf.IA12wXPXmmPFaRF9lNGJ,/home/thaimq/CashVision/results/protocol_a_kfold/fold_2/train/images/train_10k_indoor_0003_jpg.rf.IA12wXPXmmPFaRF9lNGJ.jpg
train_10k_indoor_0003_jpg.rf.IA12wXPXmmPFaRF9lNGJ_light.jpg,/home/thaimq/CashVision/results_c2/fold_1/val_augmented/images/train_10k_indoor_0003_jpg.rf.IA12wXPXmmPFaRF9lNGJ_light.jpg,/home/thaimq/CashVision/results_c2/fold_1/val_augmented/labels/train_10k_indoor_0003_jpg.rf.IA12wXPXmmPFaRF9lNGJ_light.txt,10000,light_aug,false,light_pair,train_10k_indoor_0003_jpg.rf.IA12wXPXmmPFaRF9lNGJ,/home/thaimq/CashVision/results/protocol_a_kfold/fold_2/train/images/train_10k_indoor_0003_jpg.rf.IA12wXPXmmPFaRF9lNGJ.jpg
train_10k_indoor_0003_jpg.rf.IA12wXPXmmPFaRF9lNGJ_dark.jpg,/home/thaimq/CashVision/results_c2/fold_1/val_augmented/images/train_10k_indoor_0003_jpg.rf.IA12wXPXmmPFaRF9lNGJ_dark.jpg,/home/thaimq/CashVision/results_c2/fold_1/val_augmented/labels/train_10k_indoor_0003_jpg.rf.IA12wXPXmmPFaRF9lNGJ_dark.txt,10000,dark_aug,false,dark_pair,train_10k_indoor_0003_jpg.rf.IA12wXPXmmPFaRF9lNGJ,/home/thaimq/CashVision/results/protocol_a_kfold/fold_2/train/images/train_10k_indoor_0003_jpg.rf.IA12wXPXmmPFaRF9lNGJ.jpg
train_10k_indoor_0003_jpg.rf.IA12wXPXmmPFaRF9lNGJ_local.jpg,/home/thaimq/CashVision/results_c2/fold_1/val_augmented/images/train_10k_indoor_0003_jpg.rf.IA12wXPXmmPFaRF9lNGJ_local.jpg,/home/thaimq/CashVision/results_c2/fold_1/val_augmented/labels/train_10k_indoor_0003_jpg.rf.IA12wXPXmmPFaRF9lNGJ_local.txt,10000,local_aug,false,local_only,train_10k_indoor_0003_jpg.rf.IA12wXPXmmPFaRF9lNGJ,/home/thaimq/CashVision/results/protocol_a_kfold/fold_2/train/images/train_10k_indoor_0003_jpg.rf.IA12wXPXmmPFaRF9lNGJ.jpg
train_50k_indoor_0045_jpg.rf.jPjXuEfBZKlvRzG9vzjv.jpg,/home/thaimq/CashVision/results/protocol_a_kfold/fold_2/train/images/train_50k_indoor_0045_jpg.rf.jPjXuEfBZKlvRzG9vzjv.jpg,/home/thaimq/CashVision/results/protocol_a_kfold/fold_2/train/labels/train_50k_indoor_0045_jpg.rf.jPjXuEfBZKlvRzG9vzjv.txt,50000,indoor,false,original,train_50k_indoor_0045_jpg.rf.jPjXuEfBZKlvRzG9vzjv,/home/thaimq/CashVision/results/protocol_a_kfold/fold_2/train/images/train_50k_indoor_0045_jpg.rf.jPjXuEfBZKlvRzG9vzjv.jpg
train_50k_indoor_0045_jpg.rf.jPjXuEfBZKlvRzG9vzjv_photo.jpg,/home/thaimq/CashVision/results_c2/fold_1/val_augmented/images/train_50k_indoor_0045_jpg.rf.jPjXuEfBZKlvRzG9vzjv_photo.jpg,/home/thaimq/CashVision/results_c2/fold_1/val_augmented/labels/train_50k_indoor_0045_jpg.rf.jPjXuEfBZKlvRzG9vzjv_photo.txt,50000,indoor,false,photometric,train_50k_indoor_0045_jpg.rf.jPjXuEfBZKlvRzG9vzjv,/home/thaimq/CashVision/results/protocol_a_kfold/fold_2/train/images/train_50k_indoor_0045_jpg.rf.jPjXuEfBZKlvRzG9vzjv.jpg
train_50k_indoor_0045_jpg.rf.jPjXuEfBZKlvRzG9vzjv_light.jpg,/home/thaimq/CashVision/results_c2/fold_1/val_augmented/images/train_50k_indoor_0045_jpg.rf.jPjXuEfBZKlvRzG9vzjv_light.jpg,/home/thaimq/CashVision/results_c2/fold_1/val_augmented/labels/train_50k_indoor_0045_jpg.rf.jPjXuEfBZKlvRzG9vzjv_light.txt,50000,light_aug,false,light_pair,train_50k_indoor_0045_jpg.rf.jPjXuEfBZKlvRzG9vzjv,/home/thaimq/CashVision/results/protocol_a_kfold/fold_2/train/images/train_50k_indoor_0045_jpg.rf.jPjXuEfBZKlvRzG9vzjv.jpg
train_50k_indoor_0045_jpg.rf.jPjXuEfBZKlvRzG9vzjv_dark.jpg,/home/thaimq/CashVision/results_c2/fold_1/val_augmented/images/train_50k_indoor_0045_jpg.rf.jPjXuEfBZKlvRzG9vzjv_dark.jpg,/home/thaimq/CashVision/results_c2/fold_1/val_augmented/labels/train_50k_indoor_0045_jpg.rf.jPjXuEfBZKlvRzG9vzjv_dark.txt,50000,dark_aug,false,dark_pair,train_50k_indoor_0045_jpg.rf.jPjXuEfBZKlvRzG9vzjv,/home/thaimq/CashVision/results/protocol_a_kfold/fold_2/train/images/train_50k_indoor_0045_jpg.rf.jPjXuEfBZKlvRzG9vzjv.jpg
train_50k_indoor_0045_jpg.rf.jPjXuEfBZKlvRzG9vzjv_local.jpg,/home/thaimq/CashVision/results_c2/fold_1/val_augmented/images/train_50k_indoor_0045_jpg.rf.jPjXuEfBZKlvRzG9vzjv_local.jpg,/home/thaimq/CashVision/results_c2/fold_1/val_augmented/labels/train_50k_indoor_0045_jpg.rf.jPjXuEfBZKlvRzG9vzjv_local.txt,50000,local_aug,false,local_only,train_50k_indoor_0045_jpg.rf.jPjXuEfBZKlvRzG9vzjv,/home/thaimq/CashVision/results/protocol_a_kfold/fold_2/train/images/train_50k_indoor_0045_jpg.rf.jPjXuEfBZKlvRzG9vzjv.jpg
train_20k_torn_clean_0003_jpg.rf.SvGznXwCIN9OpA9uTqEa.jpg,/home/thaimq/CashVision/results/protocol_a_kfold/fold_2/train/images/train_20k_torn_clean_0003_jpg.rf.SvGznXwCIN9OpA9uTqEa.jpg,/home/thaimq/CashVision/results/protocol_a_kfold/fold_2/train/labels/train_20k_torn_clean_0003_jpg.rf.SvGznXwCIN9OpA9uTqEa.txt,20000,torn_clean,true,original,train_20k_torn_clean_0003_jpg.rf.SvGznXwCIN9OpA9uTqEa,/home/thaimq/CashVision/results/protocol_a_kfold/fold_2/train/images/train_20k_torn_clean_0003_jpg.rf.SvGznXwCIN9OpA9uTqEa.jpg
train_20k_torn_clean_0003_jpg.rf.SvGznXwCIN9OpA9uTqEa_photo.jpg,/home/thaimq/CashVision/results_c2/fold_1/val_augmented/images/train_20k_torn_clean_0003_jpg.rf.SvGznXwCIN9OpA9uTqEa_photo.jpg,/home/thaimq/CashVision/results_c2/fold_1/val_augmented/labels/train_20k_torn_clean_0003_jpg.rf.SvGznXwCIN9OpA9uTqEa_photo.txt,20000,torn_clean,true,photometric,train_20k_torn_clean_0003_jpg.rf.SvGznXwCIN9OpA9uTqEa,/home/thaimq/CashVision/results/protocol_a_kfold/fold_2/train/images/train_20k_torn_clean_0003_jpg.rf.SvGznXwCIN9OpA9uTqEa.jpg
train_20k_torn_clean_0003_jpg.rf.SvGznXwCIN9OpA9uTqEa_light.jpg,/home/thaimq/CashVision/results_c2/fold_1/val_augmented/images/train_20k_torn_clean_0003_jpg.rf.SvGznXwCIN9OpA9uTqEa_light.jpg,/home/thaimq/CashVision/results_c2/fold_1/val_augmented/labels/train_20k_torn_clean_0003_jpg.rf.SvGznXwCIN9OpA9uTqEa_light.txt,20000,light_aug,true,light_pair,train_20k_torn_clean_0003_jpg.rf.SvGznXwCIN9OpA9uTqEa,/home/thaimq/CashVision/results/protocol_a_kfold/fold_2/train/images/train_20k_torn_clean_0003_jpg.rf.SvGznXwCIN9OpA9uTqEa.jpg
train_20k_torn_clean_0003_jpg.rf.SvGznXwCIN9OpA9uTqEa_dark.jpg,/home/thaimq/CashVision/results_c2/fold_1/val_augmented/images/train_20k_torn_clean_0003_jpg.rf.SvGznXwCIN9OpA9uTqEa_dark.jpg,/home/thaimq/CashVision/results_c2/fold_1/val_augmented/labels/train_20k_torn_clean_0003_jpg.rf.SvGznXwCIN9OpA9uTqEa_dark.txt,20000,dark_aug,true,dark_pair,train_20k_torn_clean_0003_jpg.rf.SvGznXwCIN9OpA9uTqEa,/home/thaimq/CashVision/results/protocol_a_kfold/fold_2/train/images/train_20k_torn_clean_0003_jpg.rf.SvGznXwCIN9OpA9uTqEa.jpg
train_20k_torn_clean_0003_jpg.rf.SvGznXwCIN9OpA9uTqEa_local.jpg,/home/thaimq/CashVision/results_c2/fold_1/val_augmented/images/train_20k_torn_clean_0003_jpg.rf.SvGznXwCIN9OpA9uTqEa_local.jpg,/home/thaimq/CashVision/results_c2/fold_1/val_augmented/labels/train_20k_torn_clean_0003_jpg.rf.SvGznXwCIN9OpA9uTqEa_local.txt,20000,local_aug,true,local_only,train_20k_torn_clean_0003_jpg.rf.SvGznXwCIN9OpA9uTqEa,/home/thaimq/CashVision/results/protocol_a_kfold/fold_2/train/images/train_20k_torn_clean_0003_jpg.rf.SvGznXwCIN9OpA9uTqEa.jpg
train_20k_torn_clean_0011_jpg.rf.QBMmiNEcceP5B7lqbO5R.jpg,/home/thaimq/CashVision/results/protocol_a_kfold/fold_2/val_indoor/images/train_20k_torn_clean_0011_jpg.rf.QBMmiNEcceP5B7lqbO5R.jpg,/home/thaimq/CashVision/results/protocol_a_kfold/fold_2/val_indoor/labels/train_20k_torn_clean_0011_jpg.rf.QBMmiNEcceP5B7lqbO5R.txt,20000,torn_clean,true,original,train_20k_torn_clean_0011_jpg.rf.QBMmiNEcceP5B7lqbO5R,/home/thaimq/CashVision/results/protocol_a_kfold/fold_2/val_indoor/images/train_20k_torn_clean_0011_jpg.rf.QBMmiNEcceP5B7lqbO5R.jpg
train_20k_torn_clean_0011_jpg.rf.QBMmiNEcceP5B7lqbO5R_photo.jpg,/home/thaimq/CashVision/results_c2/fold_1/val_augmented/images/train_20k_torn_clean_0011_jpg.rf.QBMmiNEcceP5B7lqbO5R_photo.jpg,/home/thaimq/CashVision/results_c2/fold_1/val_augmented/labels/train_20k_torn_clean_0011_jpg.rf.QBMmiNEcceP5B7lqbO5R_photo.txt,20000,torn_clean,true,photometric,train_20k_torn_clean_0011_jpg.rf.QBMmiNEcceP5B7lqbO5R,/home/thaimq/CashVision/results/protocol_a_kfold/fold_2/val_indoor/images/train_20k_torn_clean_0011_jpg.rf.QBMmiNEcceP5B7lqbO5R.jpg
train_20k_torn_clean_0011_jpg.rf.QBMmiNEcceP5B7lqbO5R_light.jpg,/home/thaimq/CashVision/results_c2/fold_1/val_augmented/images/train_20k_torn_clean_0011_jpg.rf.QBMmiNEcceP5B7lqbO5R_light.jpg,/home/thaimq/CashVision/results_c2/fold_1/val_augmented/labels/train_20k_torn_clean_0011_jpg.rf.QBMmiNEcceP5B7lqbO5R_light.txt,20000,light_aug,true,light_pair,train_20k_torn_clean_0011_jpg.rf.QBMmiNEcceP5B7lqbO5R,/home/thaimq/CashVision/results/protocol_a_kfold/fold_2/val_indoor/images/train_20k_torn_clean_0011_jpg.rf.QBMmiNEcceP5B7lqbO5R.jpg
train_20k_torn_clean_0011_jpg.rf.QBMmiNEcceP5B7lqbO5R_dark.jpg,/home/thaimq/CashVision/results_c2/fold_1/val_augmented/images/train_20k_torn_clean_0011_jpg.rf.QBMmiNEcceP5B7lqbO5R_dark.jpg,/home/thaimq/CashVision/results_c2/fold_1/val_augmented/labels/train_20k_torn_clean_0011_jpg.rf.QBMmiNEcceP5B7lqbO5R_dark.txt,20000,dark_aug,true,dark_pair,train_20k_torn_clean_0011_jpg.rf.QBMmiNEcceP5B7lqbO5R,/home/thaimq/CashVision/results/protocol_a_kfold/fold_2/val_indoor/images/train_20k_torn_clean_0011_jpg.rf.QBMmiNEcceP5B7lqbO5R.jpg
train_20k_torn_clean_0011_jpg.rf.QBMmiNEcceP5B7lqbO5R_local.jpg,/home/thaimq/CashVision/results_c2/fold_1/val_augmented/images/train_20k_torn_clean_0011_jpg.rf.QBMmiNEcceP5B7lqbO5R_local.jpg,/home/thaimq/CashVision/results_c2/fold_1/val_augmented/labels/train_20k_torn_clean_0011_jpg.rf.QBMmiNEcceP5B7lqbO5R_local.txt,20000,local_aug,true,local_only,train_20k_torn_clean_0011_jpg.rf.QBMmiNEcceP5B7lqbO5R,/home/thaimq/CashVision/results/protocol_a_kfold/fold_2/val_indoor/images/train_20k_torn_clean_0011_jpg.rf.QBMmiNEcceP5B7lqbO5R.jpg
train_50k_indoor_0015_jpg.rf.wRZyCrdMFeF9qaMD9Sba.jpg,/home/thaimq/CashVision/results/protocol_a_kfold/fold_2/val_indoor/images/train_50k_indoor_0015_jpg.rf.wRZyCrdMFeF9qaMD9Sba.jpg,/home/thaimq/CashVision/results/protocol_a_kfold/fold_2/val_indoor/labels/train_50k_indoor_0015_jpg.rf.wRZyCrdMFeF9qaMD9Sba.txt,50000,indoor,false,original,train_50k_indoor_0015_jpg.rf.wRZyCrdMFeF9qaMD9Sba,/home/thaimq/CashVision/results/protocol_a_kfold/fold_2/val_indoor/images/train_50k_indoor_0015_jpg.rf.wRZyCrdMFeF9qaMD9Sba.jpg
train_50k_indoor_0015_jpg.rf.wRZyCrdMFeF9qaMD9Sba_photo.jpg,/home/thaimq/CashVision/results_c2/fold_1/val_augmented/images/train_50k_indoor_0015_jpg.rf.wRZyCrdMFeF9qaMD9Sba_photo.jpg,/home/thaimq/CashVision/results_c2/fold_1/val_augmented/labels/train_50k_indoor_0015_jpg.rf.wRZyCrdMFeF9qaMD9Sba_photo.txt,50000,indoor,false,photometric,train_50k_indoor_0015_jpg.rf.wRZyCrdMFeF9qaMD9Sba,/home/thaimq/CashVision/results/protocol_a_kfold/fold_2/val_indoor/images/train_50k_indoor_0015_jpg.rf.wRZyCrdMFeF9qaMD9Sba.jpg
train_50k_indoor_0015_jpg.rf.wRZyCrdMFeF9qaMD9Sba_light.jpg,/home/thaimq/CashVision/results_c2/fold_1/val_augmented/images/train_50k_indoor_0015_jpg.rf.wRZyCrdMFeF9qaMD9Sba_light.jpg,/home/thaimq/CashVision/results_c2/fold_1/val_augmented/labels/train_50k_indoor_0015_jpg.rf.wRZyCrdMFeF9qaMD9Sba_light.txt,50000,light_aug,false,light_pair,train_50k_indoor_0015_jpg.rf.wRZyCrdMFeF9qaMD9Sba,/home/thaimq/CashVision/results/protocol_a_kfold/fold_2/val_indoor/images/train_50k_indoor_0015_jpg.rf.wRZyCrdMFeF9qaMD9Sba.jpg
train_50k_indoor_0015_jpg.rf.wRZyCrdMFeF9qaMD9Sba_dark.jpg,/home/thaimq/CashVision/results_c2/fold_1/val_augmented/images/train_50k_indoor_0015_jpg.rf.wRZyCrdMFeF9qaMD9Sba_dark.jpg,/home/thaimq/CashVision/results_c2/fold_1/val_augmented/labels/train_50k_indoor_0015_jpg.rf.wRZyCrdMFeF9qaMD9Sba_dark.txt,50000,dark_aug,false,dark_pair,train_50k_indoor_0015_jpg.rf.wRZyCrdMFeF9qaMD9Sba,/home/thaimq/CashVision/results/protocol_a_kfold/fold_2/val_indoor/images/train_50k_indoor_0015_jpg.rf.wRZyCrdMFeF9qaMD9Sba.jpg
train_50k_indoor_0015_jpg.rf.wRZyCrdMFeF9qaMD9Sba_local.jpg,/home/thaimq/CashVision/results_c2/fold_1/val_augmented/images/train_50k_indoor_0015_jpg.rf.wRZyCrdMFeF9qaMD9Sba_local.jpg,/home/thaimq/CashVision/results_c2/fold_1/val_augmented/labels/train_50k_indoor_0015_jpg.rf.wRZyCrdMFeF9qaMD9Sba_local.txt,50000,local_aug,false,local_only,train_50k_indoor_0015_jpg.rf.wRZyCrdMFeF9qaMD9Sba,/home/thaimq/CashVision/results/protocol_a_kfold/fold_2/val_indoor/images/train_50k_indoor_0015_jpg.rf.wRZyCrdMFeF9qaMD9Sba.jpg
train_200k_indoor_0007_jpg.rf.IqzWeil6oX029aVIAVQ6.jpg,/home/thaimq/CashVision/results/protocol_a_kfold/fold_2/val_indoor/images/train_200k_indoor_0007_jpg.rf.IqzWeil6oX029aVIAVQ6.jpg,/home/thaimq/CashVision/results/protocol_a_kfold/fold_2/val_indoor/labels/train_200k_indoor_0007_jpg.rf.IqzWeil6oX029aVIAVQ6.txt,200000,indoor,false,original,train_200k_indoor_0007_jpg.rf.IqzWeil6oX029aVIAVQ6,/home/thaimq/CashVision/results/protocol_a_kfold/fold_2/val_indoor/images/train_200k_indoor_0007_jpg.rf.IqzWeil6oX029aVIAVQ6.jpg
train_200k_indoor_0007_jpg.rf.IqzWeil6oX029aVIAVQ6_photo.jpg,/home/thaimq/CashVision/results_c2/fold_1/val_augmented/images/train_200k_indoor_0007_jpg.rf.IqzWeil6oX029aVIAVQ6_photo.jpg,/home/thaimq/CashVision/results_c2/fold_1/val_augmented/labels/train_200k_indoor_0007_jpg.rf.IqzWeil6oX029aVIAVQ6_photo.txt,200000,indoor,false,photometric,train_200k_indoor_0007_jpg.rf.IqzWeil6oX029aVIAVQ6,/home/thaimq/CashVision/results/protocol_a_kfold/fold_2/val_indoor/images/train_200k_indoor_0007_jpg.rf.IqzWeil6oX029aVIAVQ6.jpg
train_200k_indoor_0007_jpg.rf.IqzWeil6oX029aVIAVQ6_light.jpg,/home/thaimq/CashVision/results_c2/fold_1/val_augmented/images/train_200k_indoor_0007_jpg.rf.IqzWeil6oX029aVIAVQ6_light.jpg,/home/thaimq/CashVision/results_c2/fold_1/val_augmented/labels/train_200k_indoor_0007_jpg.rf.IqzWeil6oX029aVIAVQ6_light.txt,200000,light_aug,false,light_pair,train_200k_indoor_0007_jpg.rf.IqzWeil6oX029aVIAVQ6,/home/thaimq/CashVision/results/protocol_a_kfold/fold_2/val_indoor/images/train_200k_indoor_0007_jpg.rf.IqzWeil6oX029aVIAVQ6.jpg
train_200k_indoor_0007_jpg.rf.IqzWeil6oX029aVIAVQ6_dark.jpg,/home/thaimq/CashVision/results_c2/fold_1/val_augmented/images/train_200k_indoor_0007_jpg.rf.IqzWeil6oX029aVIAVQ6_dark.jpg,/home/thaimq/CashVision/results_c2/fold_1/val_augmented/labels/train_200k_indoor_0007_jpg.rf.IqzWeil6oX029aVIAVQ6_dark.txt,200000,dark_aug,false,dark_pair,train_200k_indoor_0007_jpg.rf.IqzWeil6oX029aVIAVQ6,/home/thaimq/CashVision/results/protocol_a_kfold/fold_2/val_indoor/images/train_200k_indoor_0007_jpg.rf.IqzWeil6oX029aVIAVQ6.jpg
train_200k_indoor_0007_jpg.rf.IqzWeil6oX029aVIAVQ6_local.jpg,/home/thaimq/CashVision/results_c2/fold_1/val_augmented/images/train_200k_indoor_0007_jpg.rf.IqzWeil6oX029aVIAVQ6_local.jpg,/home/thaimq/CashVision/results_c2/fold_1/val_augmented/labels/train_200k_indoor_0007_jpg.rf.IqzWeil6oX029aVIAVQ6_local.txt,200000,local_aug,false,local_only,train_200k_indoor_0007_jpg.rf.IqzWeil6oX029aVIAVQ6,/home/thaimq/CashVision/results/protocol_a_kfold/fold_2/val_indoor/images/train_200k_indoor_0007_jpg.rf.IqzWeil6oX029aVIAVQ6.jpg
train_500k_indoor_0001_jpg.rf.gSif2GaWWYDJt40gbSGB.jpg,/home/thaimq/CashVision/results/protocol_a_kfold/fold_2/train/images/train_500k_indoor_0001_jpg.rf.gSif2GaWWYDJt40gbSGB.jpg,/home/thaimq/CashVision/results/protocol_a_kfold/fold_2/train/labels/train_500k_indoor_0001_jpg.rf.gSif2GaWWYDJt40gbSGB.txt,500000,indoor,false,original,train_500k_indoor_0001_jpg.rf.gSif2GaWWYDJt40gbSGB,/home/thaimq/CashVision/results/protocol_a_kfold/fold_2/train/images/train_500k_indoor_0001_jpg.rf.gSif2GaWWYDJt40gbSGB.jpg
train_500k_indoor_0001_jpg.rf.gSif2GaWWYDJt40gbSGB_photo.jpg,/home/thaimq/CashVision/results_c2/fold_1/val_augmented/images/train_500k_indoor_0001_jpg.rf.gSif2GaWWYDJt40gbSGB_photo.jpg,/home/thaimq/CashVision/results_c2/fold_1/val_augmented/labels/train_500k_indoor_0001_jpg.rf.gSif2GaWWYDJt40gbSGB_photo.txt,500000,indoor,false,photometric,train_500k_indoor_0001_jpg.rf.gSif2GaWWYDJt40gbSGB,/home/thaimq/CashVision/results/protocol_a_kfold/fold_2/train/images/train_500k_indoor_0001_jpg.rf.gSif2GaWWYDJt40gbSGB.jpg
train_500k_indoor_0001_jpg.rf.gSif2GaWWYDJt40gbSGB_light.jpg,/home/thaimq/CashVision/results_c2/fold_1/val_augmented/images/train_500k_indoor_0001_jpg.rf.gSif2GaWWYDJt40gbSGB_light.jpg,/home/thaimq/CashVision/results_c2/fold_1/val_augmented/labels/train_500k_indoor_0001_jpg.rf.gSif2GaWWYDJt40gbSGB_light.txt,500000,light_aug,false,light_pair,train_500k_indoor_0001_jpg.rf.gSif2GaWWYDJt40gbSGB,/home/thaimq/CashVision/results/protocol_a_kfold/fold_2/train/images/train_500k_indoor_0001_jpg.rf.gSif2GaWWYDJt40gbSGB.jpg
train_500k_indoor_0001_jpg.rf.gSif2GaWWYDJt40gbSGB_dark.jpg,/home/thaimq/CashVision/results_c2/fold_1/val_augmented/images/train_500k_indoor_0001_jpg.rf.gSif2GaWWYDJt40gbSGB_dark.jpg,/home/thaimq/CashVision/results_c2/fold_1/val_augmented/labels/train_500k_indoor_0001_jpg.rf.gSif2GaWWYDJt40gbSGB_dark.txt,500000,dark_aug,false,dark_pair,train_500k_indoor_0001_jpg.rf.gSif2GaWWYDJt40gbSGB,/home/thaimq/CashVision/results/protocol_a_kfold/fold_2/train/images/train_500k_indoor_0001_jpg.rf.gSif2GaWWYDJt40gbSGB.jpg
train_500k_indoor_0001_jpg.rf.gSif2GaWWYDJt40gbSGB_local.jpg,/home/thaimq/CashVision/results_c2/fold_1/val_augmented/images/train_500k_indoor_0001_jpg.rf.gSif2GaWWYDJt40gbSGB_local.jpg,/home/thaimq/CashVision/results_c2/fold_1/val_augmented/labels/train_500k_indoor_0001_jpg.rf.gSif2GaWWYDJt40gbSGB_local.txt,500000,local_aug,false,local_only,train_500k_indoor_0001_jpg.rf.gSif2GaWWYDJt40gbSGB,/home/thaimq/CashVision/results/protocol_a_kfold/fold_2/train/images/train_500k_indoor_0001_jpg.rf.gSif2GaWWYDJt40gbSGB.jpg
train_20k_indoor_0045_jpg.rf.gOxzPoNRfEusdwi49vZh.jpg,/home/thaimq/CashVision/results/protocol_a_kfold/fold_2/train/images/train_20k_indoor_0045_jpg.rf.gOxzPoNRfEusdwi49vZh.jpg,/home/thaimq/CashVision/results/protocol_a_kfold/fold_2/train/labels/train_20k_indoor_0045_jpg.rf.gOxzPoNRfEusdwi49vZh.txt,20000,indoor,false,original,train_20k_indoor_0045_jpg.rf.gOxzPoNRfEusdwi49vZh,/home/thaimq/CashVision/results/protocol_a_kfold/fold_2/train/images/train_20k_indoor_0045_jpg.rf.gOxzPoNRfEusdwi49vZh.jpg
train_20k_indoor_0045_jpg.rf.gOxzPoNRfEusdwi49vZh_photo.jpg,/home/thaimq/CashVision/results_c2/fold_1/val_augmented/images/train_20k_indoor_0045_jpg.rf.gOxzPoNRfEusdwi49vZh_photo.jpg,/home/thaimq/CashVision/results_c2/fold_1/val_augmented/labels/train_20k_indoor_0045_jpg.rf.gOxzPoNRfEusdwi49vZh_photo.txt,20000,indoor,false,photometric,train_20k_indoor_0045_jpg.rf.gOxzPoNRfEusdwi49vZh,/home/thaimq/CashVision/results/protocol_a_kfold/fold_2/train/images/train_20k_indoor_0045_jpg.rf.gOxzPoNRfEusdwi49vZh.jpg
train_20k_indoor_0045_jpg.rf.gOxzPoNRfEusdwi49vZh_light.jpg,/home/thaimq/CashVision/results_c2/fold_1/val_augmented/images/train_20k_indoor_0045_jpg.rf.gOxzPoNRfEusdwi49vZh_light.jpg,/home/thaimq/CashVision/results_c2/fold_1/val_augmented/labels/train_20k_indoor_0045_jpg.rf.gOxzPoNRfEusdwi49vZh_light.txt,20000,light_aug,false,light_pair,train_20k_indoor_0045_jpg.rf.gOxzPoNRfEusdwi49vZh,/home/thaimq/CashVision/results/protocol_a_kfold/fold_2/train/images/train_20k_indoor_0045_jpg.rf.gOxzPoNRfEusdwi49vZh.jpg
train_20k_indoor_0045_jpg.rf.gOxzPoNRfEusdwi49vZh_dark.jpg,/home/thaimq/CashVision/results_c2/fold_1/val_augmented/images/train_20k_indoor_0045_jpg.rf.gOxzPoNRfEusdwi49vZh_dark.jpg,/home/thaimq/CashVision/results_c2/fold_1/val_augmented/labels/train_20k_indoor_0045_jpg.rf.gOxzPoNRfEusdwi49vZh_dark.txt,20000,dark_aug,false,dark_pair,train_20k_indoor_0045_jpg.rf.gOxzPoNRfEusdwi49vZh,/home/thaimq/CashVision/results/protocol_a_kfold/fold_2/train/images/train_20k_indoor_0045_jpg.rf.gOxzPoNRfEusdwi49vZh.jpg
train_20k_indoor_0045_jpg.rf.gOxzPoNRfEusdwi49vZh_local.jpg,/home/thaimq/CashVision/results_c2/fold_1/val_augmented/images/train_20k_indoor_0045_jpg.rf.gOxzPoNRfEusdwi49vZh_local.jpg,/home/thaimq/CashVision/results_c2/fold_1/val_augmented/labels/train_20k_indoor_0045_jpg.rf.gOxzPoNRfEusdwi49vZh_local.txt,20000,local_aug,false,local_only,train_20k_indoor_0045_jpg.rf.gOxzPoNRfEusdwi49vZh,/home/thaimq/CashVision/results/protocol_a_kfold/fold_2/train/images/train_20k_indoor_0045_jpg.rf.gOxzPoNRfEusdwi49vZh.jpg
train_20k_torn_clean_0009_jpg.rf.tpsd2xsRUUr9TpNGw5Wn.jpg,/home/thaimq/CashVision/results/protocol_a_kfold/fold_2/val_indoor/images/train_20k_torn_clean_0009_jpg.rf.tpsd2xsRUUr9TpNGw5Wn.jpg,/home/thaimq/CashVision/results/protocol_a_kfold/fold_2/val_indoor/labels/train_20k_torn_clean_0009_jpg.rf.tpsd2xsRUUr9TpNGw5Wn.txt,20000,torn_clean,true,original,train_20k_torn_clean_0009_jpg.rf.tpsd2xsRUUr9TpNGw5Wn,/home/thaimq/CashVision/results/protocol_a_kfold/fold_2/val_indoor/images/train_20k_torn_clean_0009_jpg.rf.tpsd2xsRUUr9TpNGw5Wn.jpg
train_20k_torn_clean_0009_jpg.rf.tpsd2xsRUUr9TpNGw5Wn_photo.jpg,/home/thaimq/CashVision/results_c2/fold_1/val_augmented/images/train_20k_torn_clean_0009_jpg.rf.tpsd2xsRUUr9TpNGw5Wn_photo.jpg,/home/thaimq/CashVision/results_c2/fold_1/val_augmented/labels/train_20k_torn_clean_0009_jpg.rf.tpsd2xsRUUr9TpNGw5Wn_photo.txt,20000,torn_clean,true,photometric,train_20k_torn_clean_0009_jpg.rf.tpsd2xsRUUr9TpNGw5Wn,/home/thaimq/CashVision/results/protocol_a_kfold/fold_2/val_indoor/images/train_20k_torn_clean_0009_jpg.rf.tpsd2xsRUUr9TpNGw5Wn.jpg
train_20k_torn_clean_0009_jpg.rf.tpsd2xsRUUr9TpNGw5Wn_light.jpg,/home/thaimq/CashVision/results_c2/fold_1/val_augmented/images/train_20k_torn_clean_0009_jpg.rf.tpsd2xsRUUr9TpNGw5Wn_light.jpg,/home/thaimq/CashVision/results_c2/fold_1/val_augmented/labels/train_20k_torn_clean_0009_jpg.rf.tpsd2xsRUUr9TpNGw5Wn_light.txt,20000,light_aug,true,light_pair,train_20k_torn_clean_0009_jpg.rf.tpsd2xsRUUr9TpNGw5Wn,/home/thaimq/CashVision/results/protocol_a_kfold/fold_2/val_indoor/images/train_20k_torn_clean_0009_jpg.rf.tpsd2xsRUUr9TpNGw5Wn.jpg
train_20k_torn_clean_0009_jpg.rf.tpsd2xsRUUr9TpNGw5Wn_dark.jpg,/home/thaimq/CashVision/results_c2/fold_1/val_augmented/images/train_20k_torn_clean_0009_jpg.rf.tpsd2xsRUUr9TpNGw5Wn_dark.jpg,/home/thaimq/CashVision/results_c2/fold_1/val_augmented/labels/train_20k_torn_clean_0009_jpg.rf.tpsd2xsRUUr9TpNGw5Wn_dark.txt,20000,dark_aug,true,dark_pair,train_20k_torn_clean_0009_jpg.rf.tpsd2xsRUUr9TpNGw5Wn,/home/thaimq/CashVision/results/protocol_a_kfold/fold_2/val_indoor/images/train_20k_torn_clean_0009_jpg.rf.tpsd2xsRUUr9TpNGw5Wn.jpg
train_20k_torn_clean_0009_jpg.rf.tpsd2xsRUUr9TpNGw5Wn_local.jpg,/home/thaimq/CashVision/results_c2/fold_1/val_augmented/images/train_20k_torn_clean_0009_jpg.rf.tpsd2xsRUUr9TpNGw5Wn_local.jpg,/home/thaimq/CashVision/results_c2/fold_1/val_augmented/labels/train_20k_torn_clean_0009_jpg.rf.tpsd2xsRUUr9TpNGw5Wn_local.txt,20000,local_aug,true,local_only,train_20k_torn_clean_0009_jpg.rf.tpsd2xsRUUr9TpNGw5Wn,/home/thaimq/CashVision/results/protocol_a_kfold/fold_2/val_indoor/images/train_20k_torn_clean_0009_jpg.rf.tpsd2xsRUUr9TpNGw5Wn.jpg
train_20k_torn_clean_0020_jpg.rf.V668Vs3RAz0fykSIa0g5.jpg,/home/thaimq/CashVision/results/protocol_a_kfold/fold_2/val_indoor/images/train_20k_torn_clean_0020_jpg.rf.V668Vs3RAz0fykSIa0g5.jpg,/home/thaimq/CashVision/results/protocol_a_kfold/fold_2/val_indoor/labels/train_20k_torn_clean_0020_jpg.rf.V668Vs3RAz0fykSIa0g5.txt,20000,torn_clean,true,original,train_20k_torn_clean_0020_jpg.rf.V668Vs3RAz0fykSIa0g5,/home/thaimq/CashVision/results/protocol_a_kfold/fold_2/val_indoor/images/train_20k_torn_clean_0020_jpg.rf.V668Vs3RAz0fykSIa0g5.jpg
train_20k_torn_clean_0020_jpg.rf.V668Vs3RAz0fykSIa0g5_photo.jpg,/home/thaimq/CashVision/results_c2/fold_1/val_augmented/images/train_20k_torn_clean_0020_jpg.rf.V668Vs3RAz0fykSIa0g5_photo.jpg,/home/thaimq/CashVision/results_c2/fold_1/val_augmented/labels/train_20k_torn_clean_0020_jpg.rf.V668Vs3RAz0fykSIa0g5_photo.txt,20000,torn_clean,true,photometric,train_20k_torn_clean_0020_jpg.rf.V668Vs3RAz0fykSIa0g5,/home/thaimq/CashVision/results/protocol_a_kfold/fold_2/val_indoor/images/train_20k_torn_clean_0020_jpg.rf.V668Vs3RAz0fykSIa0g5.jpg
train_20k_torn_clean_0020_jpg.rf.V668Vs3RAz0fykSIa0g5_light.jpg,/home/thaimq/CashVision/results_c2/fold_1/val_augmented/images/train_20k_torn_clean_0020_jpg.rf.V668Vs3RAz0fykSIa0g5_light.jpg,/home/thaimq/CashVision/results_c2/fold_1/val_augmented/labels/train_20k_torn_clean_0020_jpg.rf.V668Vs3RAz0fykSIa0g5_light.txt,20000,light_aug,true,light_pair,train_20k_torn_clean_0020_jpg.rf.V668Vs3RAz0fykSIa0g5,/home/thaimq/CashVision/results/protocol_a_kfold/fold_2/val_indoor/images/train_20k_torn_clean_0020_jpg.rf.V668Vs3RAz0fykSIa0g5.jpg
train_20k_torn_clean_0020_jpg.rf.V668Vs3RAz0fykSIa0g5_dark.jpg,/home/thaimq/CashVision/results_c2/fold_1/val_augmented/images/train_20k_torn_clean_0020_jpg.rf.V668Vs3RAz0fykSIa0g5_dark.jpg,/home/thaimq/CashVision/results_c2/fold_1/val_augmented/labels/train_20k_torn_clean_0020_jpg.rf.V668Vs3RAz0fykSIa0g5_dark.txt,20000,dark_aug,true,dark_pair,train_20k_torn_clean_0020_jpg.rf.V668Vs3RAz0fykSIa0g5,/home/thaimq/CashVision/results/protocol_a_kfold/fold_2/val_indoor/images/train_20k_torn_clean_0020_jpg.rf.V668Vs3RAz0fykSIa0g5.jpg
train_20k_torn_clean_0020_jpg.rf.V668Vs3RAz0fykSIa0g5_local.jpg,/home/thaimq/CashVision/results_c2/fold_1/val_augmented/images/train_20k_torn_clean_0020_jpg.rf.V668Vs3RAz0fykSIa0g5_local.jpg,/home/thaimq/CashVision/results_c2/fold_1/val_augmented/labels/train_20k_torn_clean_0020_jpg.rf.V668Vs3RAz0fykSIa0g5_local.txt,20000,local_aug,true,local_only,train_20k_torn_clean_0020_jpg.rf.V668Vs3RAz0fykSIa0g5,/home/thaimq/CashVision/results/protocol_a_kfold/fold_2/val_indoor/images/train_20k_torn_clean_0020_jpg.rf.V668Vs3RAz0fykSIa0g5.jpg
train_20k_indoor_0005_jpg.rf.q1YPmUaQUNfU81gc603Y.jpg,/home/thaimq/CashVision/results/protocol_a_kfold/fold_2/train/images/train_20k_indoor_0005_jpg.rf.q1YPmUaQUNfU81gc603Y.jpg,/home/thaimq/CashVision/results/protocol_a_kfold/fold_2/train/labels/train_20k_indoor_0005_jpg.rf.q1YPmUaQUNfU81gc603Y.txt,20000,indoor,false,original,train_20k_indoor_0005_jpg.rf.q1YPmUaQUNfU81gc603Y,/home/thaimq/CashVision/results/protocol_a_kfold/fold_2/train/images/train_20k_indoor_0005_jpg.rf.q1YPmUaQUNfU81gc603Y.jpg
train_20k_indoor_0005_jpg.rf.q1YPmUaQUNfU81gc603Y_photo.jpg,/home/thaimq/CashVision/results_c2/fold_1/val_augmented/images/train_20k_indoor_0005_jpg.rf.q1YPmUaQUNfU81gc603Y_photo.jpg,/home/thaimq/CashVision/results_c2/fold_1/val_augmented/labels/train_20k_indoor_0005_jpg.rf.q1YPmUaQUNfU81gc603Y_photo.txt,20000,indoor,false,photometric,train_20k_indoor_0005_jpg.rf.q1YPmUaQUNfU81gc603Y,/home/thaimq/CashVision/results/protocol_a_kfold/fold_2/train/images/train_20k_indoor_0005_jpg.rf.q1YPmUaQUNfU81gc603Y.jpg
train_20k_indoor_0005_jpg.rf.q1YPmUaQUNfU81gc603Y_light.jpg,/home/thaimq/CashVision/results_c2/fold_1/val_augmented/images/train_20k_indoor_0005_jpg.rf.q1YPmUaQUNfU81gc603Y_light.jpg,/home/thaimq/CashVision/results_c2/fold_1/val_augmented/labels/train_20k_indoor_0005_jpg.rf.q1YPmUaQUNfU81gc603Y_light.txt,20000,light_aug,false,light_pair,train_20k_indoor_0005_jpg.rf.q1YPmUaQUNfU81gc603Y,/home/thaimq/CashVision/results/protocol_a_kfold/fold_2/train/images/train_20k_indoor_0005_jpg.rf.q1YPmUaQUNfU81gc603Y.jpg
train_20k_indoor_0005_jpg.rf.q1YPmUaQUNfU81gc603Y_dark.jpg,/home/thaimq/CashVision/results_c2/fold_1/val_augmented/images/train_20k_indoor_0005_jpg.rf.q1YPmUaQUNfU81gc603Y_dark.jpg,/home/thaimq/CashVision/results_c2/fold_1/val_augmented/labels/train_20k_indoor_0005_jpg.rf.q1YPmUaQUNfU81gc603Y_dark.txt,20000,dark_aug,false,dark_pair,train_20k_indoor_0005_jpg.rf.q1YPmUaQUNfU81gc603Y,/home/thaimq/CashVision/results/protocol_a_kfold/fold_2/train/images/train_20k_indoor_0005_jpg.rf.q1YPmUaQUNfU81gc603Y.jpg
train_20k_indoor_0005_jpg.rf.q1YPmUaQUNfU81gc603Y_local.jpg,/home/thaimq/CashVision/results_c2/fold_1/val_augmented/images/train_20k_indoor_0005_jpg.rf.q1YPmUaQUNfU81gc603Y_local.jpg,/home/thaimq/CashVision/results_c2/fold_1/val_augmented/labels/train_20k_indoor_0005_jpg.rf.q1YPmUaQUNfU81gc603Y_local.txt,20000,local_aug,false,local_only,train_20k_indoor_0005_jpg.rf.q1YPmUaQUNfU81gc603Y,/home/thaimq/CashVision/results/protocol_a_kfold/fold_2/train/images/train_20k_indoor_0005_jpg.rf.q1YPmUaQUNfU81gc603Y.jpg
train_10k_indoor_0020_jpg.rf.l0hokD0vDE0JbINp6BNr.jpg,/home/thaimq/CashVision/results/protocol_a_kfold/fold_2/val_indoor/images/train_10k_indoor_0020_jpg.rf.l0hokD0vDE0JbINp6BNr.jpg,/home/thaimq/CashVision/results/protocol_a_kfold/fold_2/val_indoor/labels/train_10k_indoor_0020_jpg.rf.l0hokD0vDE0JbINp6BNr.txt,10000,indoor,false,original,train_10k_indoor_0020_jpg.rf.l0hokD0vDE0JbINp6BNr,/home/thaimq/CashVision/results/protocol_a_kfold/fold_2/val_indoor/images/train_10k_indoor_0020_jpg.rf.l0hokD0vDE0JbINp6BNr.jpg
train_10k_indoor_0020_jpg.rf.l0hokD0vDE0JbINp6BNr_photo.jpg,/home/thaimq/CashVision/results_c2/fold_1/val_augmented/images/train_10k_indoor_0020_jpg.rf.l0hokD0vDE0JbINp6BNr_photo.jpg,/home/thaimq/CashVision/results_c2/fold_1/val_augmented/labels/train_10k_indoor_0020_jpg.rf.l0hokD0vDE0JbINp6BNr_photo.txt,10000,indoor,false,photometric,train_10k_indoor_0020_jpg.rf.l0hokD0vDE0JbINp6BNr,/home/thaimq/CashVision/results/protocol_a_kfold/fold_2/val_indoor/images/train_10k_indoor_0020_jpg.rf.l0hokD0vDE0JbINp6BNr.jpg
train_10k_indoor_0020_jpg.rf.l0hokD0vDE0JbINp6BNr_light.jpg,/home/thaimq/CashVision/results_c2/fold_1/val_augmented/images/train_10k_indoor_0020_jpg.rf.l0hokD0vDE0JbINp6BNr_light.jpg,/home/thaimq/CashVision/results_c2/fold_1/val_augmented/labels/train_10k_indoor_0020_jpg.rf.l0hokD0vDE0JbINp6BNr_light.txt,10000,light_aug,false,light_pair,train_10k_indoor_0020_jpg.rf.l0hokD0vDE0JbINp6BNr,/home/thaimq/CashVision/results/protocol_a_kfold/fold_2/val_indoor/images/train_10k_indoor_0020_jpg.rf.l0hokD0vDE0JbINp6BNr.jpg
train_10k_indoor_0020_jpg.rf.l0hokD0vDE0JbINp6BNr_dark.jpg,/home/thaimq/CashVision/results_c2/fold_1/val_augmented/images/train_10k_indoor_0020_jpg.rf.l0hokD0vDE0JbINp6BNr_dark.jpg,/home/thaimq/CashVision/results_c2/fold_1/val_augmented/labels/train_10k_indoor_0020_jpg.rf.l0hokD0vDE0JbINp6BNr_dark.txt,10000,dark_aug,false,dark_pair,train_10k_indoor_0020_jpg.rf.l0hokD0vDE0JbINp6BNr,/home/thaimq/CashVision/results/protocol_a_kfold/fold_2/val_indoor/images/train_10k_indoor_0020_jpg.rf.l0hokD0vDE0JbINp6BNr.jpg
train_10k_indoor_0020_jpg.rf.l0hokD0vDE0JbINp6BNr_local.jpg,/home/thaimq/CashVision/results_c2/fold_1/val_augmented/images/train_10k_indoor_0020_jpg.rf.l0hokD0vDE0JbINp6BNr_local.jpg,/home/thaimq/CashVision/results_c2/fold_1/val_augmented/labels/train_10k_indoor_0020_jpg.rf.l0hokD0vDE0JbINp6BNr_local.txt,10000,local_aug,false,local_only,train_10k_indoor_0020_jpg.rf.l0hokD0vDE0JbINp6BNr,/home/thaimq/CashVision/results/protocol_a_kfold/fold_2/val_indoor/images/train_10k_indoor_0020_jpg.rf.l0hokD0vDE0JbINp6BNr.jpg
train_20k_indoor_0027_jpg.rf.bO5RV5IVEI93XiFbHcFu.jpg,/home/thaimq/CashVision/results/protocol_a_kfold/fold_2/val_indoor/images/train_20k_indoor_0027_jpg.rf.bO5RV5IVEI93XiFbHcFu.jpg,/home/thaimq/CashVision/results/protocol_a_kfold/fold_2/val_indoor/labels/train_20k_indoor_0027_jpg.rf.bO5RV5IVEI93XiFbHcFu.txt,20000,indoor,false,original,train_20k_indoor_0027_jpg.rf.bO5RV5IVEI93XiFbHcFu,/home/thaimq/CashVision/results/protocol_a_kfold/fold_2/val_indoor/images/train_20k_indoor_0027_jpg.rf.bO5RV5IVEI93XiFbHcFu.jpg
train_20k_indoor_0027_jpg.rf.bO5RV5IVEI93XiFbHcFu_photo.jpg,/home/thaimq/CashVision/results_c2/fold_1/val_augmented/images/train_20k_indoor_0027_jpg.rf.bO5RV5IVEI93XiFbHcFu_photo.jpg,/home/thaimq/CashVision/results_c2/fold_1/val_augmented/labels/train_20k_indoor_0027_jpg.rf.bO5RV5IVEI93XiFbHcFu_photo.txt,20000,indoor,false,photometric,train_20k_indoor_0027_jpg.rf.bO5RV5IVEI93XiFbHcFu,/home/thaimq/CashVision/results/protocol_a_kfold/fold_2/val_indoor/images/train_20k_indoor_0027_jpg.rf.bO5RV5IVEI93XiFbHcFu.jpg
train_20k_indoor_0027_jpg.rf.bO5RV5IVEI93XiFbHcFu_light.jpg,/home/thaimq/CashVision/results_c2/fold_1/val_augmented/images/train_20k_indoor_0027_jpg.rf.bO5RV5IVEI93XiFbHcFu_light.jpg,/home/thaimq/CashVision/results_c2/fold_1/val_augmented/labels/train_20k_indoor_0027_jpg.rf.bO5RV5IVEI93XiFbHcFu_light.txt,20000,light_aug,false,light_pair,train_20k_indoor_0027_jpg.rf.bO5RV5IVEI93XiFbHcFu,/home/thaimq/CashVision/results/protocol_a_kfold/fold_2/val_indoor/images/train_20k_indoor_0027_jpg.rf.bO5RV5IVEI93XiFbHcFu.jpg
train_20k_indoor_0027_jpg.rf.bO5RV5IVEI93XiFbHcFu_dark.jpg,/home/thaimq/CashVision/results_c2/fold_1/val_augmented/images/train_20k_indoor_0027_jpg.rf.bO5RV5IVEI93XiFbHcFu_dark.jpg,/home/thaimq/CashVision/results_c2/fold_1/val_augmented/labels/train_20k_indoor_0027_jpg.rf.bO5RV5IVEI93XiFbHcFu_dark.txt,20000,dark_aug,false,dark_pair,train_20k_indoor_0027_jpg.rf.bO5RV5IVEI93XiFbHcFu,/home/thaimq/CashVision/results/protocol_a_kfold/fold_2/val_indoor/images/train_20k_indoor_0027_jpg.rf.bO5RV5IVEI93XiFbHcFu.jpg
train_20k_indoor_0027_jpg.rf.bO5RV5IVEI93XiFbHcFu_local.jpg,/home/thaimq/CashVision/results_c2/fold_1/val_augmented/images/train_20k_indoor_0027_jpg.rf.bO5RV5IVEI93XiFbHcFu_local.jpg,/home/thaimq/CashVision/results_c2/fold_1/val_augmented/labels/train_20k_indoor_0027_jpg.rf.bO5RV5IVEI93XiFbHcFu_local.txt,20000,local_aug,false,local_only,train_20k_indoor_0027_jpg.rf.bO5RV5IVEI93XiFbHcFu,/home/thaimq/CashVision/results/protocol_a_kfold/fold_2/val_indoor/images/train_20k_indoor_0027_jpg.rf.bO5RV5IVEI93XiFbHcFu.jpg
train_500k_torn_clean_0013_jpg.rf.C5kFUukdOkQdu5l5q3uE.jpg,/home/thaimq/CashVision/results/protocol_a_kfold/fold_2/train/images/train_500k_torn_clean_0013_jpg.rf.C5kFUukdOkQdu5l5q3uE.jpg,/home/thaimq/CashVision/results/protocol_a_kfold/fold_2/train/labels/train_500k_torn_clean_0013_jpg.rf.C5kFUukdOkQdu5l5q3uE.txt,500000,torn_clean,true,original,train_500k_torn_clean_0013_jpg.rf.C5kFUukdOkQdu5l5q3uE,/home/thaimq/CashVision/results/protocol_a_kfold/fold_2/train/images/train_500k_torn_clean_0013_jpg.rf.C5kFUukdOkQdu5l5q3uE.jpg
train_500k_torn_clean_0013_jpg.rf.C5kFUukdOkQdu5l5q3uE_photo.jpg,/home/thaimq/CashVision/results_c2/fold_1/val_augmented/images/train_500k_torn_clean_0013_jpg.rf.C5kFUukdOkQdu5l5q3uE_photo.jpg,/home/thaimq/CashVision/results_c2/fold_1/val_augmented/labels/train_500k_torn_clean_0013_jpg.rf.C5kFUukdOkQdu5l5q3uE_photo.txt,500000,torn_clean,true,photometric,train_500k_torn_clean_0013_jpg.rf.C5kFUukdOkQdu5l5q3uE,/home/thaimq/CashVision/results/protocol_a_kfold/fold_2/train/images/train_500k_torn_clean_0013_jpg.rf.C5kFUukdOkQdu5l5q3uE.jpg
train_500k_torn_clean_0013_jpg.rf.C5kFUukdOkQdu5l5q3uE_light.jpg,/home/thaimq/CashVision/results_c2/fold_1/val_augmented/images/train_500k_torn_clean_0013_jpg.rf.C5kFUukdOkQdu5l5q3uE_light.jpg,/home/thaimq/CashVision/results_c2/fold_1/val_augmented/labels/train_500k_torn_clean_0013_jpg.rf.C5kFUukdOkQdu5l5q3uE_light.txt,500000,light_aug,true,light_pair,train_500k_torn_clean_0013_jpg.rf.C5kFUukdOkQdu5l5q3uE,/home/thaimq/CashVision/results/protocol_a_kfold/fold_2/train/images/train_500k_torn_clean_0013_jpg.rf.C5kFUukdOkQdu5l5q3uE.jpg
train_500k_torn_clean_0013_jpg.rf.C5kFUukdOkQdu5l5q3uE_dark.jpg,/home/thaimq/CashVision/results_c2/fold_1/val_augmented/images/train_500k_torn_clean_0013_jpg.rf.C5kFUukdOkQdu5l5q3uE_dark.jpg,/home/thaimq/CashVision/results_c2/fold_1/val_augmented/labels/train_500k_torn_clean_0013_jpg.rf.C5kFUukdOkQdu5l5q3uE_dark.txt,500000,dark_aug,true,dark_pair,train_500k_torn_clean_0013_jpg.rf.C5kFUukdOkQdu5l5q3uE,/home/thaimq/CashVision/results/protocol_a_kfold/fold_2/train/images/train_500k_torn_clean_0013_jpg.rf.C5kFUukdOkQdu5l5q3uE.jpg
train_500k_torn_clean_0013_jpg.rf.C5kFUukdOkQdu5l5q3uE_local.jpg,/home/thaimq/CashVision/results_c2/fold_1/val_augmented/images/train_500k_torn_clean_0013_jpg.rf.C5kFUukdOkQdu5l5q3uE_local.jpg,/home/thaimq/CashVision/results_c2/fold_1/val_augmented/labels/train_500k_torn_clean_0013_jpg.rf.C5kFUukdOkQdu5l5q3uE_local.txt,500000,local_aug,true,local_only,train_500k_torn_clean_0013_jpg.rf.C5kFUukdOkQdu5l5q3uE,/home/thaimq/CashVision/results/protocol_a_kfold/fold_2/train/images/train_500k_torn_clean_0013_jpg.rf.C5kFUukdOkQdu5l5q3uE.jpg
train_200k_torn_clean_0006_jpg.rf.EKSPgUT7u2xVX8LA7WFX.jpg,/home/thaimq/CashVision/results/protocol_a_kfold/fold_2/train/images/train_200k_torn_clean_0006_jpg.rf.EKSPgUT7u2xVX8LA7WFX.jpg,/home/thaimq/CashVision/results/protocol_a_kfold/fold_2/train/labels/train_200k_torn_clean_0006_jpg.rf.EKSPgUT7u2xVX8LA7WFX.txt,200000,torn_clean,true,original,train_200k_torn_clean_0006_jpg.rf.EKSPgUT7u2xVX8LA7WFX,/home/thaimq/CashVision/results/protocol_a_kfold/fold_2/train/images/train_200k_torn_clean_0006_jpg.rf.EKSPgUT7u2xVX8LA7WFX.jpg
train_200k_torn_clean_0006_jpg.rf.EKSPgUT7u2xVX8LA7WFX_photo.jpg,/home/thaimq/CashVision/results_c2/fold_1/val_augmented/images/train_200k_torn_clean_0006_jpg.rf.EKSPgUT7u2xVX8LA7WFX_photo.jpg,/home/thaimq/CashVision/results_c2/fold_1/val_augmented/labels/train_200k_torn_clean_0006_jpg.rf.EKSPgUT7u2xVX8LA7WFX_photo.txt,200000,torn_clean,true,photometric,train_200k_torn_clean_0006_jpg.rf.EKSPgUT7u2xVX8LA7WFX,/home/thaimq/CashVision/results/protocol_a_kfold/fold_2/train/images/train_200k_torn_clean_0006_jpg.rf.EKSPgUT7u2xVX8LA7WFX.jpg
train_200k_torn_clean_0006_jpg.rf.EKSPgUT7u2xVX8LA7WFX_light.jpg,/home/thaimq/CashVision/results_c2/fold_1/val_augmented/images/train_200k_torn_clean_0006_jpg.rf.EKSPgUT7u2xVX8LA7WFX_light.jpg,/home/thaimq/CashVision/results_c2/fold_1/val_augmented/labels/train_200k_torn_clean_0006_jpg.rf.EKSPgUT7u2xVX8LA7WFX_light.txt,200000,light_aug,true,light_pair,train_200k_torn_clean_0006_jpg.rf.EKSPgUT7u2xVX8LA7WFX,/home/thaimq/CashVision/results/protocol_a_kfold/fold_2/train/images/train_200k_torn_clean_0006_jpg.rf.EKSPgUT7u2xVX8LA7WFX.jpg
train_200k_torn_clean_0006_jpg.rf.EKSPgUT7u2xVX8LA7WFX_dark.jpg,/home/thaimq/CashVision/results_c2/fold_1/val_augmented/images/train_200k_torn_clean_0006_jpg.rf.EKSPgUT7u2xVX8LA7WFX_dark.jpg,/home/thaimq/CashVision/results_c2/fold_1/val_augmented/labels/train_200k_torn_clean_0006_jpg.rf.EKSPgUT7u2xVX8LA7WFX_dark.txt,200000,dark_aug,true,dark_pair,train_200k_torn_clean_0006_jpg.rf.EKSPgUT7u2xVX8LA7WFX,/home/thaimq/CashVision/results/protocol_a_kfold/fold_2/train/images/train_200k_torn_clean_0006_jpg.rf.EKSPgUT7u2xVX8LA7WFX.jpg
train_200k_torn_clean_0006_jpg.rf.EKSPgUT7u2xVX8LA7WFX_local.jpg,/home/thaimq/CashVision/results_c2/fold_1/val_augmented/images/train_200k_torn_clean_0006_jpg.rf.EKSPgUT7u2xVX8LA7WFX_local.jpg,/home/thaimq/CashVision/results_c2/fold_1/val_augmented/labels/train_200k_torn_clean_0006_jpg.rf.EKSPgUT7u2xVX8LA7WFX_local.txt,200000,local_aug,true,local_only,train_200k_torn_clean_0006_jpg.rf.EKSPgUT7u2xVX8LA7WFX,/home/thaimq/CashVision/results/protocol_a_kfold/fold_2/train/images/train_200k_torn_clean_0006_jpg.rf.EKSPgUT7u2xVX8LA7WFX.jpg
train_50k_torn_clean_0015_jpg.rf.NKOBMgW8bmOH3OWSnrCr.jpg,/home/thaimq/CashVision/results/protocol_a_kfold/fold_2/train/images/train_50k_torn_clean_0015_jpg.rf.NKOBMgW8bmOH3OWSnrCr.jpg,/home/thaimq/CashVision/results/protocol_a_kfold/fold_2/train/labels/train_50k_torn_clean_0015_jpg.rf.NKOBMgW8bmOH3OWSnrCr.txt,50000,torn_clean,true,original,train_50k_torn_clean_0015_jpg.rf.NKOBMgW8bmOH3OWSnrCr,/home/thaimq/CashVision/results/protocol_a_kfold/fold_2/train/images/train_50k_torn_clean_0015_jpg.rf.NKOBMgW8bmOH3OWSnrCr.jpg
train_50k_torn_clean_0015_jpg.rf.NKOBMgW8bmOH3OWSnrCr_photo.jpg,/home/thaimq/CashVision/results_c2/fold_1/val_augmented/images/train_50k_torn_clean_0015_jpg.rf.NKOBMgW8bmOH3OWSnrCr_photo.jpg,/home/thaimq/CashVision/results_c2/fold_1/val_augmented/labels/train_50k_torn_clean_0015_jpg.rf.NKOBMgW8bmOH3OWSnrCr_photo.txt,50000,torn_clean,true,photometric,train_50k_torn_clean_0015_jpg.rf.NKOBMgW8bmOH3OWSnrCr,/home/thaimq/CashVision/results/protocol_a_kfold/fold_2/train/images/train_50k_torn_clean_0015_jpg.rf.NKOBMgW8bmOH3OWSnrCr.jpg
train_50k_torn_clean_0015_jpg.rf.NKOBMgW8bmOH3OWSnrCr_light.jpg,/home/thaimq/CashVision/results_c2/fold_1/val_augmented/images/train_50k_torn_clean_0015_jpg.rf.NKOBMgW8bmOH3OWSnrCr_light.jpg,/home/thaimq/CashVision/results_c2/fold_1/val_augmented/labels/train_50k_torn_clean_0015_jpg.rf.NKOBMgW8bmOH3OWSnrCr_light.txt,50000,light_aug,true,light_pair,train_50k_torn_clean_0015_jpg.rf.NKOBMgW8bmOH3OWSnrCr,/home/thaimq/CashVision/results/protocol_a_kfold/fold_2/train/images/train_50k_torn_clean_0015_jpg.rf.NKOBMgW8bmOH3OWSnrCr.jpg
train_50k_torn_clean_0015_jpg.rf.NKOBMgW8bmOH3OWSnrCr_dark.jpg,/home/thaimq/CashVision/results_c2/fold_1/val_augmented/images/train_50k_torn_clean_0015_jpg.rf.NKOBMgW8bmOH3OWSnrCr_dark.jpg,/home/thaimq/CashVision/results_c2/fold_1/val_augmented/labels/train_50k_torn_clean_0015_jpg.rf.NKOBMgW8bmOH3OWSnrCr_dark.txt,50000,dark_aug,true,dark_pair,train_50k_torn_clean_0015_jpg.rf.NKOBMgW8bmOH3OWSnrCr,/home/thaimq/CashVision/results/protocol_a_kfold/fold_2/train/images/train_50k_torn_clean_0015_jpg.rf.NKOBMgW8bmOH3OWSnrCr.jpg
train_50k_torn_clean_0015_jpg.rf.NKOBMgW8bmOH3OWSnrCr_local.jpg,/home/thaimq/CashVision/results_c2/fold_1/val_augmented/images/train_50k_torn_clean_0015_jpg.rf.NKOBMgW8bmOH3OWSnrCr_local.jpg,/home/thaimq/CashVision/results_c2/fold_1/val_augmented/labels/train_50k_torn_clean_0015_jpg.rf.NKOBMgW8bmOH3OWSnrCr_local.txt,50000,local_aug,true,local_only,train_50k_torn_clean_0015_jpg.rf.NKOBMgW8bmOH3OWSnrCr,/home/thaimq/CashVision/results/protocol_a_kfold/fold_2/train/images/train_50k_torn_clean_0015_jpg.rf.NKOBMgW8bmOH3OWSnrCr.jpg
train_10k_torn_clean_0017_jpg.rf.G2kgTS7vE3Ax7fRi0Zey.jpg,/home/thaimq/CashVision/results/protocol_a_kfold/fold_2/train/images/train_10k_torn_clean_0017_jpg.rf.G2kgTS7vE3Ax7fRi0Zey.jpg,/home/thaimq/CashVision/results/protocol_a_kfold/fold_2/train/labels/train_10k_torn_clean_0017_jpg.rf.G2kgTS7vE3Ax7fRi0Zey.txt,10000,torn_clean,true,original,train_10k_torn_clean_0017_jpg.rf.G2kgTS7vE3Ax7fRi0Zey,/home/thaimq/CashVision/results/protocol_a_kfold/fold_2/train/images/train_10k_torn_clean_0017_jpg.rf.G2kgTS7vE3Ax7fRi0Zey.jpg
train_10k_torn_clean_0017_jpg.rf.G2kgTS7vE3Ax7fRi0Zey_photo.jpg,/home/thaimq/CashVision/results_c2/fold_1/val_augmented/images/train_10k_torn_clean_0017_jpg.rf.G2kgTS7vE3Ax7fRi0Zey_photo.jpg,/home/thaimq/CashVision/results_c2/fold_1/val_augmented/labels/train_10k_torn_clean_0017_jpg.rf.G2kgTS7vE3Ax7fRi0Zey_photo.txt,10000,torn_clean,true,photometric,train_10k_torn_clean_0017_jpg.rf.G2kgTS7vE3Ax7fRi0Zey,/home/thaimq/CashVision/results/protocol_a_kfold/fold_2/train/images/train_10k_torn_clean_0017_jpg.rf.G2kgTS7vE3Ax7fRi0Zey.jpg
train_10k_torn_clean_0017_jpg.rf.G2kgTS7vE3Ax7fRi0Zey_light.jpg,/home/thaimq/CashVision/results_c2/fold_1/val_augmented/images/train_10k_torn_clean_0017_jpg.rf.G2kgTS7vE3Ax7fRi0Zey_light.jpg,/home/thaimq/CashVision/results_c2/fold_1/val_augmented/labels/train_10k_torn_clean_0017_jpg.rf.G2kgTS7vE3Ax7fRi0Zey_light.txt,10000,light_aug,true,light_pair,train_10k_torn_clean_0017_jpg.rf.G2kgTS7vE3Ax7fRi0Zey,/home/thaimq/CashVision/results/protocol_a_kfold/fold_2/train/images/train_10k_torn_clean_0017_jpg.rf.G2kgTS7vE3Ax7fRi0Zey.jpg
train_10k_torn_clean_0017_jpg.rf.G2kgTS7vE3Ax7fRi0Zey_dark.jpg,/home/thaimq/CashVision/results_c2/fold_1/val_augmented/images/train_10k_torn_clean_0017_jpg.rf.G2kgTS7vE3Ax7fRi0Zey_dark.jpg,/home/thaimq/CashVision/results_c2/fold_1/val_augmented/labels/train_10k_torn_clean_0017_jpg.rf.G2kgTS7vE3Ax7fRi0Zey_dark.txt,10000,dark_aug,true,dark_pair,train_10k_torn_clean_0017_jpg.rf.G2kgTS7vE3Ax7fRi0Zey,/home/thaimq/CashVision/results/protocol_a_kfold/fold_2/train/images/train_10k_torn_clean_0017_jpg.rf.G2kgTS7vE3Ax7fRi0Zey.jpg
train_10k_torn_clean_0017_jpg.rf.G2kgTS7vE3Ax7fRi0Zey_local.jpg,/home/thaimq/CashVision/results_c2/fold_1/val_augmented/images/train_10k_torn_clean_0017_jpg.rf.G2kgTS7vE3Ax7fRi0Zey_local.jpg,/home/thaimq/CashVision/results_c2/fold_1/val_augmented/labels/train_10k_torn_clean_0017_jpg.rf.G2kgTS7vE3Ax7fRi0Zey_local.txt,10000,local_aug,true,local_only,train_10k_torn_clean_0017_jpg.rf.G2kgTS7vE3Ax7fRi0Zey,/home/thaimq/CashVision/results/protocol_a_kfold/fold_2/train/images/train_10k_torn_clean_0017_jpg.rf.G2kgTS7vE3Ax7fRi0Zey.jpg
train_50k_indoor_0014_jpg.rf.ooTCl0TDI5hEeFKf7dBm.jpg,/home/thaimq/CashVision/results/protocol_a_kfold/fold_2/train/images/train_50k_indoor_0014_jpg.rf.ooTCl0TDI5hEeFKf7dBm.jpg,/home/thaimq/CashVision/results/protocol_a_kfold/fold_2/train/labels/train_50k_indoor_0014_jpg.rf.ooTCl0TDI5hEeFKf7dBm.txt,50000,indoor,false,original,train_50k_indoor_0014_jpg.rf.ooTCl0TDI5hEeFKf7dBm,/home/thaimq/CashVision/results/protocol_a_kfold/fold_2/train/images/train_50k_indoor_0014_jpg.rf.ooTCl0TDI5hEeFKf7dBm.jpg
train_50k_indoor_0014_jpg.rf.ooTCl0TDI5hEeFKf7dBm_photo.jpg,/home/thaimq/CashVision/results_c2/fold_1/val_augmented/images/train_50k_indoor_0014_jpg.rf.ooTCl0TDI5hEeFKf7dBm_photo.jpg,/home/thaimq/CashVision/results_c2/fold_1/val_augmented/labels/train_50k_indoor_0014_jpg.rf.ooTCl0TDI5hEeFKf7dBm_photo.txt,50000,indoor,false,photometric,train_50k_indoor_0014_jpg.rf.ooTCl0TDI5hEeFKf7dBm,/home/thaimq/CashVision/results/protocol_a_kfold/fold_2/train/images/train_50k_indoor_0014_jpg.rf.ooTCl0TDI5hEeFKf7dBm.jpg
train_50k_indoor_0014_jpg.rf.ooTCl0TDI5hEeFKf7dBm_light.jpg,/home/thaimq/CashVision/results_c2/fold_1/val_augmented/images/train_50k_indoor_0014_jpg.rf.ooTCl0TDI5hEeFKf7dBm_light.jpg,/home/thaimq/CashVision/results_c2/fold_1/val_augmented/labels/train_50k_indoor_0014_jpg.rf.ooTCl0TDI5hEeFKf7dBm_light.txt,50000,light_aug,false,light_pair,train_50k_indoor_0014_jpg.rf.ooTCl0TDI5hEeFKf7dBm,/home/thaimq/CashVision/results/protocol_a_kfold/fold_2/train/images/train_50k_indoor_0014_jpg.rf.ooTCl0TDI5hEeFKf7dBm.jpg
train_50k_indoor_0014_jpg.rf.ooTCl0TDI5hEeFKf7dBm_dark.jpg,/home/thaimq/CashVision/results_c2/fold_1/val_augmented/images/train_50k_indoor_0014_jpg.rf.ooTCl0TDI5hEeFKf7dBm_dark.jpg,/home/thaimq/CashVision/results_c2/fold_1/val_augmented/labels/train_50k_indoor_0014_jpg.rf.ooTCl0TDI5hEeFKf7dBm_dark.txt,50000,dark_aug,false,dark_pair,train_50k_indoor_0014_jpg.rf.ooTCl0TDI5hEeFKf7dBm,/home/thaimq/CashVision/results/protocol_a_kfold/fold_2/train/images/train_50k_indoor_0014_jpg.rf.ooTCl0TDI5hEeFKf7dBm.jpg
train_50k_indoor_0014_jpg.rf.ooTCl0TDI5hEeFKf7dBm_local.jpg,/home/thaimq/CashVision/results_c2/fold_1/val_augmented/images/train_50k_indoor_0014_jpg.rf.ooTCl0TDI5hEeFKf7dBm_local.jpg,/home/thaimq/CashVision/results_c2/fold_1/val_augmented/labels/train_50k_indoor_0014_jpg.rf.ooTCl0TDI5hEeFKf7dBm_local.txt,50000,local_aug,false,local_only,train_50k_indoor_0014_jpg.rf.ooTCl0TDI5hEeFKf7dBm,/home/thaimq/CashVision/results/protocol_a_kfold/fold_2/train/images/train_50k_indoor_0014_jpg.rf.ooTCl0TDI5hEeFKf7dBm.jpg
train_100k_indoor_0009_jpg.rf.foNK5fHhUfzCO6izfBOQ.jpg,/home/thaimq/CashVision/results/protocol_a_kfold/fold_2/train/images/train_100k_indoor_0009_jpg.rf.foNK5fHhUfzCO6izfBOQ.jpg,/home/thaimq/CashVision/results/protocol_a_kfold/fold_2/train/labels/train_100k_indoor_0009_jpg.rf.foNK5fHhUfzCO6izfBOQ.txt,100000,indoor,false,original,train_100k_indoor_0009_jpg.rf.foNK5fHhUfzCO6izfBOQ,/home/thaimq/CashVision/results/protocol_a_kfold/fold_2/train/images/train_100k_indoor_0009_jpg.rf.foNK5fHhUfzCO6izfBOQ.jpg
train_100k_indoor_0009_jpg.rf.foNK5fHhUfzCO6izfBOQ_photo.jpg,/home/thaimq/CashVision/results_c2/fold_1/val_augmented/images/train_100k_indoor_0009_jpg.rf.foNK5fHhUfzCO6izfBOQ_photo.jpg,/home/thaimq/CashVision/results_c2/fold_1/val_augmented/labels/train_100k_indoor_0009_jpg.rf.foNK5fHhUfzCO6izfBOQ_photo.txt,100000,indoor,false,photometric,train_100k_indoor_0009_jpg.rf.foNK5fHhUfzCO6izfBOQ,/home/thaimq/CashVision/results/protocol_a_kfold/fold_2/train/images/train_100k_indoor_0009_jpg.rf.foNK5fHhUfzCO6izfBOQ.jpg
train_100k_indoor_0009_jpg.rf.foNK5fHhUfzCO6izfBOQ_light.jpg,/home/thaimq/CashVision/results_c2/fold_1/val_augmented/images/train_100k_indoor_0009_jpg.rf.foNK5fHhUfzCO6izfBOQ_light.jpg,/home/thaimq/CashVision/results_c2/fold_1/val_augmented/labels/train_100k_indoor_0009_jpg.rf.foNK5fHhUfzCO6izfBOQ_light.txt,100000,light_aug,false,light_pair,train_100k_indoor_0009_jpg.rf.foNK5fHhUfzCO6izfBOQ,/home/thaimq/CashVision/results/protocol_a_kfold/fold_2/train/images/train_100k_indoor_0009_jpg.rf.foNK5fHhUfzCO6izfBOQ.jpg
train_100k_indoor_0009_jpg.rf.foNK5fHhUfzCO6izfBOQ_dark.jpg,/home/thaimq/CashVision/results_c2/fold_1/val_augmented/images/train_100k_indoor_0009_jpg.rf.foNK5fHhUfzCO6izfBOQ_dark.jpg,/home/thaimq/CashVision/results_c2/fold_1/val_augmented/labels/train_100k_indoor_0009_jpg.rf.foNK5fHhUfzCO6izfBOQ_dark.txt,100000,dark_aug,false,dark_pair,train_100k_indoor_0009_jpg.rf.foNK5fHhUfzCO6izfBOQ,/home/thaimq/CashVision/results/protocol_a_kfold/fold_2/train/images/train_100k_indoor_0009_jpg.rf.foNK5fHhUfzCO6izfBOQ.jpg
train_100k_indoor_0009_jpg.rf.foNK5fHhUfzCO6izfBOQ_local.jpg,/home/thaimq/CashVision/results_c2/fold_1/val_augmented/images/train_100k_indoor_0009_jpg.rf.foNK5fHhUfzCO6izfBOQ_local.jpg,/home/thaimq/CashVision/results_c2/fold_1/val_augmented/labels/train_100k_indoor_0009_jpg.rf.foNK5fHhUfzCO6izfBOQ_local.txt,100000,local_aug,false,local_only,train_100k_indoor_0009_jpg.rf.foNK5fHhUfzCO6izfBOQ,/home/thaimq/CashVision/results/protocol_a_kfold/fold_2/train/images/train_100k_indoor_0009_jpg.rf.foNK5fHhUfzCO6izfBOQ.jpg
train_100k_indoor_0030_jpg.rf.q11jQ8PDPRfQsHFxuK29.jpg,/home/thaimq/CashVision/results/protocol_a_kfold/fold_2/train/images/train_100k_indoor_0030_jpg.rf.q11jQ8PDPRfQsHFxuK29.jpg,/home/thaimq/CashVision/results/protocol_a_kfold/fold_2/train/labels/train_100k_indoor_0030_jpg.rf.q11jQ8PDPRfQsHFxuK29.txt,100000,indoor,false,original,train_100k_indoor_0030_jpg.rf.q11jQ8PDPRfQsHFxuK29,/home/thaimq/CashVision/results/protocol_a_kfold/fold_2/train/images/train_100k_indoor_0030_jpg.rf.q11jQ8PDPRfQsHFxuK29.jpg
train_100k_indoor_0030_jpg.rf.q11jQ8PDPRfQsHFxuK29_photo.jpg,/home/thaimq/CashVision/results_c2/fold_1/val_augmented/images/train_100k_indoor_0030_jpg.rf.q11jQ8PDPRfQsHFxuK29_photo.jpg,/home/thaimq/CashVision/results_c2/fold_1/val_augmented/labels/train_100k_indoor_0030_jpg.rf.q11jQ8PDPRfQsHFxuK29_photo.txt,100000,indoor,false,photometric,train_100k_indoor_0030_jpg.rf.q11jQ8PDPRfQsHFxuK29,/home/thaimq/CashVision/results/protocol_a_kfold/fold_2/train/images/train_100k_indoor_0030_jpg.rf.q11jQ8PDPRfQsHFxuK29.jpg
train_100k_indoor_0030_jpg.rf.q11jQ8PDPRfQsHFxuK29_light.jpg,/home/thaimq/CashVision/results_c2/fold_1/val_augmented/images/train_100k_indoor_0030_jpg.rf.q11jQ8PDPRfQsHFxuK29_light.jpg,/home/thaimq/CashVision/results_c2/fold_1/val_augmented/labels/train_100k_indoor_0030_jpg.rf.q11jQ8PDPRfQsHFxuK29_light.txt,100000,light_aug,false,light_pair,train_100k_indoor_0030_jpg.rf.q11jQ8PDPRfQsHFxuK29,/home/thaimq/CashVision/results/protocol_a_kfold/fold_2/train/images/train_100k_indoor_0030_jpg.rf.q11jQ8PDPRfQsHFxuK29.jpg
train_100k_indoor_0030_jpg.rf.q11jQ8PDPRfQsHFxuK29_dark.jpg,/home/thaimq/CashVision/results_c2/fold_1/val_augmented/images/train_100k_indoor_0030_jpg.rf.q11jQ8PDPRfQsHFxuK29_dark.jpg,/home/thaimq/CashVision/results_c2/fold_1/val_augmented/labels/train_100k_indoor_0030_jpg.rf.q11jQ8PDPRfQsHFxuK29_dark.txt,100000,dark_aug,false,dark_pair,train_100k_indoor_0030_jpg.rf.q11jQ8PDPRfQsHFxuK29,/home/thaimq/CashVision/results/protocol_a_kfold/fold_2/train/images/train_100k_indoor_0030_jpg.rf.q11jQ8PDPRfQsHFxuK29.jpg
train_100k_indoor_0030_jpg.rf.q11jQ8PDPRfQsHFxuK29_local.jpg,/home/thaimq/CashVision/results_c2/fold_1/val_augmented/images/train_100k_indoor_0030_jpg.rf.q11jQ8PDPRfQsHFxuK29_local.jpg,/home/thaimq/CashVision/results_c2/fold_1/val_augmented/labels/train_100k_indoor_0030_jpg.rf.q11jQ8PDPRfQsHFxuK29_local.txt,100000,local_aug,false,local_only,train_100k_indoor_0030_jpg.rf.q11jQ8PDPRfQsHFxuK29,/home/thaimq/CashVision/results/protocol_a_kfold/fold_2/train/images/train_100k_indoor_0030_jpg.rf.q11jQ8PDPRfQsHFxuK29.jpg
train_100k_indoor_0007_jpg.rf.FWtDupYTIfjBBAfkFi2h.jpg,/home/thaimq/CashVision/results/protocol_a_kfold/fold_2/val_indoor/images/train_100k_indoor_0007_jpg.rf.FWtDupYTIfjBBAfkFi2h.jpg,/home/thaimq/CashVision/results/protocol_a_kfold/fold_2/val_indoor/labels/train_100k_indoor_0007_jpg.rf.FWtDupYTIfjBBAfkFi2h.txt,100000,indoor,false,original,train_100k_indoor_0007_jpg.rf.FWtDupYTIfjBBAfkFi2h,/home/thaimq/CashVision/results/protocol_a_kfold/fold_2/val_indoor/images/train_100k_indoor_0007_jpg.rf.FWtDupYTIfjBBAfkFi2h.jpg
train_100k_indoor_0007_jpg.rf.FWtDupYTIfjBBAfkFi2h_photo.jpg,/home/thaimq/CashVision/results_c2/fold_1/val_augmented/images/train_100k_indoor_0007_jpg.rf.FWtDupYTIfjBBAfkFi2h_photo.jpg,/home/thaimq/CashVision/results_c2/fold_1/val_augmented/labels/train_100k_indoor_0007_jpg.rf.FWtDupYTIfjBBAfkFi2h_photo.txt,100000,indoor,false,photometric,train_100k_indoor_0007_jpg.rf.FWtDupYTIfjBBAfkFi2h,/home/thaimq/CashVision/results/protocol_a_kfold/fold_2/val_indoor/images/train_100k_indoor_0007_jpg.rf.FWtDupYTIfjBBAfkFi2h.jpg
train_100k_indoor_0007_jpg.rf.FWtDupYTIfjBBAfkFi2h_light.jpg,/home/thaimq/CashVision/results_c2/fold_1/val_augmented/images/train_100k_indoor_0007_jpg.rf.FWtDupYTIfjBBAfkFi2h_light.jpg,/home/thaimq/CashVision/results_c2/fold_1/val_augmented/labels/train_100k_indoor_0007_jpg.rf.FWtDupYTIfjBBAfkFi2h_light.txt,100000,light_aug,false,light_pair,train_100k_indoor_0007_jpg.rf.FWtDupYTIfjBBAfkFi2h,/home/thaimq/CashVision/results/protocol_a_kfold/fold_2/val_indoor/images/train_100k_indoor_0007_jpg.rf.FWtDupYTIfjBBAfkFi2h.jpg
train_100k_indoor_0007_jpg.rf.FWtDupYTIfjBBAfkFi2h_dark.jpg,/home/thaimq/CashVision/results_c2/fold_1/val_augmented/images/train_100k_indoor_0007_jpg.rf.FWtDupYTIfjBBAfkFi2h_dark.jpg,/home/thaimq/CashVision/results_c2/fold_1/val_augmented/labels/train_100k_indoor_0007_jpg.rf.FWtDupYTIfjBBAfkFi2h_dark.txt,100000,dark_aug,false,dark_pair,train_100k_indoor_0007_jpg.rf.FWtDupYTIfjBBAfkFi2h,/home/thaimq/CashVision/results/protocol_a_kfold/fold_2/val_indoor/images/train_100k_indoor_0007_jpg.rf.FWtDupYTIfjBBAfkFi2h.jpg
train_100k_indoor_0007_jpg.rf.FWtDupYTIfjBBAfkFi2h_local.jpg,/home/thaimq/CashVision/results_c2/fold_1/val_augmented/images/train_100k_indoor_0007_jpg.rf.FWtDupYTIfjBBAfkFi2h_local.jpg,/home/thaimq/CashVision/results_c2/fold_1/val_augmented/labels/train_100k_indoor_0007_jpg.rf.FWtDupYTIfjBBAfkFi2h_local.txt,100000,local_aug,false,local_only,train_100k_indoor_0007_jpg.rf.FWtDupYTIfjBBAfkFi2h,/home/thaimq/CashVision/results/protocol_a_kfold/fold_2/val_indoor/images/train_100k_indoor_0007_jpg.rf.FWtDupYTIfjBBAfkFi2h.jpg
train_200k_indoor_0010_jpg.rf.EMa68KfC7rhYfaxBM9Cf.jpg,/home/thaimq/CashVision/results/protocol_a_kfold/fold_2/train/images/train_200k_indoor_0010_jpg.rf.EMa68KfC7rhYfaxBM9Cf.jpg,/home/thaimq/CashVision/results/protocol_a_kfold/fold_2/train/labels/train_200k_indoor_0010_jpg.rf.EMa68KfC7rhYfaxBM9Cf.txt,200000,indoor,false,original,train_200k_indoor_0010_jpg.rf.EMa68KfC7rhYfaxBM9Cf,/home/thaimq/CashVision/results/protocol_a_kfold/fold_2/train/images/train_200k_indoor_0010_jpg.rf.EMa68KfC7rhYfaxBM9Cf.jpg
train_200k_indoor_0010_jpg.rf.EMa68KfC7rhYfaxBM9Cf_photo.jpg,/home/thaimq/CashVision/results_c2/fold_1/val_augmented/images/train_200k_indoor_0010_jpg.rf.EMa68KfC7rhYfaxBM9Cf_photo.jpg,/home/thaimq/CashVision/results_c2/fold_1/val_augmented/labels/train_200k_indoor_0010_jpg.rf.EMa68KfC7rhYfaxBM9Cf_photo.txt,200000,indoor,false,photometric,train_200k_indoor_0010_jpg.rf.EMa68KfC7rhYfaxBM9Cf,/home/thaimq/CashVision/results/protocol_a_kfold/fold_2/train/images/train_200k_indoor_0010_jpg.rf.EMa68KfC7rhYfaxBM9Cf.jpg
train_200k_indoor_0010_jpg.rf.EMa68KfC7rhYfaxBM9Cf_light.jpg,/home/thaimq/CashVision/results_c2/fold_1/val_augmented/images/train_200k_indoor_0010_jpg.rf.EMa68KfC7rhYfaxBM9Cf_light.jpg,/home/thaimq/CashVision/results_c2/fold_1/val_augmented/labels/train_200k_indoor_0010_jpg.rf.EMa68KfC7rhYfaxBM9Cf_light.txt,200000,light_aug,false,light_pair,train_200k_indoor_0010_jpg.rf.EMa68KfC7rhYfaxBM9Cf,/home/thaimq/CashVision/results/protocol_a_kfold/fold_2/train/images/train_200k_indoor_0010_jpg.rf.EMa68KfC7rhYfaxBM9Cf.jpg
train_200k_indoor_0010_jpg.rf.EMa68KfC7rhYfaxBM9Cf_dark.jpg,/home/thaimq/CashVision/results_c2/fold_1/val_augmented/images/train_200k_indoor_0010_jpg.rf.EMa68KfC7rhYfaxBM9Cf_dark.jpg,/home/thaimq/CashVision/results_c2/fold_1/val_augmented/labels/train_200k_indoor_0010_jpg.rf.EMa68KfC7rhYfaxBM9Cf_dark.txt,200000,dark_aug,false,dark_pair,train_200k_indoor_0010_jpg.rf.EMa68KfC7rhYfaxBM9Cf,/home/thaimq/CashVision/results/protocol_a_kfold/fold_2/train/images/train_200k_indoor_0010_jpg.rf.EMa68KfC7rhYfaxBM9Cf.jpg
train_200k_indoor_0010_jpg.rf.EMa68KfC7rhYfaxBM9Cf_local.jpg,/home/thaimq/CashVision/results_c2/fold_1/val_augmented/images/train_200k_indoor_0010_jpg.rf.EMa68KfC7rhYfaxBM9Cf_local.jpg,/home/thaimq/CashVision/results_c2/fold_1/val_augmented/labels/train_200k_indoor_0010_jpg.rf.EMa68KfC7rhYfaxBM9Cf_local.txt,200000,local_aug,false,local_only,train_200k_indoor_0010_jpg.rf.EMa68KfC7rhYfaxBM9Cf,/home/thaimq/CashVision/results/protocol_a_kfold/fold_2/train/images/train_200k_indoor_0010_jpg.rf.EMa68KfC7rhYfaxBM9Cf.jpg
train_500k_indoor_0043_jpg.rf.E24WJM2yIlFW0VYR1hiK.jpg,/home/thaimq/CashVision/results/protocol_a_kfold/fold_2/train/images/train_500k_indoor_0043_jpg.rf.E24WJM2yIlFW0VYR1hiK.jpg,/home/thaimq/CashVision/results/protocol_a_kfold/fold_2/train/labels/train_500k_indoor_0043_jpg.rf.E24WJM2yIlFW0VYR1hiK.txt,500000,indoor,false,original,train_500k_indoor_0043_jpg.rf.E24WJM2yIlFW0VYR1hiK,/home/thaimq/CashVision/results/protocol_a_kfold/fold_2/train/images/train_500k_indoor_0043_jpg.rf.E24WJM2yIlFW0VYR1hiK.jpg
train_500k_indoor_0043_jpg.rf.E24WJM2yIlFW0VYR1hiK_photo.jpg,/home/thaimq/CashVision/results_c2/fold_1/val_augmented/images/train_500k_indoor_0043_jpg.rf.E24WJM2yIlFW0VYR1hiK_photo.jpg,/home/thaimq/CashVision/results_c2/fold_1/val_augmented/labels/train_500k_indoor_0043_jpg.rf.E24WJM2yIlFW0VYR1hiK_photo.txt,500000,indoor,false,photometric,train_500k_indoor_0043_jpg.rf.E24WJM2yIlFW0VYR1hiK,/home/thaimq/CashVision/results/protocol_a_kfold/fold_2/train/images/train_500k_indoor_0043_jpg.rf.E24WJM2yIlFW0VYR1hiK.jpg
train_500k_indoor_0043_jpg.rf.E24WJM2yIlFW0VYR1hiK_light.jpg,/home/thaimq/CashVision/results_c2/fold_1/val_augmented/images/train_500k_indoor_0043_jpg.rf.E24WJM2yIlFW0VYR1hiK_light.jpg,/home/thaimq/CashVision/results_c2/fold_1/val_augmented/labels/train_500k_indoor_0043_jpg.rf.E24WJM2yIlFW0VYR1hiK_light.txt,500000,light_aug,false,light_pair,train_500k_indoor_0043_jpg.rf.E24WJM2yIlFW0VYR1hiK,/home/thaimq/CashVision/results/protocol_a_kfold/fold_2/train/images/train_500k_indoor_0043_jpg.rf.E24WJM2yIlFW0VYR1hiK.jpg
train_500k_indoor_0043_jpg.rf.E24WJM2yIlFW0VYR1hiK_dark.jpg,/home/thaimq/CashVision/results_c2/fold_1/val_augmented/images/train_500k_indoor_0043_jpg.rf.E24WJM2yIlFW0VYR1hiK_dark.jpg,/home/thaimq/CashVision/results_c2/fold_1/val_augmented/labels/train_500k_indoor_0043_jpg.rf.E24WJM2yIlFW0VYR1hiK_dark.txt,500000,dark_aug,false,dark_pair,train_500k_indoor_0043_jpg.rf.E24WJM2yIlFW0VYR1hiK,/home/thaimq/CashVision/results/protocol_a_kfold/fold_2/train/images/train_500k_indoor_0043_jpg.rf.E24WJM2yIlFW0VYR1hiK.jpg
train_500k_indoor_0043_jpg.rf.E24WJM2yIlFW0VYR1hiK_local.jpg,/home/thaimq/CashVision/results_c2/fold_1/val_augmented/images/train_500k_indoor_0043_jpg.rf.E24WJM2yIlFW0VYR1hiK_local.jpg,/home/thaimq/CashVision/results_c2/fold_1/val_augmented/labels/train_500k_indoor_0043_jpg.rf.E24WJM2yIlFW0VYR1hiK_local.txt,500000,local_aug,false,local_only,train_500k_indoor_0043_jpg.rf.E24WJM2yIlFW0VYR1hiK,/home/thaimq/CashVision/results/protocol_a_kfold/fold_2/train/images/train_500k_indoor_0043_jpg.rf.E24WJM2yIlFW0VYR1hiK.jpg
train_10k_torn_clean_0018_jpg.rf.vAIVCRY6tIb2OVLY0WAo.jpg,/home/thaimq/CashVision/results/protocol_a_kfold/fold_2/train/images/train_10k_torn_clean_0018_jpg.rf.vAIVCRY6tIb2OVLY0WAo.jpg,/home/thaimq/CashVision/results/protocol_a_kfold/fold_2/train/labels/train_10k_torn_clean_0018_jpg.rf.vAIVCRY6tIb2OVLY0WAo.txt,10000,torn_clean,true,original,train_10k_torn_clean_0018_jpg.rf.vAIVCRY6tIb2OVLY0WAo,/home/thaimq/CashVision/results/protocol_a_kfold/fold_2/train/images/train_10k_torn_clean_0018_jpg.rf.vAIVCRY6tIb2OVLY0WAo.jpg
train_10k_torn_clean_0018_jpg.rf.vAIVCRY6tIb2OVLY0WAo_photo.jpg,/home/thaimq/CashVision/results_c2/fold_1/val_augmented/images/train_10k_torn_clean_0018_jpg.rf.vAIVCRY6tIb2OVLY0WAo_photo.jpg,/home/thaimq/CashVision/results_c2/fold_1/val_augmented/labels/train_10k_torn_clean_0018_jpg.rf.vAIVCRY6tIb2OVLY0WAo_photo.txt,10000,torn_clean,true,photometric,train_10k_torn_clean_0018_jpg.rf.vAIVCRY6tIb2OVLY0WAo,/home/thaimq/CashVision/results/protocol_a_kfold/fold_2/train/images/train_10k_torn_clean_0018_jpg.rf.vAIVCRY6tIb2OVLY0WAo.jpg
train_10k_torn_clean_0018_jpg.rf.vAIVCRY6tIb2OVLY0WAo_light.jpg,/home/thaimq/CashVision/results_c2/fold_1/val_augmented/images/train_10k_torn_clean_0018_jpg.rf.vAIVCRY6tIb2OVLY0WAo_light.jpg,/home/thaimq/CashVision/results_c2/fold_1/val_augmented/labels/train_10k_torn_clean_0018_jpg.rf.vAIVCRY6tIb2OVLY0WAo_light.txt,10000,light_aug,true,light_pair,train_10k_torn_clean_0018_jpg.rf.vAIVCRY6tIb2OVLY0WAo,/home/thaimq/CashVision/results/protocol_a_kfold/fold_2/train/images/train_10k_torn_clean_0018_jpg.rf.vAIVCRY6tIb2OVLY0WAo.jpg
train_10k_torn_clean_0018_jpg.rf.vAIVCRY6tIb2OVLY0WAo_dark.jpg,/home/thaimq/CashVision/results_c2/fold_1/val_augmented/images/train_10k_torn_clean_0018_jpg.rf.vAIVCRY6tIb2OVLY0WAo_dark.jpg,/home/thaimq/CashVision/results_c2/fold_1/val_augmented/labels/train_10k_torn_clean_0018_jpg.rf.vAIVCRY6tIb2OVLY0WAo_dark.txt,10000,dark_aug,true,dark_pair,train_10k_torn_clean_0018_jpg.rf.vAIVCRY6tIb2OVLY0WAo,/home/thaimq/CashVision/results/protocol_a_kfold/fold_2/train/images/train_10k_torn_clean_0018_jpg.rf.vAIVCRY6tIb2OVLY0WAo.jpg
train_10k_torn_clean_0018_jpg.rf.vAIVCRY6tIb2OVLY0WAo_local.jpg,/home/thaimq/CashVision/results_c2/fold_1/val_augmented/images/train_10k_torn_clean_0018_jpg.rf.vAIVCRY6tIb2OVLY0WAo_local.jpg,/home/thaimq/CashVision/results_c2/fold_1/val_augmented/labels/train_10k_torn_clean_0018_jpg.rf.vAIVCRY6tIb2OVLY0WAo_local.txt,10000,local_aug,true,local_only,train_10k_torn_clean_0018_jpg.rf.vAIVCRY6tIb2OVLY0WAo,/home/thaimq/CashVision/results/protocol_a_kfold/fold_2/train/images/train_10k_torn_clean_0018_jpg.rf.vAIVCRY6tIb2OVLY0WAo.jpg
train_500k_torn_clean_0009_jpg.rf.9LbjiDx8x1f6Qgk69w6J.jpg,/home/thaimq/CashVision/results/protocol_a_kfold/fold_2/train/images/train_500k_torn_clean_0009_jpg.rf.9LbjiDx8x1f6Qgk69w6J.jpg,/home/thaimq/CashVision/results/protocol_a_kfold/fold_2/train/labels/train_500k_torn_clean_0009_jpg.rf.9LbjiDx8x1f6Qgk69w6J.txt,500000,torn_clean,true,original,train_500k_torn_clean_0009_jpg.rf.9LbjiDx8x1f6Qgk69w6J,/home/thaimq/CashVision/results/protocol_a_kfold/fold_2/train/images/train_500k_torn_clean_0009_jpg.rf.9LbjiDx8x1f6Qgk69w6J.jpg
train_500k_torn_clean_0009_jpg.rf.9LbjiDx8x1f6Qgk69w6J_photo.jpg,/home/thaimq/CashVision/results_c2/fold_1/val_augmented/images/train_500k_torn_clean_0009_jpg.rf.9LbjiDx8x1f6Qgk69w6J_photo.jpg,/home/thaimq/CashVision/results_c2/fold_1/val_augmented/labels/train_500k_torn_clean_0009_jpg.rf.9LbjiDx8x1f6Qgk69w6J_photo.txt,500000,torn_clean,true,photometric,train_500k_torn_clean_0009_jpg.rf.9LbjiDx8x1f6Qgk69w6J,/home/thaimq/CashVision/results/protocol_a_kfold/fold_2/train/images/train_500k_torn_clean_0009_jpg.rf.9LbjiDx8x1f6Qgk69w6J.jpg
train_500k_torn_clean_0009_jpg.rf.9LbjiDx8x1f6Qgk69w6J_light.jpg,/home/thaimq/CashVision/results_c2/fold_1/val_augmented/images/train_500k_torn_clean_0009_jpg.rf.9LbjiDx8x1f6Qgk69w6J_light.jpg,/home/thaimq/CashVision/results_c2/fold_1/val_augmented/labels/train_500k_torn_clean_0009_jpg.rf.9LbjiDx8x1f6Qgk69w6J_light.txt,500000,light_aug,true,light_pair,train_500k_torn_clean_0009_jpg.rf.9LbjiDx8x1f6Qgk69w6J,/home/thaimq/CashVision/results/protocol_a_kfold/fold_2/train/images/train_500k_torn_clean_0009_jpg.rf.9LbjiDx8x1f6Qgk69w6J.jpg
train_500k_torn_clean_0009_jpg.rf.9LbjiDx8x1f6Qgk69w6J_dark.jpg,/home/thaimq/CashVision/results_c2/fold_1/val_augmented/images/train_500k_torn_clean_0009_jpg.rf.9LbjiDx8x1f6Qgk69w6J_dark.jpg,/home/thaimq/CashVision/results_c2/fold_1/val_augmented/labels/train_500k_torn_clean_0009_jpg.rf.9LbjiDx8x1f6Qgk69w6J_dark.txt,500000,dark_aug,true,dark_pair,train_500k_torn_clean_0009_jpg.rf.9LbjiDx8x1f6Qgk69w6J,/home/thaimq/CashVision/results/protocol_a_kfold/fold_2/train/images/train_500k_torn_clean_0009_jpg.rf.9LbjiDx8x1f6Qgk69w6J.jpg
train_500k_torn_clean_0009_jpg.rf.9LbjiDx8x1f6Qgk69w6J_local.jpg,/home/thaimq/CashVision/results_c2/fold_1/val_augmented/images/train_500k_torn_clean_0009_jpg.rf.9LbjiDx8x1f6Qgk69w6J_local.jpg,/home/thaimq/CashVision/results_c2/fold_1/val_augmented/labels/train_500k_torn_clean_0009_jpg.rf.9LbjiDx8x1f6Qgk69w6J_local.txt,500000,local_aug,true,local_only,train_500k_torn_clean_0009_jpg.rf.9LbjiDx8x1f6Qgk69w6J,/home/thaimq/CashVision/results/protocol_a_kfold/fold_2/train/images/train_500k_torn_clean_0009_jpg.rf.9LbjiDx8x1f6Qgk69w6J.jpg
train_100k_torn_clean_0013_jpg.rf.jMkbHN3BzrDnTD4Rm3Sx.jpg,/home/thaimq/CashVision/results/protocol_a_kfold/fold_2/train/images/train_100k_torn_clean_0013_jpg.rf.jMkbHN3BzrDnTD4Rm3Sx.jpg,/home/thaimq/CashVision/results/protocol_a_kfold/fold_2/train/labels/train_100k_torn_clean_0013_jpg.rf.jMkbHN3BzrDnTD4Rm3Sx.txt,100000,torn_clean,true,original,train_100k_torn_clean_0013_jpg.rf.jMkbHN3BzrDnTD4Rm3Sx,/home/thaimq/CashVision/results/protocol_a_kfold/fold_2/train/images/train_100k_torn_clean_0013_jpg.rf.jMkbHN3BzrDnTD4Rm3Sx.jpg
train_100k_torn_clean_0013_jpg.rf.jMkbHN3BzrDnTD4Rm3Sx_photo.jpg,/home/thaimq/CashVision/results_c2/fold_1/val_augmented/images/train_100k_torn_clean_0013_jpg.rf.jMkbHN3BzrDnTD4Rm3Sx_photo.jpg,/home/thaimq/CashVision/results_c2/fold_1/val_augmented/labels/train_100k_torn_clean_0013_jpg.rf.jMkbHN3BzrDnTD4Rm3Sx_photo.txt,100000,torn_clean,true,photometric,train_100k_torn_clean_0013_jpg.rf.jMkbHN3BzrDnTD4Rm3Sx,/home/thaimq/CashVision/results/protocol_a_kfold/fold_2/train/images/train_100k_torn_clean_0013_jpg.rf.jMkbHN3BzrDnTD4Rm3Sx.jpg
train_100k_torn_clean_0013_jpg.rf.jMkbHN3BzrDnTD4Rm3Sx_light.jpg,/home/thaimq/CashVision/results_c2/fold_1/val_augmented/images/train_100k_torn_clean_0013_jpg.rf.jMkbHN3BzrDnTD4Rm3Sx_light.jpg,/home/thaimq/CashVision/results_c2/fold_1/val_augmented/labels/train_100k_torn_clean_0013_jpg.rf.jMkbHN3BzrDnTD4Rm3Sx_light.txt,100000,light_aug,true,light_pair,train_100k_torn_clean_0013_jpg.rf.jMkbHN3BzrDnTD4Rm3Sx,/home/thaimq/CashVision/results/protocol_a_kfold/fold_2/train/images/train_100k_torn_clean_0013_jpg.rf.jMkbHN3BzrDnTD4Rm3Sx.jpg
train_100k_torn_clean_0013_jpg.rf.jMkbHN3BzrDnTD4Rm3Sx_dark.jpg,/home/thaimq/CashVision/results_c2/fold_1/val_augmented/images/train_100k_torn_clean_0013_jpg.rf.jMkbHN3BzrDnTD4Rm3Sx_dark.jpg,/home/thaimq/CashVision/results_c2/fold_1/val_augmented/labels/train_100k_torn_clean_0013_jpg.rf.jMkbHN3BzrDnTD4Rm3Sx_dark.txt,100000,dark_aug,true,dark_pair,train_100k_torn_clean_0013_jpg.rf.jMkbHN3BzrDnTD4Rm3Sx,/home/thaimq/CashVision/results/protocol_a_kfold/fold_2/train/images/train_100k_torn_clean_0013_jpg.rf.jMkbHN3BzrDnTD4Rm3Sx.jpg
train_100k_torn_clean_0013_jpg.rf.jMkbHN3BzrDnTD4Rm3Sx_local.jpg,/home/thaimq/CashVision/results_c2/fold_1/val_augmented/images/train_100k_torn_clean_0013_jpg.rf.jMkbHN3BzrDnTD4Rm3Sx_local.jpg,/home/thaimq/CashVision/results_c2/fold_1/val_augmented/labels/train_100k_torn_clean_0013_jpg.rf.jMkbHN3BzrDnTD4Rm3Sx_local.txt,100000,local_aug,true,local_only,train_100k_torn_clean_0013_jpg.rf.jMkbHN3BzrDnTD4Rm3Sx,/home/thaimq/CashVision/results/protocol_a_kfold/fold_2/train/images/train_100k_torn_clean_0013_jpg.rf.jMkbHN3BzrDnTD4Rm3Sx.jpg
train_200k_torn_clean_0020_jpg.rf.Sxq3mov8HsbyYuywWA6j.jpg,/home/thaimq/CashVision/results/protocol_a_kfold/fold_2/train/images/train_200k_torn_clean_0020_jpg.rf.Sxq3mov8HsbyYuywWA6j.jpg,/home/thaimq/CashVision/results/protocol_a_kfold/fold_2/train/labels/train_200k_torn_clean_0020_jpg.rf.Sxq3mov8HsbyYuywWA6j.txt,200000,torn_clean,true,original,train_200k_torn_clean_0020_jpg.rf.Sxq3mov8HsbyYuywWA6j,/home/thaimq/CashVision/results/protocol_a_kfold/fold_2/train/images/train_200k_torn_clean_0020_jpg.rf.Sxq3mov8HsbyYuywWA6j.jpg
train_200k_torn_clean_0020_jpg.rf.Sxq3mov8HsbyYuywWA6j_photo.jpg,/home/thaimq/CashVision/results_c2/fold_1/val_augmented/images/train_200k_torn_clean_0020_jpg.rf.Sxq3mov8HsbyYuywWA6j_photo.jpg,/home/thaimq/CashVision/results_c2/fold_1/val_augmented/labels/train_200k_torn_clean_0020_jpg.rf.Sxq3mov8HsbyYuywWA6j_photo.txt,200000,torn_clean,true,photometric,train_200k_torn_clean_0020_jpg.rf.Sxq3mov8HsbyYuywWA6j,/home/thaimq/CashVision/results/protocol_a_kfold/fold_2/train/images/train_200k_torn_clean_0020_jpg.rf.Sxq3mov8HsbyYuywWA6j.jpg
train_200k_torn_clean_0020_jpg.rf.Sxq3mov8HsbyYuywWA6j_light.jpg,/home/thaimq/CashVision/results_c2/fold_1/val_augmented/images/train_200k_torn_clean_0020_jpg.rf.Sxq3mov8HsbyYuywWA6j_light.jpg,/home/thaimq/CashVision/results_c2/fold_1/val_augmented/labels/train_200k_torn_clean_0020_jpg.rf.Sxq3mov8HsbyYuywWA6j_light.txt,200000,light_aug,true,light_pair,train_200k_torn_clean_0020_jpg.rf.Sxq3mov8HsbyYuywWA6j,/home/thaimq/CashVision/results/protocol_a_kfold/fold_2/train/images/train_200k_torn_clean_0020_jpg.rf.Sxq3mov8HsbyYuywWA6j.jpg
train_200k_torn_clean_0020_jpg.rf.Sxq3mov8HsbyYuywWA6j_dark.jpg,/home/thaimq/CashVision/results_c2/fold_1/val_augmented/images/train_200k_torn_clean_0020_jpg.rf.Sxq3mov8HsbyYuywWA6j_dark.jpg,/home/thaimq/CashVision/results_c2/fold_1/val_augmented/labels/train_200k_torn_clean_0020_jpg.rf.Sxq3mov8HsbyYuywWA6j_dark.txt,200000,dark_aug,true,dark_pair,train_200k_torn_clean_0020_jpg.rf.Sxq3mov8HsbyYuywWA6j,/home/thaimq/CashVision/results/protocol_a_kfold/fold_2/train/images/train_200k_torn_clean_0020_jpg.rf.Sxq3mov8HsbyYuywWA6j.jpg
train_200k_torn_clean_0020_jpg.rf.Sxq3mov8HsbyYuywWA6j_local.jpg,/home/thaimq/CashVision/results_c2/fold_1/val_augmented/images/train_200k_torn_clean_0020_jpg.rf.Sxq3mov8HsbyYuywWA6j_local.jpg,/home/thaimq/CashVision/results_c2/fold_1/val_augmented/labels/train_200k_torn_clean_0020_jpg.rf.Sxq3mov8HsbyYuywWA6j_local.txt,200000,local_aug,true,local_only,train_200k_torn_clean_0020_jpg.rf.Sxq3mov8HsbyYuywWA6j,/home/thaimq/CashVision/results/protocol_a_kfold/fold_2/train/images/train_200k_torn_clean_0020_jpg.rf.Sxq3mov8HsbyYuywWA6j.jpg
train_50k_indoor_0031_jpg.rf.5VkaUvvabTsuryS6dtl5.jpg,/home/thaimq/CashVision/results/protocol_a_kfold/fold_2/train/images/train_50k_indoor_0031_jpg.rf.5VkaUvvabTsuryS6dtl5.jpg,/home/thaimq/CashVision/results/protocol_a_kfold/fold_2/train/labels/train_50k_indoor_0031_jpg.rf.5VkaUvvabTsuryS6dtl5.txt,50000,indoor,false,original,train_50k_indoor_0031_jpg.rf.5VkaUvvabTsuryS6dtl5,/home/thaimq/CashVision/results/protocol_a_kfold/fold_2/train/images/train_50k_indoor_0031_jpg.rf.5VkaUvvabTsuryS6dtl5.jpg
train_50k_indoor_0031_jpg.rf.5VkaUvvabTsuryS6dtl5_photo.jpg,/home/thaimq/CashVision/results_c2/fold_1/val_augmented/images/train_50k_indoor_0031_jpg.rf.5VkaUvvabTsuryS6dtl5_photo.jpg,/home/thaimq/CashVision/results_c2/fold_1/val_augmented/labels/train_50k_indoor_0031_jpg.rf.5VkaUvvabTsuryS6dtl5_photo.txt,50000,indoor,false,photometric,train_50k_indoor_0031_jpg.rf.5VkaUvvabTsuryS6dtl5,/home/thaimq/CashVision/results/protocol_a_kfold/fold_2/train/images/train_50k_indoor_0031_jpg.rf.5VkaUvvabTsuryS6dtl5.jpg
train_50k_indoor_0031_jpg.rf.5VkaUvvabTsuryS6dtl5_light.jpg,/home/thaimq/CashVision/results_c2/fold_1/val_augmented/images/train_50k_indoor_0031_jpg.rf.5VkaUvvabTsuryS6dtl5_light.jpg,/home/thaimq/CashVision/results_c2/fold_1/val_augmented/labels/train_50k_indoor_0031_jpg.rf.5VkaUvvabTsuryS6dtl5_light.txt,50000,light_aug,false,light_pair,train_50k_indoor_0031_jpg.rf.5VkaUvvabTsuryS6dtl5,/home/thaimq/CashVision/results/protocol_a_kfold/fold_2/train/images/train_50k_indoor_0031_jpg.rf.5VkaUvvabTsuryS6dtl5.jpg
train_50k_indoor_0031_jpg.rf.5VkaUvvabTsuryS6dtl5_dark.jpg,/home/thaimq/CashVision/results_c2/fold_1/val_augmented/images/train_50k_indoor_0031_jpg.rf.5VkaUvvabTsuryS6dtl5_dark.jpg,/home/thaimq/CashVision/results_c2/fold_1/val_augmented/labels/train_50k_indoor_0031_jpg.rf.5VkaUvvabTsuryS6dtl5_dark.txt,50000,dark_aug,false,dark_pair,train_50k_indoor_0031_jpg.rf.5VkaUvvabTsuryS6dtl5,/home/thaimq/CashVision/results/protocol_a_kfold/fold_2/train/images/train_50k_indoor_0031_jpg.rf.5VkaUvvabTsuryS6dtl5.jpg
train_50k_indoor_0031_jpg.rf.5VkaUvvabTsuryS6dtl5_local.jpg,/home/thaimq/CashVision/results_c2/fold_1/val_augmented/images/train_50k_indoor_0031_jpg.rf.5VkaUvvabTsuryS6dtl5_local.jpg,/home/thaimq/CashVision/results_c2/fold_1/val_augmented/labels/train_50k_indoor_0031_jpg.rf.5VkaUvvabTsuryS6dtl5_local.txt,50000,local_aug,false,local_only,train_50k_indoor_0031_jpg.rf.5VkaUvvabTsuryS6dtl5,/home/thaimq/CashVision/results/protocol_a_kfold/fold_2/train/images/train_50k_indoor_0031_jpg.rf.5VkaUvvabTsuryS6dtl5.jpg
train_200k_torn_clean_0019_jpg.rf.Tbhe7W44v6WB4YHacyDr.jpg,/home/thaimq/CashVision/results/protocol_a_kfold/fold_2/train/images/train_200k_torn_clean_0019_jpg.rf.Tbhe7W44v6WB4YHacyDr.jpg,/home/thaimq/CashVision/results/protocol_a_kfold/fold_2/train/labels/train_200k_torn_clean_0019_jpg.rf.Tbhe7W44v6WB4YHacyDr.txt,200000,torn_clean,true,original,train_200k_torn_clean_0019_jpg.rf.Tbhe7W44v6WB4YHacyDr,/home/thaimq/CashVision/results/protocol_a_kfold/fold_2/train/images/train_200k_torn_clean_0019_jpg.rf.Tbhe7W44v6WB4YHacyDr.jpg
train_200k_torn_clean_0019_jpg.rf.Tbhe7W44v6WB4YHacyDr_photo.jpg,/home/thaimq/CashVision/results_c2/fold_1/val_augmented/images/train_200k_torn_clean_0019_jpg.rf.Tbhe7W44v6WB4YHacyDr_photo.jpg,/home/thaimq/CashVision/results_c2/fold_1/val_augmented/labels/train_200k_torn_clean_0019_jpg.rf.Tbhe7W44v6WB4YHacyDr_photo.txt,200000,torn_clean,true,photometric,train_200k_torn_clean_0019_jpg.rf.Tbhe7W44v6WB4YHacyDr,/home/thaimq/CashVision/results/protocol_a_kfold/fold_2/train/images/train_200k_torn_clean_0019_jpg.rf.Tbhe7W44v6WB4YHacyDr.jpg
train_200k_torn_clean_0019_jpg.rf.Tbhe7W44v6WB4YHacyDr_light.jpg,/home/thaimq/CashVision/results_c2/fold_1/val_augmented/images/train_200k_torn_clean_0019_jpg.rf.Tbhe7W44v6WB4YHacyDr_light.jpg,/home/thaimq/CashVision/results_c2/fold_1/val_augmented/labels/train_200k_torn_clean_0019_jpg.rf.Tbhe7W44v6WB4YHacyDr_light.txt,200000,light_aug,true,light_pair,train_200k_torn_clean_0019_jpg.rf.Tbhe7W44v6WB4YHacyDr,/home/thaimq/CashVision/results/protocol_a_kfold/fold_2/train/images/train_200k_torn_clean_0019_jpg.rf.Tbhe7W44v6WB4YHacyDr.jpg
train_200k_torn_clean_0019_jpg.rf.Tbhe7W44v6WB4YHacyDr_dark.jpg,/home/thaimq/CashVision/results_c2/fold_1/val_augmented/images/train_200k_torn_clean_0019_jpg.rf.Tbhe7W44v6WB4YHacyDr_dark.jpg,/home/thaimq/CashVision/results_c2/fold_1/val_augmented/labels/train_200k_torn_clean_0019_jpg.rf.Tbhe7W44v6WB4YHacyDr_dark.txt,200000,dark_aug,true,dark_pair,train_200k_torn_clean_0019_jpg.rf.Tbhe7W44v6WB4YHacyDr,/home/thaimq/CashVision/results/protocol_a_kfold/fold_2/train/images/train_200k_torn_clean_0019_jpg.rf.Tbhe7W44v6WB4YHacyDr.jpg
train_200k_torn_clean_0019_jpg.rf.Tbhe7W44v6WB4YHacyDr_local.jpg,/home/thaimq/CashVision/results_c2/fold_1/val_augmented/images/train_200k_torn_clean_0019_jpg.rf.Tbhe7W44v6WB4YHacyDr_local.jpg,/home/thaimq/CashVision/results_c2/fold_1/val_augmented/labels/train_200k_torn_clean_0019_jpg.rf.Tbhe7W44v6WB4YHacyDr_local.txt,200000,local_aug,true,local_only,train_200k_torn_clean_0019_jpg.rf.Tbhe7W44v6WB4YHacyDr,/home/thaimq/CashVision/results/protocol_a_kfold/fold_2/train/images/train_200k_torn_clean_0019_jpg.rf.Tbhe7W44v6WB4YHacyDr.jpg
train_10k_torn_clean_0021_jpg.rf.qQFcVAJ54qdtHmN6iYz1.jpg,/home/thaimq/CashVision/results/protocol_a_kfold/fold_2/val_indoor/images/train_10k_torn_clean_0021_jpg.rf.qQFcVAJ54qdtHmN6iYz1.jpg,/home/thaimq/CashVision/results/protocol_a_kfold/fold_2/val_indoor/labels/train_10k_torn_clean_0021_jpg.rf.qQFcVAJ54qdtHmN6iYz1.txt,10000,torn_clean,true,original,train_10k_torn_clean_0021_jpg.rf.qQFcVAJ54qdtHmN6iYz1,/home/thaimq/CashVision/results/protocol_a_kfold/fold_2/val_indoor/images/train_10k_torn_clean_0021_jpg.rf.qQFcVAJ54qdtHmN6iYz1.jpg
train_10k_torn_clean_0021_jpg.rf.qQFcVAJ54qdtHmN6iYz1_photo.jpg,/home/thaimq/CashVision/results_c2/fold_1/val_augmented/images/train_10k_torn_clean_0021_jpg.rf.qQFcVAJ54qdtHmN6iYz1_photo.jpg,/home/thaimq/CashVision/results_c2/fold_1/val_augmented/labels/train_10k_torn_clean_0021_jpg.rf.qQFcVAJ54qdtHmN6iYz1_photo.txt,10000,torn_clean,true,photometric,train_10k_torn_clean_0021_jpg.rf.qQFcVAJ54qdtHmN6iYz1,/home/thaimq/CashVision/results/protocol_a_kfold/fold_2/val_indoor/images/train_10k_torn_clean_0021_jpg.rf.qQFcVAJ54qdtHmN6iYz1.jpg
train_10k_torn_clean_0021_jpg.rf.qQFcVAJ54qdtHmN6iYz1_light.jpg,/home/thaimq/CashVision/results_c2/fold_1/val_augmented/images/train_10k_torn_clean_0021_jpg.rf.qQFcVAJ54qdtHmN6iYz1_light.jpg,/home/thaimq/CashVision/results_c2/fold_1/val_augmented/labels/train_10k_torn_clean_0021_jpg.rf.qQFcVAJ54qdtHmN6iYz1_light.txt,10000,light_aug,true,light_pair,train_10k_torn_clean_0021_jpg.rf.qQFcVAJ54qdtHmN6iYz1,/home/thaimq/CashVision/results/protocol_a_kfold/fold_2/val_indoor/images/train_10k_torn_clean_0021_jpg.rf.qQFcVAJ54qdtHmN6iYz1.jpg
train_10k_torn_clean_0021_jpg.rf.qQFcVAJ54qdtHmN6iYz1_dark.jpg,/home/thaimq/CashVision/results_c2/fold_1/val_augmented/images/train_10k_torn_clean_0021_jpg.rf.qQFcVAJ54qdtHmN6iYz1_dark.jpg,/home/thaimq/CashVision/results_c2/fold_1/val_augmented/labels/train_10k_torn_clean_0021_jpg.rf.qQFcVAJ54qdtHmN6iYz1_dark.txt,10000,dark_aug,true,dark_pair,train_10k_torn_clean_0021_jpg.rf.qQFcVAJ54qdtHmN6iYz1,/home/thaimq/CashVision/results/protocol_a_kfold/fold_2/val_indoor/images/train_10k_torn_clean_0021_jpg.rf.qQFcVAJ54qdtHmN6iYz1.jpg
train_10k_torn_clean_0021_jpg.rf.qQFcVAJ54qdtHmN6iYz1_local.jpg,/home/thaimq/CashVision/results_c2/fold_1/val_augmented/images/train_10k_torn_clean_0021_jpg.rf.qQFcVAJ54qdtHmN6iYz1_local.jpg,/home/thaimq/CashVision/results_c2/fold_1/val_augmented/labels/train_10k_torn_clean_0021_jpg.rf.qQFcVAJ54qdtHmN6iYz1_local.txt,10000,local_aug,true,local_only,train_10k_torn_clean_0021_jpg.rf.qQFcVAJ54qdtHmN6iYz1,/home/thaimq/CashVision/results/protocol_a_kfold/fold_2/val_indoor/images/train_10k_torn_clean_0021_jpg.rf.qQFcVAJ54qdtHmN6iYz1.jpg
train_20k_torn_clean_0007_jpg.rf.yb9RvEER3DJP2xcqgrN5_torn_aug1.jpg,/home/thaimq/CashVision/results_c2/fold_1/val_augmented/images/train_20k_torn_clean_0007_jpg.rf.yb9RvEER3DJP2xcqgrN5_torn_aug1.jpg,/home/thaimq/CashVision/results_c2/fold_1/val_augmented/labels/train_20k_torn_clean_0007_jpg.rf.yb9RvEER3DJP2xcqgrN5_torn_aug1.txt,20000,torn_aug,true,torn_oversample,train_20k_torn_clean_0007_jpg.rf.yb9RvEER3DJP2xcqgrN5,/home/thaimq/CashVision/results/protocol_a_kfold/fold_2/train/images/train_20k_torn_clean_0007_jpg.rf.yb9RvEER3DJP2xcqgrN5.jpg
train_20k_torn_clean_0007_jpg.rf.yb9RvEER3DJP2xcqgrN5_torn_aug2.jpg,/home/thaimq/CashVision/results_c2/fold_1/val_augmented/images/train_20k_torn_clean_0007_jpg.rf.yb9RvEER3DJP2xcqgrN5_torn_aug2.jpg,/home/thaimq/CashVision/results_c2/fold_1/val_augmented/labels/train_20k_torn_clean_0007_jpg.rf.yb9RvEER3DJP2xcqgrN5_torn_aug2.txt,20000,torn_aug,true,torn_oversample,train_20k_torn_clean_0007_jpg.rf.yb9RvEER3DJP2xcqgrN5,/home/thaimq/CashVision/results/protocol_a_kfold/fold_2/train/images/train_20k_torn_clean_0007_jpg.rf.yb9RvEER3DJP2xcqgrN5.jpg
train_20k_torn_clean_0007_jpg.rf.yb9RvEER3DJP2xcqgrN5_torn_aug3.jpg,/home/thaimq/CashVision/results_c2/fold_1/val_augmented/images/train_20k_torn_clean_0007_jpg.rf.yb9RvEER3DJP2xcqgrN5_torn_aug3.jpg,/home/thaimq/CashVision/results_c2/fold_1/val_augmented/labels/train_20k_torn_clean_0007_jpg.rf.yb9RvEER3DJP2xcqgrN5_torn_aug3.txt,20000,torn_aug,true,torn_oversample,train_20k_torn_clean_0007_jpg.rf.yb9RvEER3DJP2xcqgrN5,/home/thaimq/CashVision/results/protocol_a_kfold/fold_2/train/images/train_20k_torn_clean_0007_jpg.rf.yb9RvEER3DJP2xcqgrN5.jpg
train_20k_torn_clean_0007_jpg.rf.yb9RvEER3DJP2xcqgrN5_torn_aug4.jpg,/home/thaimq/CashVision/results_c2/fold_1/val_augmented/images/train_20k_torn_clean_0007_jpg.rf.yb9RvEER3DJP2xcqgrN5_torn_aug4.jpg,/home/thaimq/CashVision/results_c2/fold_1/val_augmented/labels/train_20k_torn_clean_0007_jpg.rf.yb9RvEER3DJP2xcqgrN5_torn_aug4.txt,20000,torn_aug,true,torn_oversample,train_20k_torn_clean_0007_jpg.rf.yb9RvEER3DJP2xcqgrN5,/home/thaimq/CashVision/results/protocol_a_kfold/fold_2/train/images/train_20k_torn_clean_0007_jpg.rf.yb9RvEER3DJP2xcqgrN5.jpg
train_20k_torn_clean_0007_jpg.rf.yb9RvEER3DJP2xcqgrN5_torn_aug5.jpg,/home/thaimq/CashVision/results_c2/fold_1/val_augmented/images/train_20k_torn_clean_0007_jpg.rf.yb9RvEER3DJP2xcqgrN5_torn_aug5.jpg,/home/thaimq/CashVision/results_c2/fold_1/val_augmented/labels/train_20k_torn_clean_0007_jpg.rf.yb9RvEER3DJP2xcqgrN5_torn_aug5.txt,20000,torn_aug,true,torn_oversample,train_20k_torn_clean_0007_jpg.rf.yb9RvEER3DJP2xcqgrN5,/home/thaimq/CashVision/results/protocol_a_kfold/fold_2/train/images/train_20k_torn_clean_0007_jpg.rf.yb9RvEER3DJP2xcqgrN5.jpg
train_200k_torn_clean_0025_jpg.rf.YO2JlgSqwHGOCAioWLdq_torn_aug1.jpg,/home/thaimq/CashVision/results_c2/fold_1/val_augmented/images/train_200k_torn_clean_0025_jpg.rf.YO2JlgSqwHGOCAioWLdq_torn_aug1.jpg,/home/thaimq/CashVision/results_c2/fold_1/val_augmented/labels/train_200k_torn_clean_0025_jpg.rf.YO2JlgSqwHGOCAioWLdq_torn_aug1.txt,200000,torn_aug,true,torn_oversample,train_200k_torn_clean_0025_jpg.rf.YO2JlgSqwHGOCAioWLdq,/home/thaimq/CashVision/results/protocol_a_kfold/fold_2/train/images/train_200k_torn_clean_0025_jpg.rf.YO2JlgSqwHGOCAioWLdq.jpg
train_200k_torn_clean_0025_jpg.rf.YO2JlgSqwHGOCAioWLdq_torn_aug2.jpg,/home/thaimq/CashVision/results_c2/fold_1/val_augmented/images/train_200k_torn_clean_0025_jpg.rf.YO2JlgSqwHGOCAioWLdq_torn_aug2.jpg,/home/thaimq/CashVision/results_c2/fold_1/val_augmented/labels/train_200k_torn_clean_0025_jpg.rf.YO2JlgSqwHGOCAioWLdq_torn_aug2.txt,200000,torn_aug,true,torn_oversample,train_200k_torn_clean_0025_jpg.rf.YO2JlgSqwHGOCAioWLdq,/home/thaimq/CashVision/results/protocol_a_kfold/fold_2/train/images/train_200k_torn_clean_0025_jpg.rf.YO2JlgSqwHGOCAioWLdq.jpg
train_200k_torn_clean_0025_jpg.rf.YO2JlgSqwHGOCAioWLdq_torn_aug3.jpg,/home/thaimq/CashVision/results_c2/fold_1/val_augmented/images/train_200k_torn_clean_0025_jpg.rf.YO2JlgSqwHGOCAioWLdq_torn_aug3.jpg,/home/thaimq/CashVision/results_c2/fold_1/val_augmented/labels/train_200k_torn_clean_0025_jpg.rf.YO2JlgSqwHGOCAioWLdq_torn_aug3.txt,200000,torn_aug,true,torn_oversample,train_200k_torn_clean_0025_jpg.rf.YO2JlgSqwHGOCAioWLdq,/home/thaimq/CashVision/results/protocol_a_kfold/fold_2/train/images/train_200k_torn_clean_0025_jpg.rf.YO2JlgSqwHGOCAioWLdq.jpg
train_200k_torn_clean_0025_jpg.rf.YO2JlgSqwHGOCAioWLdq_torn_aug4.jpg,/home/thaimq/CashVision/results_c2/fold_1/val_augmented/images/train_200k_torn_clean_0025_jpg.rf.YO2JlgSqwHGOCAioWLdq_torn_aug4.jpg,/home/thaimq/CashVision/results_c2/fold_1/val_augmented/labels/train_200k_torn_clean_0025_jpg.rf.YO2JlgSqwHGOCAioWLdq_torn_aug4.txt,200000,torn_aug,true,torn_oversample,train_200k_torn_clean_0025_jpg.rf.YO2JlgSqwHGOCAioWLdq,/home/thaimq/CashVision/results/protocol_a_kfold/fold_2/train/images/train_200k_torn_clean_0025_jpg.rf.YO2JlgSqwHGOCAioWLdq.jpg
train_200k_torn_clean_0025_jpg.rf.YO2JlgSqwHGOCAioWLdq_torn_aug5.jpg,/home/thaimq/CashVision/results_c2/fold_1/val_augmented/images/train_200k_torn_clean_0025_jpg.rf.YO2JlgSqwHGOCAioWLdq_torn_aug5.jpg,/home/thaimq/CashVision/results_c2/fold_1/val_augmented/labels/train_200k_torn_clean_0025_jpg.rf.YO2JlgSqwHGOCAioWLdq_torn_aug5.txt,200000,torn_aug,true,torn_oversample,train_200k_torn_clean_0025_jpg.rf.YO2JlgSqwHGOCAioWLdq,/home/thaimq/CashVision/results/protocol_a_kfold/fold_2/train/images/train_200k_torn_clean_0025_jpg.rf.YO2JlgSqwHGOCAioWLdq.jpg
train_10k_torn_clean_0020_jpg.rf.56aSQXt5GVlpWmMdihYR_torn_aug1.jpg,/home/thaimq/CashVision/results_c2/fold_1/val_augmented/images/train_10k_torn_clean_0020_jpg.rf.56aSQXt5GVlpWmMdihYR_torn_aug1.jpg,/home/thaimq/CashVision/results_c2/fold_1/val_augmented/labels/train_10k_torn_clean_0020_jpg.rf.56aSQXt5GVlpWmMdihYR_torn_aug1.txt,10000,torn_aug,true,torn_oversample,train_10k_torn_clean_0020_jpg.rf.56aSQXt5GVlpWmMdihYR,/home/thaimq/CashVision/results/protocol_a_kfold/fold_2/train/images/train_10k_torn_clean_0020_jpg.rf.56aSQXt5GVlpWmMdihYR.jpg
train_10k_torn_clean_0020_jpg.rf.56aSQXt5GVlpWmMdihYR_torn_aug2.jpg,/home/thaimq/CashVision/results_c2/fold_1/val_augmented/images/train_10k_torn_clean_0020_jpg.rf.56aSQXt5GVlpWmMdihYR_torn_aug2.jpg,/home/thaimq/CashVision/results_c2/fold_1/val_augmented/labels/train_10k_torn_clean_0020_jpg.rf.56aSQXt5GVlpWmMdihYR_torn_aug2.txt,10000,torn_aug,true,torn_oversample,train_10k_torn_clean_0020_jpg.rf.56aSQXt5GVlpWmMdihYR,/home/thaimq/CashVision/results/protocol_a_kfold/fold_2/train/images/train_10k_torn_clean_0020_jpg.rf.56aSQXt5GVlpWmMdihYR.jpg
train_10k_torn_clean_0020_jpg.rf.56aSQXt5GVlpWmMdihYR_torn_aug3.jpg,/home/thaimq/CashVision/results_c2/fold_1/val_augmented/images/train_10k_torn_clean_0020_jpg.rf.56aSQXt5GVlpWmMdihYR_torn_aug3.jpg,/home/thaimq/CashVision/results_c2/fold_1/val_augmented/labels/train_10k_torn_clean_0020_jpg.rf.56aSQXt5GVlpWmMdihYR_torn_aug3.txt,10000,torn_aug,true,torn_oversample,train_10k_torn_clean_0020_jpg.rf.56aSQXt5GVlpWmMdihYR,/home/thaimq/CashVision/results/protocol_a_kfold/fold_2/train/images/train_10k_torn_clean_0020_jpg.rf.56aSQXt5GVlpWmMdihYR.jpg
train_10k_torn_clean_0020_jpg.rf.56aSQXt5GVlpWmMdihYR_torn_aug4.jpg,/home/thaimq/CashVision/results_c2/fold_1/val_augmented/images/train_10k_torn_clean_0020_jpg.rf.56aSQXt5GVlpWmMdihYR_torn_aug4.jpg,/home/thaimq/CashVision/results_c2/fold_1/val_augmented/labels/train_10k_torn_clean_0020_jpg.rf.56aSQXt5GVlpWmMdihYR_torn_aug4.txt,10000,torn_aug,true,torn_oversample,train_10k_torn_clean_0020_jpg.rf.56aSQXt5GVlpWmMdihYR,/home/thaimq/CashVision/results/protocol_a_kfold/fold_2/train/images/train_10k_torn_clean_0020_jpg.rf.56aSQXt5GVlpWmMdihYR.jpg
train_10k_torn_clean_0020_jpg.rf.56aSQXt5GVlpWmMdihYR_torn_aug5.jpg,/home/thaimq/CashVision/results_c2/fold_1/val_augmented/images/train_10k_torn_clean_0020_jpg.rf.56aSQXt5GVlpWmMdihYR_torn_aug5.jpg,/home/thaimq/CashVision/results_c2/fold_1/val_augmented/labels/train_10k_torn_clean_0020_jpg.rf.56aSQXt5GVlpWmMdihYR_torn_aug5.txt,10000,torn_aug,true,torn_oversample,train_10k_torn_clean_0020_jpg.rf.56aSQXt5GVlpWmMdihYR,/home/thaimq/CashVision/results/protocol_a_kfold/fold_2/train/images/train_10k_torn_clean_0020_jpg.rf.56aSQXt5GVlpWmMdihYR.jpg
train_50k_torn_clean_0021_jpg.rf.YxGVXyuFjjAnxpX3UliU_torn_aug1.jpg,/home/thaimq/CashVision/results_c2/fold_1/val_augmented/images/train_50k_torn_clean_0021_jpg.rf.YxGVXyuFjjAnxpX3UliU_torn_aug1.jpg,/home/thaimq/CashVision/results_c2/fold_1/val_augmented/labels/train_50k_torn_clean_0021_jpg.rf.YxGVXyuFjjAnxpX3UliU_torn_aug1.txt,50000,torn_aug,true,torn_oversample,train_50k_torn_clean_0021_jpg.rf.YxGVXyuFjjAnxpX3UliU,/home/thaimq/CashVision/results/protocol_a_kfold/fold_2/train/images/train_50k_torn_clean_0021_jpg.rf.YxGVXyuFjjAnxpX3UliU.jpg
train_50k_torn_clean_0021_jpg.rf.YxGVXyuFjjAnxpX3UliU_torn_aug2.jpg,/home/thaimq/CashVision/results_c2/fold_1/val_augmented/images/train_50k_torn_clean_0021_jpg.rf.YxGVXyuFjjAnxpX3UliU_torn_aug2.jpg,/home/thaimq/CashVision/results_c2/fold_1/val_augmented/labels/train_50k_torn_clean_0021_jpg.rf.YxGVXyuFjjAnxpX3UliU_torn_aug2.txt,50000,torn_aug,true,torn_oversample,train_50k_torn_clean_0021_jpg.rf.YxGVXyuFjjAnxpX3UliU,/home/thaimq/CashVision/results/protocol_a_kfold/fold_2/train/images/train_50k_torn_clean_0021_jpg.rf.YxGVXyuFjjAnxpX3UliU.jpg
train_50k_torn_clean_0021_jpg.rf.YxGVXyuFjjAnxpX3UliU_torn_aug3.jpg,/home/thaimq/CashVision/results_c2/fold_1/val_augmented/images/train_50k_torn_clean_0021_jpg.rf.YxGVXyuFjjAnxpX3UliU_torn_aug3.jpg,/home/thaimq/CashVision/results_c2/fold_1/val_augmented/labels/train_50k_torn_clean_0021_jpg.rf.YxGVXyuFjjAnxpX3UliU_torn_aug3.txt,50000,torn_aug,true,torn_oversample,train_50k_torn_clean_0021_jpg.rf.YxGVXyuFjjAnxpX3UliU,/home/thaimq/CashVision/results/protocol_a_kfold/fold_2/train/images/train_50k_torn_clean_0021_jpg.rf.YxGVXyuFjjAnxpX3UliU.jpg
train_50k_torn_clean_0021_jpg.rf.YxGVXyuFjjAnxpX3UliU_torn_aug4.jpg,/home/thaimq/CashVision/results_c2/fold_1/val_augmented/images/train_50k_torn_clean_0021_jpg.rf.YxGVXyuFjjAnxpX3UliU_torn_aug4.jpg,/home/thaimq/CashVision/results_c2/fold_1/val_augmented/labels/train_50k_torn_clean_0021_jpg.rf.YxGVXyuFjjAnxpX3UliU_torn_aug4.txt,50000,torn_aug,true,torn_oversample,train_50k_torn_clean_0021_jpg.rf.YxGVXyuFjjAnxpX3UliU,/home/thaimq/CashVision/results/protocol_a_kfold/fold_2/train/images/train_50k_torn_clean_0021_jpg.rf.YxGVXyuFjjAnxpX3UliU.jpg
train_50k_torn_clean_0021_jpg.rf.YxGVXyuFjjAnxpX3UliU_torn_aug5.jpg,/home/thaimq/CashVision/results_c2/fold_1/val_augmented/images/train_50k_torn_clean_0021_jpg.rf.YxGVXyuFjjAnxpX3UliU_torn_aug5.jpg,/home/thaimq/CashVision/results_c2/fold_1/val_augmented/labels/train_50k_torn_clean_0021_jpg.rf.YxGVXyuFjjAnxpX3UliU_torn_aug5.txt,50000,torn_aug,true,torn_oversample,train_50k_torn_clean_0021_jpg.rf.YxGVXyuFjjAnxpX3UliU,/home/thaimq/CashVision/results/protocol_a_kfold/fold_2/train/images/train_50k_torn_clean_0021_jpg.rf.YxGVXyuFjjAnxpX3UliU.jpg
train_10k_torn_clean_0002_jpg.rf.Wb7yYIUyG27OpWPbsTBx_torn_aug1.jpg,/home/thaimq/CashVision/results_c2/fold_1/val_augmented/images/train_10k_torn_clean_0002_jpg.rf.Wb7yYIUyG27OpWPbsTBx_torn_aug1.jpg,/home/thaimq/CashVision/results_c2/fold_1/val_augmented/labels/train_10k_torn_clean_0002_jpg.rf.Wb7yYIUyG27OpWPbsTBx_torn_aug1.txt,10000,torn_aug,true,torn_oversample,train_10k_torn_clean_0002_jpg.rf.Wb7yYIUyG27OpWPbsTBx,/home/thaimq/CashVision/results/protocol_a_kfold/fold_2/train/images/train_10k_torn_clean_0002_jpg.rf.Wb7yYIUyG27OpWPbsTBx.jpg
train_10k_torn_clean_0002_jpg.rf.Wb7yYIUyG27OpWPbsTBx_torn_aug2.jpg,/home/thaimq/CashVision/results_c2/fold_1/val_augmented/images/train_10k_torn_clean_0002_jpg.rf.Wb7yYIUyG27OpWPbsTBx_torn_aug2.jpg,/home/thaimq/CashVision/results_c2/fold_1/val_augmented/labels/train_10k_torn_clean_0002_jpg.rf.Wb7yYIUyG27OpWPbsTBx_torn_aug2.txt,10000,torn_aug,true,torn_oversample,train_10k_torn_clean_0002_jpg.rf.Wb7yYIUyG27OpWPbsTBx,/home/thaimq/CashVision/results/protocol_a_kfold/fold_2/train/images/train_10k_torn_clean_0002_jpg.rf.Wb7yYIUyG27OpWPbsTBx.jpg
train_10k_torn_clean_0002_jpg.rf.Wb7yYIUyG27OpWPbsTBx_torn_aug3.jpg,/home/thaimq/CashVision/results_c2/fold_1/val_augmented/images/train_10k_torn_clean_0002_jpg.rf.Wb7yYIUyG27OpWPbsTBx_torn_aug3.jpg,/home/thaimq/CashVision/results_c2/fold_1/val_augmented/labels/train_10k_torn_clean_0002_jpg.rf.Wb7yYIUyG27OpWPbsTBx_torn_aug3.txt,10000,torn_aug,true,torn_oversample,train_10k_torn_clean_0002_jpg.rf.Wb7yYIUyG27OpWPbsTBx,/home/thaimq/CashVision/results/protocol_a_kfold/fold_2/train/images/train_10k_torn_clean_0002_jpg.rf.Wb7yYIUyG27OpWPbsTBx.jpg
train_10k_torn_clean_0002_jpg.rf.Wb7yYIUyG27OpWPbsTBx_torn_aug4.jpg,/home/thaimq/CashVision/results_c2/fold_1/val_augmented/images/train_10k_torn_clean_0002_jpg.rf.Wb7yYIUyG27OpWPbsTBx_torn_aug4.jpg,/home/thaimq/CashVision/results_c2/fold_1/val_augmented/labels/train_10k_torn_clean_0002_jpg.rf.Wb7yYIUyG27OpWPbsTBx_torn_aug4.txt,10000,torn_aug,true,torn_oversample,train_10k_torn_clean_0002_jpg.rf.Wb7yYIUyG27OpWPbsTBx,/home/thaimq/CashVision/results/protocol_a_kfold/fold_2/train/images/train_10k_torn_clean_0002_jpg.rf.Wb7yYIUyG27OpWPbsTBx.jpg
train_10k_torn_clean_0002_jpg.rf.Wb7yYIUyG27OpWPbsTBx_torn_aug5.jpg,/home/thaimq/CashVision/results_c2/fold_1/val_augmented/images/train_10k_torn_clean_0002_jpg.rf.Wb7yYIUyG27OpWPbsTBx_torn_aug5.jpg,/home/thaimq/CashVision/results_c2/fold_1/val_augmented/labels/train_10k_torn_clean_0002_jpg.rf.Wb7yYIUyG27OpWPbsTBx_torn_aug5.txt,10000,torn_aug,true,torn_oversample,train_10k_torn_clean_0002_jpg.rf.Wb7yYIUyG27OpWPbsTBx,/home/thaimq/CashVision/results/protocol_a_kfold/fold_2/train/images/train_10k_torn_clean_0002_jpg.rf.Wb7yYIUyG27OpWPbsTBx.jpg
train_200k_torn_clean_0010_jpg.rf.77nKrN0tPDRn3VMDIw1r_torn_aug1.jpg,/home/thaimq/CashVision/results_c2/fold_1/val_augmented/images/train_200k_torn_clean_0010_jpg.rf.77nKrN0tPDRn3VMDIw1r_torn_aug1.jpg,/home/thaimq/CashVision/results_c2/fold_1/val_augmented/labels/train_200k_torn_clean_0010_jpg.rf.77nKrN0tPDRn3VMDIw1r_torn_aug1.txt,200000,torn_aug,true,torn_oversample,train_200k_torn_clean_0010_jpg.rf.77nKrN0tPDRn3VMDIw1r,/home/thaimq/CashVision/results/protocol_a_kfold/fold_2/val_indoor/images/train_200k_torn_clean_0010_jpg.rf.77nKrN0tPDRn3VMDIw1r.jpg
train_200k_torn_clean_0010_jpg.rf.77nKrN0tPDRn3VMDIw1r_torn_aug2.jpg,/home/thaimq/CashVision/results_c2/fold_1/val_augmented/images/train_200k_torn_clean_0010_jpg.rf.77nKrN0tPDRn3VMDIw1r_torn_aug2.jpg,/home/thaimq/CashVision/results_c2/fold_1/val_augmented/labels/train_200k_torn_clean_0010_jpg.rf.77nKrN0tPDRn3VMDIw1r_torn_aug2.txt,200000,torn_aug,true,torn_oversample,train_200k_torn_clean_0010_jpg.rf.77nKrN0tPDRn3VMDIw1r,/home/thaimq/CashVision/results/protocol_a_kfold/fold_2/val_indoor/images/train_200k_torn_clean_0010_jpg.rf.77nKrN0tPDRn3VMDIw1r.jpg
train_200k_torn_clean_0010_jpg.rf.77nKrN0tPDRn3VMDIw1r_torn_aug3.jpg,/home/thaimq/CashVision/results_c2/fold_1/val_augmented/images/train_200k_torn_clean_0010_jpg.rf.77nKrN0tPDRn3VMDIw1r_torn_aug3.jpg,/home/thaimq/CashVision/results_c2/fold_1/val_augmented/labels/train_200k_torn_clean_0010_jpg.rf.77nKrN0tPDRn3VMDIw1r_torn_aug3.txt,200000,torn_aug,true,torn_oversample,train_200k_torn_clean_0010_jpg.rf.77nKrN0tPDRn3VMDIw1r,/home/thaimq/CashVision/results/protocol_a_kfold/fold_2/val_indoor/images/train_200k_torn_clean_0010_jpg.rf.77nKrN0tPDRn3VMDIw1r.jpg
train_200k_torn_clean_0010_jpg.rf.77nKrN0tPDRn3VMDIw1r_torn_aug4.jpg,/home/thaimq/CashVision/results_c2/fold_1/val_augmented/images/train_200k_torn_clean_0010_jpg.rf.77nKrN0tPDRn3VMDIw1r_torn_aug4.jpg,/home/thaimq/CashVision/results_c2/fold_1/val_augmented/labels/train_200k_torn_clean_0010_jpg.rf.77nKrN0tPDRn3VMDIw1r_torn_aug4.txt,200000,torn_aug,true,torn_oversample,train_200k_torn_clean_0010_jpg.rf.77nKrN0tPDRn3VMDIw1r,/home/thaimq/CashVision/results/protocol_a_kfold/fold_2/val_indoor/images/train_200k_torn_clean_0010_jpg.rf.77nKrN0tPDRn3VMDIw1r.jpg
train_200k_torn_clean_0010_jpg.rf.77nKrN0tPDRn3VMDIw1r_torn_aug5.jpg,/home/thaimq/CashVision/results_c2/fold_1/val_augmented/images/train_200k_torn_clean_0010_jpg.rf.77nKrN0tPDRn3VMDIw1r_torn_aug5.jpg,/home/thaimq/CashVision/results_c2/fold_1/val_augmented/labels/train_200k_torn_clean_0010_jpg.rf.77nKrN0tPDRn3VMDIw1r_torn_aug5.txt,200000,torn_aug,true,torn_oversample,train_200k_torn_clean_0010_jpg.rf.77nKrN0tPDRn3VMDIw1r,/home/thaimq/CashVision/results/protocol_a_kfold/fold_2/val_indoor/images/train_200k_torn_clean_0010_jpg.rf.77nKrN0tPDRn3VMDIw1r.jpg
train_100k_torn_clean_0020_jpg.rf.A8emnnSyTQXakaORDf6F_torn_aug1.jpg,/home/thaimq/CashVision/results_c2/fold_1/val_augmented/images/train_100k_torn_clean_0020_jpg.rf.A8emnnSyTQXakaORDf6F_torn_aug1.jpg,/home/thaimq/CashVision/results_c2/fold_1/val_augmented/labels/train_100k_torn_clean_0020_jpg.rf.A8emnnSyTQXakaORDf6F_torn_aug1.txt,100000,torn_aug,true,torn_oversample,train_100k_torn_clean_0020_jpg.rf.A8emnnSyTQXakaORDf6F,/home/thaimq/CashVision/results/protocol_a_kfold/fold_2/train/images/train_100k_torn_clean_0020_jpg.rf.A8emnnSyTQXakaORDf6F.jpg
train_100k_torn_clean_0020_jpg.rf.A8emnnSyTQXakaORDf6F_torn_aug2.jpg,/home/thaimq/CashVision/results_c2/fold_1/val_augmented/images/train_100k_torn_clean_0020_jpg.rf.A8emnnSyTQXakaORDf6F_torn_aug2.jpg,/home/thaimq/CashVision/results_c2/fold_1/val_augmented/labels/train_100k_torn_clean_0020_jpg.rf.A8emnnSyTQXakaORDf6F_torn_aug2.txt,100000,torn_aug,true,torn_oversample,train_100k_torn_clean_0020_jpg.rf.A8emnnSyTQXakaORDf6F,/home/thaimq/CashVision/results/protocol_a_kfold/fold_2/train/images/train_100k_torn_clean_0020_jpg.rf.A8emnnSyTQXakaORDf6F.jpg
train_100k_torn_clean_0020_jpg.rf.A8emnnSyTQXakaORDf6F_torn_aug3.jpg,/home/thaimq/CashVision/results_c2/fold_1/val_augmented/images/train_100k_torn_clean_0020_jpg.rf.A8emnnSyTQXakaORDf6F_torn_aug3.jpg,/home/thaimq/CashVision/results_c2/fold_1/val_augmented/labels/train_100k_torn_clean_0020_jpg.rf.A8emnnSyTQXakaORDf6F_torn_aug3.txt,100000,torn_aug,true,torn_oversample,train_100k_torn_clean_0020_jpg.rf.A8emnnSyTQXakaORDf6F,/home/thaimq/CashVision/results/protocol_a_kfold/fold_2/train/images/train_100k_torn_clean_0020_jpg.rf.A8emnnSyTQXakaORDf6F.jpg
train_100k_torn_clean_0020_jpg.rf.A8emnnSyTQXakaORDf6F_torn_aug4.jpg,/home/thaimq/CashVision/results_c2/fold_1/val_augmented/images/train_100k_torn_clean_0020_jpg.rf.A8emnnSyTQXakaORDf6F_torn_aug4.jpg,/home/thaimq/CashVision/results_c2/fold_1/val_augmented/labels/train_100k_torn_clean_0020_jpg.rf.A8emnnSyTQXakaORDf6F_torn_aug4.txt,100000,torn_aug,true,torn_oversample,train_100k_torn_clean_0020_jpg.rf.A8emnnSyTQXakaORDf6F,/home/thaimq/CashVision/results/protocol_a_kfold/fold_2/train/images/train_100k_torn_clean_0020_jpg.rf.A8emnnSyTQXakaORDf6F.jpg
train_100k_torn_clean_0020_jpg.rf.A8emnnSyTQXakaORDf6F_torn_aug5.jpg,/home/thaimq/CashVision/results_c2/fold_1/val_augmented/images/train_100k_torn_clean_0020_jpg.rf.A8emnnSyTQXakaORDf6F_torn_aug5.jpg,/home/thaimq/CashVision/results_c2/fold_1/val_augmented/labels/train_100k_torn_clean_0020_jpg.rf.A8emnnSyTQXakaORDf6F_torn_aug5.txt,100000,torn_aug,true,torn_oversample,train_100k_torn_clean_0020_jpg.rf.A8emnnSyTQXakaORDf6F,/home/thaimq/CashVision/results/protocol_a_kfold/fold_2/train/images/train_100k_torn_clean_0020_jpg.rf.A8emnnSyTQXakaORDf6F.jpg
train_500k_torn_clean_0008_jpg.rf.RfwdWwm1XEJuyRlQEsKG_torn_aug1.jpg,/home/thaimq/CashVision/results_c2/fold_1/val_augmented/images/train_500k_torn_clean_0008_jpg.rf.RfwdWwm1XEJuyRlQEsKG_torn_aug1.jpg,/home/thaimq/CashVision/results_c2/fold_1/val_augmented/labels/train_500k_torn_clean_0008_jpg.rf.RfwdWwm1XEJuyRlQEsKG_torn_aug1.txt,500000,torn_aug,true,torn_oversample,train_500k_torn_clean_0008_jpg.rf.RfwdWwm1XEJuyRlQEsKG,/home/thaimq/CashVision/results/protocol_a_kfold/fold_2/train/images/train_500k_torn_clean_0008_jpg.rf.RfwdWwm1XEJuyRlQEsKG.jpg
train_500k_torn_clean_0008_jpg.rf.RfwdWwm1XEJuyRlQEsKG_torn_aug2.jpg,/home/thaimq/CashVision/results_c2/fold_1/val_augmented/images/train_500k_torn_clean_0008_jpg.rf.RfwdWwm1XEJuyRlQEsKG_torn_aug2.jpg,/home/thaimq/CashVision/results_c2/fold_1/val_augmented/labels/train_500k_torn_clean_0008_jpg.rf.RfwdWwm1XEJuyRlQEsKG_torn_aug2.txt,500000,torn_aug,true,torn_oversample,train_500k_torn_clean_0008_jpg.rf.RfwdWwm1XEJuyRlQEsKG,/home/thaimq/CashVision/results/protocol_a_kfold/fold_2/train/images/train_500k_torn_clean_0008_jpg.rf.RfwdWwm1XEJuyRlQEsKG.jpg
train_500k_torn_clean_0008_jpg.rf.RfwdWwm1XEJuyRlQEsKG_torn_aug3.jpg,/home/thaimq/CashVision/results_c2/fold_1/val_augmented/images/train_500k_torn_clean_0008_jpg.rf.RfwdWwm1XEJuyRlQEsKG_torn_aug3.jpg,/home/thaimq/CashVision/results_c2/fold_1/val_augmented/labels/train_500k_torn_clean_0008_jpg.rf.RfwdWwm1XEJuyRlQEsKG_torn_aug3.txt,500000,torn_aug,true,torn_oversample,train_500k_torn_clean_0008_jpg.rf.RfwdWwm1XEJuyRlQEsKG,/home/thaimq/CashVision/results/protocol_a_kfold/fold_2/train/images/train_500k_torn_clean_0008_jpg.rf.RfwdWwm1XEJuyRlQEsKG.jpg
train_500k_torn_clean_0008_jpg.rf.RfwdWwm1XEJuyRlQEsKG_torn_aug4.jpg,/home/thaimq/CashVision/results_c2/fold_1/val_augmented/images/train_500k_torn_clean_0008_jpg.rf.RfwdWwm1XEJuyRlQEsKG_torn_aug4.jpg,/home/thaimq/CashVision/results_c2/fold_1/val_augmented/labels/train_500k_torn_clean_0008_jpg.rf.RfwdWwm1XEJuyRlQEsKG_torn_aug4.txt,500000,torn_aug,true,torn_oversample,train_500k_torn_clean_0008_jpg.rf.RfwdWwm1XEJuyRlQEsKG,/home/thaimq/CashVision/results/protocol_a_kfold/fold_2/train/images/train_500k_torn_clean_0008_jpg.rf.RfwdWwm1XEJuyRlQEsKG.jpg
train_500k_torn_clean_0008_jpg.rf.RfwdWwm1XEJuyRlQEsKG_torn_aug5.jpg,/home/thaimq/CashVision/results_c2/fold_1/val_augmented/images/train_500k_torn_clean_0008_jpg.rf.RfwdWwm1XEJuyRlQEsKG_torn_aug5.jpg,/home/thaimq/CashVision/results_c2/fold_1/val_augmented/labels/train_500k_torn_clean_0008_jpg.rf.RfwdWwm1XEJuyRlQEsKG_torn_aug5.txt,500000,torn_aug,true,torn_oversample,train_500k_torn_clean_0008_jpg.rf.RfwdWwm1XEJuyRlQEsKG,/home/thaimq/CashVision/results/protocol_a_kfold/fold_2/train/images/train_500k_torn_clean_0008_jpg.rf.RfwdWwm1XEJuyRlQEsKG.jpg
train_50k_torn_clean_0024_jpg.rf.vSxeOq1w10alAFPhHwOs_torn_aug1.jpg,/home/thaimq/CashVision/results_c2/fold_1/val_augmented/images/train_50k_torn_clean_0024_jpg.rf.vSxeOq1w10alAFPhHwOs_torn_aug1.jpg,/home/thaimq/CashVision/results_c2/fold_1/val_augmented/labels/train_50k_torn_clean_0024_jpg.rf.vSxeOq1w10alAFPhHwOs_torn_aug1.txt,50000,torn_aug,true,torn_oversample,train_50k_torn_clean_0024_jpg.rf.vSxeOq1w10alAFPhHwOs,/home/thaimq/CashVision/results/protocol_a_kfold/fold_2/train/images/train_50k_torn_clean_0024_jpg.rf.vSxeOq1w10alAFPhHwOs.jpg
train_50k_torn_clean_0024_jpg.rf.vSxeOq1w10alAFPhHwOs_torn_aug2.jpg,/home/thaimq/CashVision/results_c2/fold_1/val_augmented/images/train_50k_torn_clean_0024_jpg.rf.vSxeOq1w10alAFPhHwOs_torn_aug2.jpg,/home/thaimq/CashVision/results_c2/fold_1/val_augmented/labels/train_50k_torn_clean_0024_jpg.rf.vSxeOq1w10alAFPhHwOs_torn_aug2.txt,50000,torn_aug,true,torn_oversample,train_50k_torn_clean_0024_jpg.rf.vSxeOq1w10alAFPhHwOs,/home/thaimq/CashVision/results/protocol_a_kfold/fold_2/train/images/train_50k_torn_clean_0024_jpg.rf.vSxeOq1w10alAFPhHwOs.jpg
train_50k_torn_clean_0024_jpg.rf.vSxeOq1w10alAFPhHwOs_torn_aug3.jpg,/home/thaimq/CashVision/results_c2/fold_1/val_augmented/images/train_50k_torn_clean_0024_jpg.rf.vSxeOq1w10alAFPhHwOs_torn_aug3.jpg,/home/thaimq/CashVision/results_c2/fold_1/val_augmented/labels/train_50k_torn_clean_0024_jpg.rf.vSxeOq1w10alAFPhHwOs_torn_aug3.txt,50000,torn_aug,true,torn_oversample,train_50k_torn_clean_0024_jpg.rf.vSxeOq1w10alAFPhHwOs,/home/thaimq/CashVision/results/protocol_a_kfold/fold_2/train/images/train_50k_torn_clean_0024_jpg.rf.vSxeOq1w10alAFPhHwOs.jpg
train_50k_torn_clean_0024_jpg.rf.vSxeOq1w10alAFPhHwOs_torn_aug4.jpg,/home/thaimq/CashVision/results_c2/fold_1/val_augmented/images/train_50k_torn_clean_0024_jpg.rf.vSxeOq1w10alAFPhHwOs_torn_aug4.jpg,/home/thaimq/CashVision/results_c2/fold_1/val_augmented/labels/train_50k_torn_clean_0024_jpg.rf.vSxeOq1w10alAFPhHwOs_torn_aug4.txt,50000,torn_aug,true,torn_oversample,train_50k_torn_clean_0024_jpg.rf.vSxeOq1w10alAFPhHwOs,/home/thaimq/CashVision/results/protocol_a_kfold/fold_2/train/images/train_50k_torn_clean_0024_jpg.rf.vSxeOq1w10alAFPhHwOs.jpg
train_50k_torn_clean_0024_jpg.rf.vSxeOq1w10alAFPhHwOs_torn_aug5.jpg,/home/thaimq/CashVision/results_c2/fold_1/val_augmented/images/train_50k_torn_clean_0024_jpg.rf.vSxeOq1w10alAFPhHwOs_torn_aug5.jpg,/home/thaimq/CashVision/results_c2/fold_1/val_augmented/labels/train_50k_torn_clean_0024_jpg.rf.vSxeOq1w10alAFPhHwOs_torn_aug5.txt,50000,torn_aug,true,torn_oversample,train_50k_torn_clean_0024_jpg.rf.vSxeOq1w10alAFPhHwOs,/home/thaimq/CashVision/results/protocol_a_kfold/fold_2/train/images/train_50k_torn_clean_0024_jpg.rf.vSxeOq1w10alAFPhHwOs.jpg
train_100k_torn_clean_0025_jpg.rf.2JGNzhjxkE6bYsy1saeM_torn_aug1.jpg,/home/thaimq/CashVision/results_c2/fold_1/val_augmented/images/train_100k_torn_clean_0025_jpg.rf.2JGNzhjxkE6bYsy1saeM_torn_aug1.jpg,/home/thaimq/CashVision/results_c2/fold_1/val_augmented/labels/train_100k_torn_clean_0025_jpg.rf.2JGNzhjxkE6bYsy1saeM_torn_aug1.txt,100000,torn_aug,true,torn_oversample,train_100k_torn_clean_0025_jpg.rf.2JGNzhjxkE6bYsy1saeM,/home/thaimq/CashVision/results/protocol_a_kfold/fold_2/val_indoor/images/train_100k_torn_clean_0025_jpg.rf.2JGNzhjxkE6bYsy1saeM.jpg
train_100k_torn_clean_0025_jpg.rf.2JGNzhjxkE6bYsy1saeM_torn_aug2.jpg,/home/thaimq/CashVision/results_c2/fold_1/val_augmented/images/train_100k_torn_clean_0025_jpg.rf.2JGNzhjxkE6bYsy1saeM_torn_aug2.jpg,/home/thaimq/CashVision/results_c2/fold_1/val_augmented/labels/train_100k_torn_clean_0025_jpg.rf.2JGNzhjxkE6bYsy1saeM_torn_aug2.txt,100000,torn_aug,true,torn_oversample,train_100k_torn_clean_0025_jpg.rf.2JGNzhjxkE6bYsy1saeM,/home/thaimq/CashVision/results/protocol_a_kfold/fold_2/val_indoor/images/train_100k_torn_clean_0025_jpg.rf.2JGNzhjxkE6bYsy1saeM.jpg
train_100k_torn_clean_0025_jpg.rf.2JGNzhjxkE6bYsy1saeM_torn_aug3.jpg,/home/thaimq/CashVision/results_c2/fold_1/val_augmented/images/train_100k_torn_clean_0025_jpg.rf.2JGNzhjxkE6bYsy1saeM_torn_aug3.jpg,/home/thaimq/CashVision/results_c2/fold_1/val_augmented/labels/train_100k_torn_clean_0025_jpg.rf.2JGNzhjxkE6bYsy1saeM_torn_aug3.txt,100000,torn_aug,true,torn_oversample,train_100k_torn_clean_0025_jpg.rf.2JGNzhjxkE6bYsy1saeM,/home/thaimq/CashVision/results/protocol_a_kfold/fold_2/val_indoor/images/train_100k_torn_clean_0025_jpg.rf.2JGNzhjxkE6bYsy1saeM.jpg
train_100k_torn_clean_0025_jpg.rf.2JGNzhjxkE6bYsy1saeM_torn_aug4.jpg,/home/thaimq/CashVision/results_c2/fold_1/val_augmented/images/train_100k_torn_clean_0025_jpg.rf.2JGNzhjxkE6bYsy1saeM_torn_aug4.jpg,/home/thaimq/CashVision/results_c2/fold_1/val_augmented/labels/train_100k_torn_clean_0025_jpg.rf.2JGNzhjxkE6bYsy1saeM_torn_aug4.txt,100000,torn_aug,true,torn_oversample,train_100k_torn_clean_0025_jpg.rf.2JGNzhjxkE6bYsy1saeM,/home/thaimq/CashVision/results/protocol_a_kfold/fold_2/val_indoor/images/train_100k_torn_clean_0025_jpg.rf.2JGNzhjxkE6bYsy1saeM.jpg
train_100k_torn_clean_0025_jpg.rf.2JGNzhjxkE6bYsy1saeM_torn_aug5.jpg,/home/thaimq/CashVision/results_c2/fold_1/val_augmented/images/train_100k_torn_clean_0025_jpg.rf.2JGNzhjxkE6bYsy1saeM_torn_aug5.jpg,/home/thaimq/CashVision/results_c2/fold_1/val_augmented/labels/train_100k_torn_clean_0025_jpg.rf.2JGNzhjxkE6bYsy1saeM_torn_aug5.txt,100000,torn_aug,true,torn_oversample,train_100k_torn_clean_0025_jpg.rf.2JGNzhjxkE6bYsy1saeM,/home/thaimq/CashVision/results/protocol_a_kfold/fold_2/val_indoor/images/train_100k_torn_clean_0025_jpg.rf.2JGNzhjxkE6bYsy1saeM.jpg
train_100k_torn_clean_0003_jpg.rf.0HlQOA65lbG6NODoxhLo_torn_aug1.jpg,/home/thaimq/CashVision/results_c2/fold_1/val_augmented/images/train_100k_torn_clean_0003_jpg.rf.0HlQOA65lbG6NODoxhLo_torn_aug1.jpg,/home/thaimq/CashVision/results_c2/fold_1/val_augmented/labels/train_100k_torn_clean_0003_jpg.rf.0HlQOA65lbG6NODoxhLo_torn_aug1.txt,100000,torn_aug,true,torn_oversample,train_100k_torn_clean_0003_jpg.rf.0HlQOA65lbG6NODoxhLo,/home/thaimq/CashVision/results/protocol_a_kfold/fold_2/train/images/train_100k_torn_clean_0003_jpg.rf.0HlQOA65lbG6NODoxhLo.jpg
train_100k_torn_clean_0003_jpg.rf.0HlQOA65lbG6NODoxhLo_torn_aug2.jpg,/home/thaimq/CashVision/results_c2/fold_1/val_augmented/images/train_100k_torn_clean_0003_jpg.rf.0HlQOA65lbG6NODoxhLo_torn_aug2.jpg,/home/thaimq/CashVision/results_c2/fold_1/val_augmented/labels/train_100k_torn_clean_0003_jpg.rf.0HlQOA65lbG6NODoxhLo_torn_aug2.txt,100000,torn_aug,true,torn_oversample,train_100k_torn_clean_0003_jpg.rf.0HlQOA65lbG6NODoxhLo,/home/thaimq/CashVision/results/protocol_a_kfold/fold_2/train/images/train_100k_torn_clean_0003_jpg.rf.0HlQOA65lbG6NODoxhLo.jpg
train_100k_torn_clean_0003_jpg.rf.0HlQOA65lbG6NODoxhLo_torn_aug3.jpg,/home/thaimq/CashVision/results_c2/fold_1/val_augmented/images/train_100k_torn_clean_0003_jpg.rf.0HlQOA65lbG6NODoxhLo_torn_aug3.jpg,/home/thaimq/CashVision/results_c2/fold_1/val_augmented/labels/train_100k_torn_clean_0003_jpg.rf.0HlQOA65lbG6NODoxhLo_torn_aug3.txt,100000,torn_aug,true,torn_oversample,train_100k_torn_clean_0003_jpg.rf.0HlQOA65lbG6NODoxhLo,/home/thaimq/CashVision/results/protocol_a_kfold/fold_2/train/images/train_100k_torn_clean_0003_jpg.rf.0HlQOA65lbG6NODoxhLo.jpg
train_100k_torn_clean_0003_jpg.rf.0HlQOA65lbG6NODoxhLo_torn_aug4.jpg,/home/thaimq/CashVision/results_c2/fold_1/val_augmented/images/train_100k_torn_clean_0003_jpg.rf.0HlQOA65lbG6NODoxhLo_torn_aug4.jpg,/home/thaimq/CashVision/results_c2/fold_1/val_augmented/labels/train_100k_torn_clean_0003_jpg.rf.0HlQOA65lbG6NODoxhLo_torn_aug4.txt,100000,torn_aug,true,torn_oversample,train_100k_torn_clean_0003_jpg.rf.0HlQOA65lbG6NODoxhLo,/home/thaimq/CashVision/results/protocol_a_kfold/fold_2/train/images/train_100k_torn_clean_0003_jpg.rf.0HlQOA65lbG6NODoxhLo.jpg
train_100k_torn_clean_0003_jpg.rf.0HlQOA65lbG6NODoxhLo_torn_aug5.jpg,/home/thaimq/CashVision/results_c2/fold_1/val_augmented/images/train_100k_torn_clean_0003_jpg.rf.0HlQOA65lbG6NODoxhLo_torn_aug5.jpg,/home/thaimq/CashVision/results_c2/fold_1/val_augmented/labels/train_100k_torn_clean_0003_jpg.rf.0HlQOA65lbG6NODoxhLo_torn_aug5.txt,100000,torn_aug,true,torn_oversample,train_100k_torn_clean_0003_jpg.rf.0HlQOA65lbG6NODoxhLo,/home/thaimq/CashVision/results/protocol_a_kfold/fold_2/train/images/train_100k_torn_clean_0003_jpg.rf.0HlQOA65lbG6NODoxhLo.jpg
train_50k_torn_clean_0012_jpg.rf.3tqo7uarNykddDS48Yaf_torn_aug1.jpg,/home/thaimq/CashVision/results_c2/fold_1/val_augmented/images/train_50k_torn_clean_0012_jpg.rf.3tqo7uarNykddDS48Yaf_torn_aug1.jpg,/home/thaimq/CashVision/results_c2/fold_1/val_augmented/labels/train_50k_torn_clean_0012_jpg.rf.3tqo7uarNykddDS48Yaf_torn_aug1.txt,50000,torn_aug,true,torn_oversample,train_50k_torn_clean_0012_jpg.rf.3tqo7uarNykddDS48Yaf,/home/thaimq/CashVision/results/protocol_a_kfold/fold_2/train/images/train_50k_torn_clean_0012_jpg.rf.3tqo7uarNykddDS48Yaf.jpg
train_50k_torn_clean_0012_jpg.rf.3tqo7uarNykddDS48Yaf_torn_aug2.jpg,/home/thaimq/CashVision/results_c2/fold_1/val_augmented/images/train_50k_torn_clean_0012_jpg.rf.3tqo7uarNykddDS48Yaf_torn_aug2.jpg,/home/thaimq/CashVision/results_c2/fold_1/val_augmented/labels/train_50k_torn_clean_0012_jpg.rf.3tqo7uarNykddDS48Yaf_torn_aug2.txt,50000,torn_aug,true,torn_oversample,train_50k_torn_clean_0012_jpg.rf.3tqo7uarNykddDS48Yaf,/home/thaimq/CashVision/results/protocol_a_kfold/fold_2/train/images/train_50k_torn_clean_0012_jpg.rf.3tqo7uarNykddDS48Yaf.jpg
train_50k_torn_clean_0012_jpg.rf.3tqo7uarNykddDS48Yaf_torn_aug3.jpg,/home/thaimq/CashVision/results_c2/fold_1/val_augmented/images/train_50k_torn_clean_0012_jpg.rf.3tqo7uarNykddDS48Yaf_torn_aug3.jpg,/home/thaimq/CashVision/results_c2/fold_1/val_augmented/labels/train_50k_torn_clean_0012_jpg.rf.3tqo7uarNykddDS48Yaf_torn_aug3.txt,50000,torn_aug,true,torn_oversample,train_50k_torn_clean_0012_jpg.rf.3tqo7uarNykddDS48Yaf,/home/thaimq/CashVision/results/protocol_a_kfold/fold_2/train/images/train_50k_torn_clean_0012_jpg.rf.3tqo7uarNykddDS48Yaf.jpg
train_50k_torn_clean_0012_jpg.rf.3tqo7uarNykddDS48Yaf_torn_aug4.jpg,/home/thaimq/CashVision/results_c2/fold_1/val_augmented/images/train_50k_torn_clean_0012_jpg.rf.3tqo7uarNykddDS48Yaf_torn_aug4.jpg,/home/thaimq/CashVision/results_c2/fold_1/val_augmented/labels/train_50k_torn_clean_0012_jpg.rf.3tqo7uarNykddDS48Yaf_torn_aug4.txt,50000,torn_aug,true,torn_oversample,train_50k_torn_clean_0012_jpg.rf.3tqo7uarNykddDS48Yaf,/home/thaimq/CashVision/results/protocol_a_kfold/fold_2/train/images/train_50k_torn_clean_0012_jpg.rf.3tqo7uarNykddDS48Yaf.jpg
train_50k_torn_clean_0012_jpg.rf.3tqo7uarNykddDS48Yaf_torn_aug5.jpg,/home/thaimq/CashVision/results_c2/fold_1/val_augmented/images/train_50k_torn_clean_0012_jpg.rf.3tqo7uarNykddDS48Yaf_torn_aug5.jpg,/home/thaimq/CashVision/results_c2/fold_1/val_augmented/labels/train_50k_torn_clean_0012_jpg.rf.3tqo7uarNykddDS48Yaf_torn_aug5.txt,50000,torn_aug,true,torn_oversample,train_50k_torn_clean_0012_jpg.rf.3tqo7uarNykddDS48Yaf,/home/thaimq/CashVision/results/protocol_a_kfold/fold_2/train/images/train_50k_torn_clean_0012_jpg.rf.3tqo7uarNykddDS48Yaf.jpg
train_500k_torn_clean_0012_jpg.rf.JeXS9FulFsZfmhQkO3Di_torn_aug1.jpg,/home/thaimq/CashVision/results_c2/fold_1/val_augmented/images/train_500k_torn_clean_0012_jpg.rf.JeXS9FulFsZfmhQkO3Di_torn_aug1.jpg,/home/thaimq/CashVision/results_c2/fold_1/val_augmented/labels/train_500k_torn_clean_0012_jpg.rf.JeXS9FulFsZfmhQkO3Di_torn_aug1.txt,500000,torn_aug,true,torn_oversample,train_500k_torn_clean_0012_jpg.rf.JeXS9FulFsZfmhQkO3Di,/home/thaimq/CashVision/results/protocol_a_kfold/fold_2/train/images/train_500k_torn_clean_0012_jpg.rf.JeXS9FulFsZfmhQkO3Di.jpg
train_500k_torn_clean_0012_jpg.rf.JeXS9FulFsZfmhQkO3Di_torn_aug2.jpg,/home/thaimq/CashVision/results_c2/fold_1/val_augmented/images/train_500k_torn_clean_0012_jpg.rf.JeXS9FulFsZfmhQkO3Di_torn_aug2.jpg,/home/thaimq/CashVision/results_c2/fold_1/val_augmented/labels/train_500k_torn_clean_0012_jpg.rf.JeXS9FulFsZfmhQkO3Di_torn_aug2.txt,500000,torn_aug,true,torn_oversample,train_500k_torn_clean_0012_jpg.rf.JeXS9FulFsZfmhQkO3Di,/home/thaimq/CashVision/results/protocol_a_kfold/fold_2/train/images/train_500k_torn_clean_0012_jpg.rf.JeXS9FulFsZfmhQkO3Di.jpg
train_500k_torn_clean_0012_jpg.rf.JeXS9FulFsZfmhQkO3Di_torn_aug3.jpg,/home/thaimq/CashVision/results_c2/fold_1/val_augmented/images/train_500k_torn_clean_0012_jpg.rf.JeXS9FulFsZfmhQkO3Di_torn_aug3.jpg,/home/thaimq/CashVision/results_c2/fold_1/val_augmented/labels/train_500k_torn_clean_0012_jpg.rf.JeXS9FulFsZfmhQkO3Di_torn_aug3.txt,500000,torn_aug,true,torn_oversample,train_500k_torn_clean_0012_jpg.rf.JeXS9FulFsZfmhQkO3Di,/home/thaimq/CashVision/results/protocol_a_kfold/fold_2/train/images/train_500k_torn_clean_0012_jpg.rf.JeXS9FulFsZfmhQkO3Di.jpg
train_500k_torn_clean_0012_jpg.rf.JeXS9FulFsZfmhQkO3Di_torn_aug4.jpg,/home/thaimq/CashVision/results_c2/fold_1/val_augmented/images/train_500k_torn_clean_0012_jpg.rf.JeXS9FulFsZfmhQkO3Di_torn_aug4.jpg,/home/thaimq/CashVision/results_c2/fold_1/val_augmented/labels/train_500k_torn_clean_0012_jpg.rf.JeXS9FulFsZfmhQkO3Di_torn_aug4.txt,500000,torn_aug,true,torn_oversample,train_500k_torn_clean_0012_jpg.rf.JeXS9FulFsZfmhQkO3Di,/home/thaimq/CashVision/results/protocol_a_kfold/fold_2/train/images/train_500k_torn_clean_0012_jpg.rf.JeXS9FulFsZfmhQkO3Di.jpg
train_500k_torn_clean_0012_jpg.rf.JeXS9FulFsZfmhQkO3Di_torn_aug5.jpg,/home/thaimq/CashVision/results_c2/fold_1/val_augmented/images/train_500k_torn_clean_0012_jpg.rf.JeXS9FulFsZfmhQkO3Di_torn_aug5.jpg,/home/thaimq/CashVision/results_c2/fold_1/val_augmented/labels/train_500k_torn_clean_0012_jpg.rf.JeXS9FulFsZfmhQkO3Di_torn_aug5.txt,500000,torn_aug,true,torn_oversample,train_500k_torn_clean_0012_jpg.rf.JeXS9FulFsZfmhQkO3Di,/home/thaimq/CashVision/results/protocol_a_kfold/fold_2/train/images/train_500k_torn_clean_0012_jpg.rf.JeXS9FulFsZfmhQkO3Di.jpg
train_50k_torn_clean_0005_jpg.rf.a5dnJ6CzUAz9Qj9N6nwW_torn_aug1.jpg,/home/thaimq/CashVision/results_c2/fold_1/val_augmented/images/train_50k_torn_clean_0005_jpg.rf.a5dnJ6CzUAz9Qj9N6nwW_torn_aug1.jpg,/home/thaimq/CashVision/results_c2/fold_1/val_augmented/labels/train_50k_torn_clean_0005_jpg.rf.a5dnJ6CzUAz9Qj9N6nwW_torn_aug1.txt,50000,torn_aug,true,torn_oversample,train_50k_torn_clean_0005_jpg.rf.a5dnJ6CzUAz9Qj9N6nwW,/home/thaimq/CashVision/results/protocol_a_kfold/fold_2/train/images/train_50k_torn_clean_0005_jpg.rf.a5dnJ6CzUAz9Qj9N6nwW.jpg
train_50k_torn_clean_0005_jpg.rf.a5dnJ6CzUAz9Qj9N6nwW_torn_aug2.jpg,/home/thaimq/CashVision/results_c2/fold_1/val_augmented/images/train_50k_torn_clean_0005_jpg.rf.a5dnJ6CzUAz9Qj9N6nwW_torn_aug2.jpg,/home/thaimq/CashVision/results_c2/fold_1/val_augmented/labels/train_50k_torn_clean_0005_jpg.rf.a5dnJ6CzUAz9Qj9N6nwW_torn_aug2.txt,50000,torn_aug,true,torn_oversample,train_50k_torn_clean_0005_jpg.rf.a5dnJ6CzUAz9Qj9N6nwW,/home/thaimq/CashVision/results/protocol_a_kfold/fold_2/train/images/train_50k_torn_clean_0005_jpg.rf.a5dnJ6CzUAz9Qj9N6nwW.jpg
train_50k_torn_clean_0005_jpg.rf.a5dnJ6CzUAz9Qj9N6nwW_torn_aug3.jpg,/home/thaimq/CashVision/results_c2/fold_1/val_augmented/images/train_50k_torn_clean_0005_jpg.rf.a5dnJ6CzUAz9Qj9N6nwW_torn_aug3.jpg,/home/thaimq/CashVision/results_c2/fold_1/val_augmented/labels/train_50k_torn_clean_0005_jpg.rf.a5dnJ6CzUAz9Qj9N6nwW_torn_aug3.txt,50000,torn_aug,true,torn_oversample,train_50k_torn_clean_0005_jpg.rf.a5dnJ6CzUAz9Qj9N6nwW,/home/thaimq/CashVision/results/protocol_a_kfold/fold_2/train/images/train_50k_torn_clean_0005_jpg.rf.a5dnJ6CzUAz9Qj9N6nwW.jpg
train_50k_torn_clean_0005_jpg.rf.a5dnJ6CzUAz9Qj9N6nwW_torn_aug4.jpg,/home/thaimq/CashVision/results_c2/fold_1/val_augmented/images/train_50k_torn_clean_0005_jpg.rf.a5dnJ6CzUAz9Qj9N6nwW_torn_aug4.jpg,/home/thaimq/CashVision/results_c2/fold_1/val_augmented/labels/train_50k_torn_clean_0005_jpg.rf.a5dnJ6CzUAz9Qj9N6nwW_torn_aug4.txt,50000,torn_aug,true,torn_oversample,train_50k_torn_clean_0005_jpg.rf.a5dnJ6CzUAz9Qj9N6nwW,/home/thaimq/CashVision/results/protocol_a_kfold/fold_2/train/images/train_50k_torn_clean_0005_jpg.rf.a5dnJ6CzUAz9Qj9N6nwW.jpg
train_50k_torn_clean_0005_jpg.rf.a5dnJ6CzUAz9Qj9N6nwW_torn_aug5.jpg,/home/thaimq/CashVision/results_c2/fold_1/val_augmented/images/train_50k_torn_clean_0005_jpg.rf.a5dnJ6CzUAz9Qj9N6nwW_torn_aug5.jpg,/home/thaimq/CashVision/results_c2/fold_1/val_augmented/labels/train_50k_torn_clean_0005_jpg.rf.a5dnJ6CzUAz9Qj9N6nwW_torn_aug5.txt,50000,torn_aug,true,torn_oversample,train_50k_torn_clean_0005_jpg.rf.a5dnJ6CzUAz9Qj9N6nwW,/home/thaimq/CashVision/results/protocol_a_kfold/fold_2/train/images/train_50k_torn_clean_0005_jpg.rf.a5dnJ6CzUAz9Qj9N6nwW.jpg
train_100k_torn_clean_0014_jpg.rf.hgdIa2eOZWkySTJxPuCC_torn_aug1.jpg,/home/thaimq/CashVision/results_c2/fold_1/val_augmented/images/train_100k_torn_clean_0014_jpg.rf.hgdIa2eOZWkySTJxPuCC_torn_aug1.jpg,/home/thaimq/CashVision/results_c2/fold_1/val_augmented/labels/train_100k_torn_clean_0014_jpg.rf.hgdIa2eOZWkySTJxPuCC_torn_aug1.txt,100000,torn_aug,true,torn_oversample,train_100k_torn_clean_0014_jpg.rf.hgdIa2eOZWkySTJxPuCC,/home/thaimq/CashVision/results/protocol_a_kfold/fold_2/train/images/train_100k_torn_clean_0014_jpg.rf.hgdIa2eOZWkySTJxPuCC.jpg
train_100k_torn_clean_0014_jpg.rf.hgdIa2eOZWkySTJxPuCC_torn_aug2.jpg,/home/thaimq/CashVision/results_c2/fold_1/val_augmented/images/train_100k_torn_clean_0014_jpg.rf.hgdIa2eOZWkySTJxPuCC_torn_aug2.jpg,/home/thaimq/CashVision/results_c2/fold_1/val_augmented/labels/train_100k_torn_clean_0014_jpg.rf.hgdIa2eOZWkySTJxPuCC_torn_aug2.txt,100000,torn_aug,true,torn_oversample,train_100k_torn_clean_0014_jpg.rf.hgdIa2eOZWkySTJxPuCC,/home/thaimq/CashVision/results/protocol_a_kfold/fold_2/train/images/train_100k_torn_clean_0014_jpg.rf.hgdIa2eOZWkySTJxPuCC.jpg
train_100k_torn_clean_0014_jpg.rf.hgdIa2eOZWkySTJxPuCC_torn_aug3.jpg,/home/thaimq/CashVision/results_c2/fold_1/val_augmented/images/train_100k_torn_clean_0014_jpg.rf.hgdIa2eOZWkySTJxPuCC_torn_aug3.jpg,/home/thaimq/CashVision/results_c2/fold_1/val_augmented/labels/train_100k_torn_clean_0014_jpg.rf.hgdIa2eOZWkySTJxPuCC_torn_aug3.txt,100000,torn_aug,true,torn_oversample,train_100k_torn_clean_0014_jpg.rf.hgdIa2eOZWkySTJxPuCC,/home/thaimq/CashVision/results/protocol_a_kfold/fold_2/train/images/train_100k_torn_clean_0014_jpg.rf.hgdIa2eOZWkySTJxPuCC.jpg
train_100k_torn_clean_0014_jpg.rf.hgdIa2eOZWkySTJxPuCC_torn_aug4.jpg,/home/thaimq/CashVision/results_c2/fold_1/val_augmented/images/train_100k_torn_clean_0014_jpg.rf.hgdIa2eOZWkySTJxPuCC_torn_aug4.jpg,/home/thaimq/CashVision/results_c2/fold_1/val_augmented/labels/train_100k_torn_clean_0014_jpg.rf.hgdIa2eOZWkySTJxPuCC_torn_aug4.txt,100000,torn_aug,true,torn_oversample,train_100k_torn_clean_0014_jpg.rf.hgdIa2eOZWkySTJxPuCC,/home/thaimq/CashVision/results/protocol_a_kfold/fold_2/train/images/train_100k_torn_clean_0014_jpg.rf.hgdIa2eOZWkySTJxPuCC.jpg
train_100k_torn_clean_0014_jpg.rf.hgdIa2eOZWkySTJxPuCC_torn_aug5.jpg,/home/thaimq/CashVision/results_c2/fold_1/val_augmented/images/train_100k_torn_clean_0014_jpg.rf.hgdIa2eOZWkySTJxPuCC_torn_aug5.jpg,/home/thaimq/CashVision/results_c2/fold_1/val_augmented/labels/train_100k_torn_clean_0014_jpg.rf.hgdIa2eOZWkySTJxPuCC_torn_aug5.txt,100000,torn_aug,true,torn_oversample,train_100k_torn_clean_0014_jpg.rf.hgdIa2eOZWkySTJxPuCC,/home/thaimq/CashVision/results/protocol_a_kfold/fold_2/train/images/train_100k_torn_clean_0014_jpg.rf.hgdIa2eOZWkySTJxPuCC.jpg
train_500k_torn_clean_0014_jpg.rf.arx0qBcHEDjH3Re87xnF_torn_aug1.jpg,/home/thaimq/CashVision/results_c2/fold_1/val_augmented/images/train_500k_torn_clean_0014_jpg.rf.arx0qBcHEDjH3Re87xnF_torn_aug1.jpg,/home/thaimq/CashVision/results_c2/fold_1/val_augmented/labels/train_500k_torn_clean_0014_jpg.rf.arx0qBcHEDjH3Re87xnF_torn_aug1.txt,500000,torn_aug,true,torn_oversample,train_500k_torn_clean_0014_jpg.rf.arx0qBcHEDjH3Re87xnF,/home/thaimq/CashVision/results/protocol_a_kfold/fold_2/train/images/train_500k_torn_clean_0014_jpg.rf.arx0qBcHEDjH3Re87xnF.jpg
train_500k_torn_clean_0014_jpg.rf.arx0qBcHEDjH3Re87xnF_torn_aug2.jpg,/home/thaimq/CashVision/results_c2/fold_1/val_augmented/images/train_500k_torn_clean_0014_jpg.rf.arx0qBcHEDjH3Re87xnF_torn_aug2.jpg,/home/thaimq/CashVision/results_c2/fold_1/val_augmented/labels/train_500k_torn_clean_0014_jpg.rf.arx0qBcHEDjH3Re87xnF_torn_aug2.txt,500000,torn_aug,true,torn_oversample,train_500k_torn_clean_0014_jpg.rf.arx0qBcHEDjH3Re87xnF,/home/thaimq/CashVision/results/protocol_a_kfold/fold_2/train/images/train_500k_torn_clean_0014_jpg.rf.arx0qBcHEDjH3Re87xnF.jpg
train_500k_torn_clean_0014_jpg.rf.arx0qBcHEDjH3Re87xnF_torn_aug3.jpg,/home/thaimq/CashVision/results_c2/fold_1/val_augmented/images/train_500k_torn_clean_0014_jpg.rf.arx0qBcHEDjH3Re87xnF_torn_aug3.jpg,/home/thaimq/CashVision/results_c2/fold_1/val_augmented/labels/train_500k_torn_clean_0014_jpg.rf.arx0qBcHEDjH3Re87xnF_torn_aug3.txt,500000,torn_aug,true,torn_oversample,train_500k_torn_clean_0014_jpg.rf.arx0qBcHEDjH3Re87xnF,/home/thaimq/CashVision/results/protocol_a_kfold/fold_2/train/images/train_500k_torn_clean_0014_jpg.rf.arx0qBcHEDjH3Re87xnF.jpg
train_500k_torn_clean_0014_jpg.rf.arx0qBcHEDjH3Re87xnF_torn_aug4.jpg,/home/thaimq/CashVision/results_c2/fold_1/val_augmented/images/train_500k_torn_clean_0014_jpg.rf.arx0qBcHEDjH3Re87xnF_torn_aug4.jpg,/home/thaimq/CashVision/results_c2/fold_1/val_augmented/labels/train_500k_torn_clean_0014_jpg.rf.arx0qBcHEDjH3Re87xnF_torn_aug4.txt,500000,torn_aug,true,torn_oversample,train_500k_torn_clean_0014_jpg.rf.arx0qBcHEDjH3Re87xnF,/home/thaimq/CashVision/results/protocol_a_kfold/fold_2/train/images/train_500k_torn_clean_0014_jpg.rf.arx0qBcHEDjH3Re87xnF.jpg
train_500k_torn_clean_0014_jpg.rf.arx0qBcHEDjH3Re87xnF_torn_aug5.jpg,/home/thaimq/CashVision/results_c2/fold_1/val_augmented/images/train_500k_torn_clean_0014_jpg.rf.arx0qBcHEDjH3Re87xnF_torn_aug5.jpg,/home/thaimq/CashVision/results_c2/fold_1/val_augmented/labels/train_500k_torn_clean_0014_jpg.rf.arx0qBcHEDjH3Re87xnF_torn_aug5.txt,500000,torn_aug,true,torn_oversample,train_500k_torn_clean_0014_jpg.rf.arx0qBcHEDjH3Re87xnF,/home/thaimq/CashVision/results/protocol_a_kfold/fold_2/train/images/train_500k_torn_clean_0014_jpg.rf.arx0qBcHEDjH3Re87xnF.jpg
train_20k_torn_clean_0003_jpg.rf.SvGznXwCIN9OpA9uTqEa_torn_aug1.jpg,/home/thaimq/CashVision/results_c2/fold_1/val_augmented/images/train_20k_torn_clean_0003_jpg.rf.SvGznXwCIN9OpA9uTqEa_torn_aug1.jpg,/home/thaimq/CashVision/results_c2/fold_1/val_augmented/labels/train_20k_torn_clean_0003_jpg.rf.SvGznXwCIN9OpA9uTqEa_torn_aug1.txt,20000,torn_aug,true,torn_oversample,train_20k_torn_clean_0003_jpg.rf.SvGznXwCIN9OpA9uTqEa,/home/thaimq/CashVision/results/protocol_a_kfold/fold_2/train/images/train_20k_torn_clean_0003_jpg.rf.SvGznXwCIN9OpA9uTqEa.jpg
train_20k_torn_clean_0003_jpg.rf.SvGznXwCIN9OpA9uTqEa_torn_aug2.jpg,/home/thaimq/CashVision/results_c2/fold_1/val_augmented/images/train_20k_torn_clean_0003_jpg.rf.SvGznXwCIN9OpA9uTqEa_torn_aug2.jpg,/home/thaimq/CashVision/results_c2/fold_1/val_augmented/labels/train_20k_torn_clean_0003_jpg.rf.SvGznXwCIN9OpA9uTqEa_torn_aug2.txt,20000,torn_aug,true,torn_oversample,train_20k_torn_clean_0003_jpg.rf.SvGznXwCIN9OpA9uTqEa,/home/thaimq/CashVision/results/protocol_a_kfold/fold_2/train/images/train_20k_torn_clean_0003_jpg.rf.SvGznXwCIN9OpA9uTqEa.jpg
train_20k_torn_clean_0003_jpg.rf.SvGznXwCIN9OpA9uTqEa_torn_aug3.jpg,/home/thaimq/CashVision/results_c2/fold_1/val_augmented/images/train_20k_torn_clean_0003_jpg.rf.SvGznXwCIN9OpA9uTqEa_torn_aug3.jpg,/home/thaimq/CashVision/results_c2/fold_1/val_augmented/labels/train_20k_torn_clean_0003_jpg.rf.SvGznXwCIN9OpA9uTqEa_torn_aug3.txt,20000,torn_aug,true,torn_oversample,train_20k_torn_clean_0003_jpg.rf.SvGznXwCIN9OpA9uTqEa,/home/thaimq/CashVision/results/protocol_a_kfold/fold_2/train/images/train_20k_torn_clean_0003_jpg.rf.SvGznXwCIN9OpA9uTqEa.jpg
train_20k_torn_clean_0003_jpg.rf.SvGznXwCIN9OpA9uTqEa_torn_aug4.jpg,/home/thaimq/CashVision/results_c2/fold_1/val_augmented/images/train_20k_torn_clean_0003_jpg.rf.SvGznXwCIN9OpA9uTqEa_torn_aug4.jpg,/home/thaimq/CashVision/results_c2/fold_1/val_augmented/labels/train_20k_torn_clean_0003_jpg.rf.SvGznXwCIN9OpA9uTqEa_torn_aug4.txt,20000,torn_aug,true,torn_oversample,train_20k_torn_clean_0003_jpg.rf.SvGznXwCIN9OpA9uTqEa,/home/thaimq/CashVision/results/protocol_a_kfold/fold_2/train/images/train_20k_torn_clean_0003_jpg.rf.SvGznXwCIN9OpA9uTqEa.jpg
train_20k_torn_clean_0003_jpg.rf.SvGznXwCIN9OpA9uTqEa_torn_aug5.jpg,/home/thaimq/CashVision/results_c2/fold_1/val_augmented/images/train_20k_torn_clean_0003_jpg.rf.SvGznXwCIN9OpA9uTqEa_torn_aug5.jpg,/home/thaimq/CashVision/results_c2/fold_1/val_augmented/labels/train_20k_torn_clean_0003_jpg.rf.SvGznXwCIN9OpA9uTqEa_torn_aug5.txt,20000,torn_aug,true,torn_oversample,train_20k_torn_clean_0003_jpg.rf.SvGznXwCIN9OpA9uTqEa,/home/thaimq/CashVision/results/protocol_a_kfold/fold_2/train/images/train_20k_torn_clean_0003_jpg.rf.SvGznXwCIN9OpA9uTqEa.jpg
train_20k_torn_clean_0011_jpg.rf.QBMmiNEcceP5B7lqbO5R_torn_aug1.jpg,/home/thaimq/CashVision/results_c2/fold_1/val_augmented/images/train_20k_torn_clean_0011_jpg.rf.QBMmiNEcceP5B7lqbO5R_torn_aug1.jpg,/home/thaimq/CashVision/results_c2/fold_1/val_augmented/labels/train_20k_torn_clean_0011_jpg.rf.QBMmiNEcceP5B7lqbO5R_torn_aug1.txt,20000,torn_aug,true,torn_oversample,train_20k_torn_clean_0011_jpg.rf.QBMmiNEcceP5B7lqbO5R,/home/thaimq/CashVision/results/protocol_a_kfold/fold_2/val_indoor/images/train_20k_torn_clean_0011_jpg.rf.QBMmiNEcceP5B7lqbO5R.jpg
train_20k_torn_clean_0011_jpg.rf.QBMmiNEcceP5B7lqbO5R_torn_aug2.jpg,/home/thaimq/CashVision/results_c2/fold_1/val_augmented/images/train_20k_torn_clean_0011_jpg.rf.QBMmiNEcceP5B7lqbO5R_torn_aug2.jpg,/home/thaimq/CashVision/results_c2/fold_1/val_augmented/labels/train_20k_torn_clean_0011_jpg.rf.QBMmiNEcceP5B7lqbO5R_torn_aug2.txt,20000,torn_aug,true,torn_oversample,train_20k_torn_clean_0011_jpg.rf.QBMmiNEcceP5B7lqbO5R,/home/thaimq/CashVision/results/protocol_a_kfold/fold_2/val_indoor/images/train_20k_torn_clean_0011_jpg.rf.QBMmiNEcceP5B7lqbO5R.jpg
train_20k_torn_clean_0011_jpg.rf.QBMmiNEcceP5B7lqbO5R_torn_aug3.jpg,/home/thaimq/CashVision/results_c2/fold_1/val_augmented/images/train_20k_torn_clean_0011_jpg.rf.QBMmiNEcceP5B7lqbO5R_torn_aug3.jpg,/home/thaimq/CashVision/results_c2/fold_1/val_augmented/labels/train_20k_torn_clean_0011_jpg.rf.QBMmiNEcceP5B7lqbO5R_torn_aug3.txt,20000,torn_aug,true,torn_oversample,train_20k_torn_clean_0011_jpg.rf.QBMmiNEcceP5B7lqbO5R,/home/thaimq/CashVision/results/protocol_a_kfold/fold_2/val_indoor/images/train_20k_torn_clean_0011_jpg.rf.QBMmiNEcceP5B7lqbO5R.jpg
train_20k_torn_clean_0011_jpg.rf.QBMmiNEcceP5B7lqbO5R_torn_aug4.jpg,/home/thaimq/CashVision/results_c2/fold_1/val_augmented/images/train_20k_torn_clean_0011_jpg.rf.QBMmiNEcceP5B7lqbO5R_torn_aug4.jpg,/home/thaimq/CashVision/results_c2/fold_1/val_augmented/labels/train_20k_torn_clean_0011_jpg.rf.QBMmiNEcceP5B7lqbO5R_torn_aug4.txt,20000,torn_aug,true,torn_oversample,train_20k_torn_clean_0011_jpg.rf.QBMmiNEcceP5B7lqbO5R,/home/thaimq/CashVision/results/protocol_a_kfold/fold_2/val_indoor/images/train_20k_torn_clean_0011_jpg.rf.QBMmiNEcceP5B7lqbO5R.jpg
train_20k_torn_clean_0011_jpg.rf.QBMmiNEcceP5B7lqbO5R_torn_aug5.jpg,/home/thaimq/CashVision/results_c2/fold_1/val_augmented/images/train_20k_torn_clean_0011_jpg.rf.QBMmiNEcceP5B7lqbO5R_torn_aug5.jpg,/home/thaimq/CashVision/results_c2/fold_1/val_augmented/labels/train_20k_torn_clean_0011_jpg.rf.QBMmiNEcceP5B7lqbO5R_torn_aug5.txt,20000,torn_aug,true,torn_oversample,train_20k_torn_clean_0011_jpg.rf.QBMmiNEcceP5B7lqbO5R,/home/thaimq/CashVision/results/protocol_a_kfold/fold_2/val_indoor/images/train_20k_torn_clean_0011_jpg.rf.QBMmiNEcceP5B7lqbO5R.jpg
train_20k_torn_clean_0009_jpg.rf.tpsd2xsRUUr9TpNGw5Wn_torn_aug1.jpg,/home/thaimq/CashVision/results_c2/fold_1/val_augmented/images/train_20k_torn_clean_0009_jpg.rf.tpsd2xsRUUr9TpNGw5Wn_torn_aug1.jpg,/home/thaimq/CashVision/results_c2/fold_1/val_augmented/labels/train_20k_torn_clean_0009_jpg.rf.tpsd2xsRUUr9TpNGw5Wn_torn_aug1.txt,20000,torn_aug,true,torn_oversample,train_20k_torn_clean_0009_jpg.rf.tpsd2xsRUUr9TpNGw5Wn,/home/thaimq/CashVision/results/protocol_a_kfold/fold_2/val_indoor/images/train_20k_torn_clean_0009_jpg.rf.tpsd2xsRUUr9TpNGw5Wn.jpg
train_20k_torn_clean_0009_jpg.rf.tpsd2xsRUUr9TpNGw5Wn_torn_aug2.jpg,/home/thaimq/CashVision/results_c2/fold_1/val_augmented/images/train_20k_torn_clean_0009_jpg.rf.tpsd2xsRUUr9TpNGw5Wn_torn_aug2.jpg,/home/thaimq/CashVision/results_c2/fold_1/val_augmented/labels/train_20k_torn_clean_0009_jpg.rf.tpsd2xsRUUr9TpNGw5Wn_torn_aug2.txt,20000,torn_aug,true,torn_oversample,train_20k_torn_clean_0009_jpg.rf.tpsd2xsRUUr9TpNGw5Wn,/home/thaimq/CashVision/results/protocol_a_kfold/fold_2/val_indoor/images/train_20k_torn_clean_0009_jpg.rf.tpsd2xsRUUr9TpNGw5Wn.jpg
train_20k_torn_clean_0009_jpg.rf.tpsd2xsRUUr9TpNGw5Wn_torn_aug3.jpg,/home/thaimq/CashVision/results_c2/fold_1/val_augmented/images/train_20k_torn_clean_0009_jpg.rf.tpsd2xsRUUr9TpNGw5Wn_torn_aug3.jpg,/home/thaimq/CashVision/results_c2/fold_1/val_augmented/labels/train_20k_torn_clean_0009_jpg.rf.tpsd2xsRUUr9TpNGw5Wn_torn_aug3.txt,20000,torn_aug,true,torn_oversample,train_20k_torn_clean_0009_jpg.rf.tpsd2xsRUUr9TpNGw5Wn,/home/thaimq/CashVision/results/protocol_a_kfold/fold_2/val_indoor/images/train_20k_torn_clean_0009_jpg.rf.tpsd2xsRUUr9TpNGw5Wn.jpg
train_20k_torn_clean_0009_jpg.rf.tpsd2xsRUUr9TpNGw5Wn_torn_aug4.jpg,/home/thaimq/CashVision/results_c2/fold_1/val_augmented/images/train_20k_torn_clean_0009_jpg.rf.tpsd2xsRUUr9TpNGw5Wn_torn_aug4.jpg,/home/thaimq/CashVision/results_c2/fold_1/val_augmented/labels/train_20k_torn_clean_0009_jpg.rf.tpsd2xsRUUr9TpNGw5Wn_torn_aug4.txt,20000,torn_aug,true,torn_oversample,train_20k_torn_clean_0009_jpg.rf.tpsd2xsRUUr9TpNGw5Wn,/home/thaimq/CashVision/results/protocol_a_kfold/fold_2/val_indoor/images/train_20k_torn_clean_0009_jpg.rf.tpsd2xsRUUr9TpNGw5Wn.jpg
train_20k_torn_clean_0009_jpg.rf.tpsd2xsRUUr9TpNGw5Wn_torn_aug5.jpg,/home/thaimq/CashVision/results_c2/fold_1/val_augmented/images/train_20k_torn_clean_0009_jpg.rf.tpsd2xsRUUr9TpNGw5Wn_torn_aug5.jpg,/home/thaimq/CashVision/results_c2/fold_1/val_augmented/labels/train_20k_torn_clean_0009_jpg.rf.tpsd2xsRUUr9TpNGw5Wn_torn_aug5.txt,20000,torn_aug,true,torn_oversample,train_20k_torn_clean_0009_jpg.rf.tpsd2xsRUUr9TpNGw5Wn,/home/thaimq/CashVision/results/protocol_a_kfold/fold_2/val_indoor/images/train_20k_torn_clean_0009_jpg.rf.tpsd2xsRUUr9TpNGw5Wn.jpg
train_20k_torn_clean_0020_jpg.rf.V668Vs3RAz0fykSIa0g5_torn_aug1.jpg,/home/thaimq/CashVision/results_c2/fold_1/val_augmented/images/train_20k_torn_clean_0020_jpg.rf.V668Vs3RAz0fykSIa0g5_torn_aug1.jpg,/home/thaimq/CashVision/results_c2/fold_1/val_augmented/labels/train_20k_torn_clean_0020_jpg.rf.V668Vs3RAz0fykSIa0g5_torn_aug1.txt,20000,torn_aug,true,torn_oversample,train_20k_torn_clean_0020_jpg.rf.V668Vs3RAz0fykSIa0g5,/home/thaimq/CashVision/results/protocol_a_kfold/fold_2/val_indoor/images/train_20k_torn_clean_0020_jpg.rf.V668Vs3RAz0fykSIa0g5.jpg
train_20k_torn_clean_0020_jpg.rf.V668Vs3RAz0fykSIa0g5_torn_aug2.jpg,/home/thaimq/CashVision/results_c2/fold_1/val_augmented/images/train_20k_torn_clean_0020_jpg.rf.V668Vs3RAz0fykSIa0g5_torn_aug2.jpg,/home/thaimq/CashVision/results_c2/fold_1/val_augmented/labels/train_20k_torn_clean_0020_jpg.rf.V668Vs3RAz0fykSIa0g5_torn_aug2.txt,20000,torn_aug,true,torn_oversample,train_20k_torn_clean_0020_jpg.rf.V668Vs3RAz0fykSIa0g5,/home/thaimq/CashVision/results/protocol_a_kfold/fold_2/val_indoor/images/train_20k_torn_clean_0020_jpg.rf.V668Vs3RAz0fykSIa0g5.jpg
train_20k_torn_clean_0020_jpg.rf.V668Vs3RAz0fykSIa0g5_torn_aug3.jpg,/home/thaimq/CashVision/results_c2/fold_1/val_augmented/images/train_20k_torn_clean_0020_jpg.rf.V668Vs3RAz0fykSIa0g5_torn_aug3.jpg,/home/thaimq/CashVision/results_c2/fold_1/val_augmented/labels/train_20k_torn_clean_0020_jpg.rf.V668Vs3RAz0fykSIa0g5_torn_aug3.txt,20000,torn_aug,true,torn_oversample,train_20k_torn_clean_0020_jpg.rf.V668Vs3RAz0fykSIa0g5,/home/thaimq/CashVision/results/protocol_a_kfold/fold_2/val_indoor/images/train_20k_torn_clean_0020_jpg.rf.V668Vs3RAz0fykSIa0g5.jpg
train_20k_torn_clean_0020_jpg.rf.V668Vs3RAz0fykSIa0g5_torn_aug4.jpg,/home/thaimq/CashVision/results_c2/fold_1/val_augmented/images/train_20k_torn_clean_0020_jpg.rf.V668Vs3RAz0fykSIa0g5_torn_aug4.jpg,/home/thaimq/CashVision/results_c2/fold_1/val_augmented/labels/train_20k_torn_clean_0020_jpg.rf.V668Vs3RAz0fykSIa0g5_torn_aug4.txt,20000,torn_aug,true,torn_oversample,train_20k_torn_clean_0020_jpg.rf.V668Vs3RAz0fykSIa0g5,/home/thaimq/CashVision/results/protocol_a_kfold/fold_2/val_indoor/images/train_20k_torn_clean_0020_jpg.rf.V668Vs3RAz0fykSIa0g5.jpg
train_20k_torn_clean_0020_jpg.rf.V668Vs3RAz0fykSIa0g5_torn_aug5.jpg,/home/thaimq/CashVision/results_c2/fold_1/val_augmented/images/train_20k_torn_clean_0020_jpg.rf.V668Vs3RAz0fykSIa0g5_torn_aug5.jpg,/home/thaimq/CashVision/results_c2/fold_1/val_augmented/labels/train_20k_torn_clean_0020_jpg.rf.V668Vs3RAz0fykSIa0g5_torn_aug5.txt,20000,torn_aug,true,torn_oversample,train_20k_torn_clean_0020_jpg.rf.V668Vs3RAz0fykSIa0g5,/home/thaimq/CashVision/results/protocol_a_kfold/fold_2/val_indoor/images/train_20k_torn_clean_0020_jpg.rf.V668Vs3RAz0fykSIa0g5.jpg
train_500k_torn_clean_0013_jpg.rf.C5kFUukdOkQdu5l5q3uE_torn_aug1.jpg,/home/thaimq/CashVision/results_c2/fold_1/val_augmented/images/train_500k_torn_clean_0013_jpg.rf.C5kFUukdOkQdu5l5q3uE_torn_aug1.jpg,/home/thaimq/CashVision/results_c2/fold_1/val_augmented/labels/train_500k_torn_clean_0013_jpg.rf.C5kFUukdOkQdu5l5q3uE_torn_aug1.txt,500000,torn_aug,true,torn_oversample,train_500k_torn_clean_0013_jpg.rf.C5kFUukdOkQdu5l5q3uE,/home/thaimq/CashVision/results/protocol_a_kfold/fold_2/train/images/train_500k_torn_clean_0013_jpg.rf.C5kFUukdOkQdu5l5q3uE.jpg
train_500k_torn_clean_0013_jpg.rf.C5kFUukdOkQdu5l5q3uE_torn_aug2.jpg,/home/thaimq/CashVision/results_c2/fold_1/val_augmented/images/train_500k_torn_clean_0013_jpg.rf.C5kFUukdOkQdu5l5q3uE_torn_aug2.jpg,/home/thaimq/CashVision/results_c2/fold_1/val_augmented/labels/train_500k_torn_clean_0013_jpg.rf.C5kFUukdOkQdu5l5q3uE_torn_aug2.txt,500000,torn_aug,true,torn_oversample,train_500k_torn_clean_0013_jpg.rf.C5kFUukdOkQdu5l5q3uE,/home/thaimq/CashVision/results/protocol_a_kfold/fold_2/train/images/train_500k_torn_clean_0013_jpg.rf.C5kFUukdOkQdu5l5q3uE.jpg
train_500k_torn_clean_0013_jpg.rf.C5kFUukdOkQdu5l5q3uE_torn_aug3.jpg,/home/thaimq/CashVision/results_c2/fold_1/val_augmented/images/train_500k_torn_clean_0013_jpg.rf.C5kFUukdOkQdu5l5q3uE_torn_aug3.jpg,/home/thaimq/CashVision/results_c2/fold_1/val_augmented/labels/train_500k_torn_clean_0013_jpg.rf.C5kFUukdOkQdu5l5q3uE_torn_aug3.txt,500000,torn_aug,true,torn_oversample,train_500k_torn_clean_0013_jpg.rf.C5kFUukdOkQdu5l5q3uE,/home/thaimq/CashVision/results/protocol_a_kfold/fold_2/train/images/train_500k_torn_clean_0013_jpg.rf.C5kFUukdOkQdu5l5q3uE.jpg
train_500k_torn_clean_0013_jpg.rf.C5kFUukdOkQdu5l5q3uE_torn_aug4.jpg,/home/thaimq/CashVision/results_c2/fold_1/val_augmented/images/train_500k_torn_clean_0013_jpg.rf.C5kFUukdOkQdu5l5q3uE_torn_aug4.jpg,/home/thaimq/CashVision/results_c2/fold_1/val_augmented/labels/train_500k_torn_clean_0013_jpg.rf.C5kFUukdOkQdu5l5q3uE_torn_aug4.txt,500000,torn_aug,true,torn_oversample,train_500k_torn_clean_0013_jpg.rf.C5kFUukdOkQdu5l5q3uE,/home/thaimq/CashVision/results/protocol_a_kfold/fold_2/train/images/train_500k_torn_clean_0013_jpg.rf.C5kFUukdOkQdu5l5q3uE.jpg
train_500k_torn_clean_0013_jpg.rf.C5kFUukdOkQdu5l5q3uE_torn_aug5.jpg,/home/thaimq/CashVision/results_c2/fold_1/val_augmented/images/train_500k_torn_clean_0013_jpg.rf.C5kFUukdOkQdu5l5q3uE_torn_aug5.jpg,/home/thaimq/CashVision/results_c2/fold_1/val_augmented/labels/train_500k_torn_clean_0013_jpg.rf.C5kFUukdOkQdu5l5q3uE_torn_aug5.txt,500000,torn_aug,true,torn_oversample,train_500k_torn_clean_0013_jpg.rf.C5kFUukdOkQdu5l5q3uE,/home/thaimq/CashVision/results/protocol_a_kfold/fold_2/train/images/train_500k_torn_clean_0013_jpg.rf.C5kFUukdOkQdu5l5q3uE.jpg
train_200k_torn_clean_0006_jpg.rf.EKSPgUT7u2xVX8LA7WFX_torn_aug1.jpg,/home/thaimq/CashVision/results_c2/fold_1/val_augmented/images/train_200k_torn_clean_0006_jpg.rf.EKSPgUT7u2xVX8LA7WFX_torn_aug1.jpg,/home/thaimq/CashVision/results_c2/fold_1/val_augmented/labels/train_200k_torn_clean_0006_jpg.rf.EKSPgUT7u2xVX8LA7WFX_torn_aug1.txt,200000,torn_aug,true,torn_oversample,train_200k_torn_clean_0006_jpg.rf.EKSPgUT7u2xVX8LA7WFX,/home/thaimq/CashVision/results/protocol_a_kfold/fold_2/train/images/train_200k_torn_clean_0006_jpg.rf.EKSPgUT7u2xVX8LA7WFX.jpg
train_200k_torn_clean_0006_jpg.rf.EKSPgUT7u2xVX8LA7WFX_torn_aug2.jpg,/home/thaimq/CashVision/results_c2/fold_1/val_augmented/images/train_200k_torn_clean_0006_jpg.rf.EKSPgUT7u2xVX8LA7WFX_torn_aug2.jpg,/home/thaimq/CashVision/results_c2/fold_1/val_augmented/labels/train_200k_torn_clean_0006_jpg.rf.EKSPgUT7u2xVX8LA7WFX_torn_aug2.txt,200000,torn_aug,true,torn_oversample,train_200k_torn_clean_0006_jpg.rf.EKSPgUT7u2xVX8LA7WFX,/home/thaimq/CashVision/results/protocol_a_kfold/fold_2/train/images/train_200k_torn_clean_0006_jpg.rf.EKSPgUT7u2xVX8LA7WFX.jpg
train_200k_torn_clean_0006_jpg.rf.EKSPgUT7u2xVX8LA7WFX_torn_aug3.jpg,/home/thaimq/CashVision/results_c2/fold_1/val_augmented/images/train_200k_torn_clean_0006_jpg.rf.EKSPgUT7u2xVX8LA7WFX_torn_aug3.jpg,/home/thaimq/CashVision/results_c2/fold_1/val_augmented/labels/train_200k_torn_clean_0006_jpg.rf.EKSPgUT7u2xVX8LA7WFX_torn_aug3.txt,200000,torn_aug,true,torn_oversample,train_200k_torn_clean_0006_jpg.rf.EKSPgUT7u2xVX8LA7WFX,/home/thaimq/CashVision/results/protocol_a_kfold/fold_2/train/images/train_200k_torn_clean_0006_jpg.rf.EKSPgUT7u2xVX8LA7WFX.jpg
train_200k_torn_clean_0006_jpg.rf.EKSPgUT7u2xVX8LA7WFX_torn_aug4.jpg,/home/thaimq/CashVision/results_c2/fold_1/val_augmented/images/train_200k_torn_clean_0006_jpg.rf.EKSPgUT7u2xVX8LA7WFX_torn_aug4.jpg,/home/thaimq/CashVision/results_c2/fold_1/val_augmented/labels/train_200k_torn_clean_0006_jpg.rf.EKSPgUT7u2xVX8LA7WFX_torn_aug4.txt,200000,torn_aug,true,torn_oversample,train_200k_torn_clean_0006_jpg.rf.EKSPgUT7u2xVX8LA7WFX,/home/thaimq/CashVision/results/protocol_a_kfold/fold_2/train/images/train_200k_torn_clean_0006_jpg.rf.EKSPgUT7u2xVX8LA7WFX.jpg
train_200k_torn_clean_0006_jpg.rf.EKSPgUT7u2xVX8LA7WFX_torn_aug5.jpg,/home/thaimq/CashVision/results_c2/fold_1/val_augmented/images/train_200k_torn_clean_0006_jpg.rf.EKSPgUT7u2xVX8LA7WFX_torn_aug5.jpg,/home/thaimq/CashVision/results_c2/fold_1/val_augmented/labels/train_200k_torn_clean_0006_jpg.rf.EKSPgUT7u2xVX8LA7WFX_torn_aug5.txt,200000,torn_aug,true,torn_oversample,train_200k_torn_clean_0006_jpg.rf.EKSPgUT7u2xVX8LA7WFX,/home/thaimq/CashVision/results/protocol_a_kfold/fold_2/train/images/train_200k_torn_clean_0006_jpg.rf.EKSPgUT7u2xVX8LA7WFX.jpg
train_50k_torn_clean_0015_jpg.rf.NKOBMgW8bmOH3OWSnrCr_torn_aug1.jpg,/home/thaimq/CashVision/results_c2/fold_1/val_augmented/images/train_50k_torn_clean_0015_jpg.rf.NKOBMgW8bmOH3OWSnrCr_torn_aug1.jpg,/home/thaimq/CashVision/results_c2/fold_1/val_augmented/labels/train_50k_torn_clean_0015_jpg.rf.NKOBMgW8bmOH3OWSnrCr_torn_aug1.txt,50000,torn_aug,true,torn_oversample,train_50k_torn_clean_0015_jpg.rf.NKOBMgW8bmOH3OWSnrCr,/home/thaimq/CashVision/results/protocol_a_kfold/fold_2/train/images/train_50k_torn_clean_0015_jpg.rf.NKOBMgW8bmOH3OWSnrCr.jpg
train_50k_torn_clean_0015_jpg.rf.NKOBMgW8bmOH3OWSnrCr_torn_aug2.jpg,/home/thaimq/CashVision/results_c2/fold_1/val_augmented/images/train_50k_torn_clean_0015_jpg.rf.NKOBMgW8bmOH3OWSnrCr_torn_aug2.jpg,/home/thaimq/CashVision/results_c2/fold_1/val_augmented/labels/train_50k_torn_clean_0015_jpg.rf.NKOBMgW8bmOH3OWSnrCr_torn_aug2.txt,50000,torn_aug,true,torn_oversample,train_50k_torn_clean_0015_jpg.rf.NKOBMgW8bmOH3OWSnrCr,/home/thaimq/CashVision/results/protocol_a_kfold/fold_2/train/images/train_50k_torn_clean_0015_jpg.rf.NKOBMgW8bmOH3OWSnrCr.jpg
train_50k_torn_clean_0015_jpg.rf.NKOBMgW8bmOH3OWSnrCr_torn_aug3.jpg,/home/thaimq/CashVision/results_c2/fold_1/val_augmented/images/train_50k_torn_clean_0015_jpg.rf.NKOBMgW8bmOH3OWSnrCr_torn_aug3.jpg,/home/thaimq/CashVision/results_c2/fold_1/val_augmented/labels/train_50k_torn_clean_0015_jpg.rf.NKOBMgW8bmOH3OWSnrCr_torn_aug3.txt,50000,torn_aug,true,torn_oversample,train_50k_torn_clean_0015_jpg.rf.NKOBMgW8bmOH3OWSnrCr,/home/thaimq/CashVision/results/protocol_a_kfold/fold_2/train/images/train_50k_torn_clean_0015_jpg.rf.NKOBMgW8bmOH3OWSnrCr.jpg
train_50k_torn_clean_0015_jpg.rf.NKOBMgW8bmOH3OWSnrCr_torn_aug4.jpg,/home/thaimq/CashVision/results_c2/fold_1/val_augmented/images/train_50k_torn_clean_0015_jpg.rf.NKOBMgW8bmOH3OWSnrCr_torn_aug4.jpg,/home/thaimq/CashVision/results_c2/fold_1/val_augmented/labels/train_50k_torn_clean_0015_jpg.rf.NKOBMgW8bmOH3OWSnrCr_torn_aug4.txt,50000,torn_aug,true,torn_oversample,train_50k_torn_clean_0015_jpg.rf.NKOBMgW8bmOH3OWSnrCr,/home/thaimq/CashVision/results/protocol_a_kfold/fold_2/train/images/train_50k_torn_clean_0015_jpg.rf.NKOBMgW8bmOH3OWSnrCr.jpg
train_50k_torn_clean_0015_jpg.rf.NKOBMgW8bmOH3OWSnrCr_torn_aug5.jpg,/home/thaimq/CashVision/results_c2/fold_1/val_augmented/images/train_50k_torn_clean_0015_jpg.rf.NKOBMgW8bmOH3OWSnrCr_torn_aug5.jpg,/home/thaimq/CashVision/results_c2/fold_1/val_augmented/labels/train_50k_torn_clean_0015_jpg.rf.NKOBMgW8bmOH3OWSnrCr_torn_aug5.txt,50000,torn_aug,true,torn_oversample,train_50k_torn_clean_0015_jpg.rf.NKOBMgW8bmOH3OWSnrCr,/home/thaimq/CashVision/results/protocol_a_kfold/fold_2/train/images/train_50k_torn_clean_0015_jpg.rf.NKOBMgW8bmOH3OWSnrCr.jpg
train_10k_torn_clean_0017_jpg.rf.G2kgTS7vE3Ax7fRi0Zey_torn_aug1.jpg,/home/thaimq/CashVision/results_c2/fold_1/val_augmented/images/train_10k_torn_clean_0017_jpg.rf.G2kgTS7vE3Ax7fRi0Zey_torn_aug1.jpg,/home/thaimq/CashVision/results_c2/fold_1/val_augmented/labels/train_10k_torn_clean_0017_jpg.rf.G2kgTS7vE3Ax7fRi0Zey_torn_aug1.txt,10000,torn_aug,true,torn_oversample,train_10k_torn_clean_0017_jpg.rf.G2kgTS7vE3Ax7fRi0Zey,/home/thaimq/CashVision/results/protocol_a_kfold/fold_2/train/images/train_10k_torn_clean_0017_jpg.rf.G2kgTS7vE3Ax7fRi0Zey.jpg
train_10k_torn_clean_0017_jpg.rf.G2kgTS7vE3Ax7fRi0Zey_torn_aug2.jpg,/home/thaimq/CashVision/results_c2/fold_1/val_augmented/images/train_10k_torn_clean_0017_jpg.rf.G2kgTS7vE3Ax7fRi0Zey_torn_aug2.jpg,/home/thaimq/CashVision/results_c2/fold_1/val_augmented/labels/train_10k_torn_clean_0017_jpg.rf.G2kgTS7vE3Ax7fRi0Zey_torn_aug2.txt,10000,torn_aug,true,torn_oversample,train_10k_torn_clean_0017_jpg.rf.G2kgTS7vE3Ax7fRi0Zey,/home/thaimq/CashVision/results/protocol_a_kfold/fold_2/train/images/train_10k_torn_clean_0017_jpg.rf.G2kgTS7vE3Ax7fRi0Zey.jpg
train_10k_torn_clean_0017_jpg.rf.G2kgTS7vE3Ax7fRi0Zey_torn_aug3.jpg,/home/thaimq/CashVision/results_c2/fold_1/val_augmented/images/train_10k_torn_clean_0017_jpg.rf.G2kgTS7vE3Ax7fRi0Zey_torn_aug3.jpg,/home/thaimq/CashVision/results_c2/fold_1/val_augmented/labels/train_10k_torn_clean_0017_jpg.rf.G2kgTS7vE3Ax7fRi0Zey_torn_aug3.txt,10000,torn_aug,true,torn_oversample,train_10k_torn_clean_0017_jpg.rf.G2kgTS7vE3Ax7fRi0Zey,/home/thaimq/CashVision/results/protocol_a_kfold/fold_2/train/images/train_10k_torn_clean_0017_jpg.rf.G2kgTS7vE3Ax7fRi0Zey.jpg
train_10k_torn_clean_0017_jpg.rf.G2kgTS7vE3Ax7fRi0Zey_torn_aug4.jpg,/home/thaimq/CashVision/results_c2/fold_1/val_augmented/images/train_10k_torn_clean_0017_jpg.rf.G2kgTS7vE3Ax7fRi0Zey_torn_aug4.jpg,/home/thaimq/CashVision/results_c2/fold_1/val_augmented/labels/train_10k_torn_clean_0017_jpg.rf.G2kgTS7vE3Ax7fRi0Zey_torn_aug4.txt,10000,torn_aug,true,torn_oversample,train_10k_torn_clean_0017_jpg.rf.G2kgTS7vE3Ax7fRi0Zey,/home/thaimq/CashVision/results/protocol_a_kfold/fold_2/train/images/train_10k_torn_clean_0017_jpg.rf.G2kgTS7vE3Ax7fRi0Zey.jpg
train_10k_torn_clean_0017_jpg.rf.G2kgTS7vE3Ax7fRi0Zey_torn_aug5.jpg,/home/thaimq/CashVision/results_c2/fold_1/val_augmented/images/train_10k_torn_clean_0017_jpg.rf.G2kgTS7vE3Ax7fRi0Zey_torn_aug5.jpg,/home/thaimq/CashVision/results_c2/fold_1/val_augmented/labels/train_10k_torn_clean_0017_jpg.rf.G2kgTS7vE3Ax7fRi0Zey_torn_aug5.txt,10000,torn_aug,true,torn_oversample,train_10k_torn_clean_0017_jpg.rf.G2kgTS7vE3Ax7fRi0Zey,/home/thaimq/CashVision/results/protocol_a_kfold/fold_2/train/images/train_10k_torn_clean_0017_jpg.rf.G2kgTS7vE3Ax7fRi0Zey.jpg
train_10k_torn_clean_0018_jpg.rf.vAIVCRY6tIb2OVLY0WAo_torn_aug1.jpg,/home/thaimq/CashVision/results_c2/fold_1/val_augmented/images/train_10k_torn_clean_0018_jpg.rf.vAIVCRY6tIb2OVLY0WAo_torn_aug1.jpg,/home/thaimq/CashVision/results_c2/fold_1/val_augmented/labels/train_10k_torn_clean_0018_jpg.rf.vAIVCRY6tIb2OVLY0WAo_torn_aug1.txt,10000,torn_aug,true,torn_oversample,train_10k_torn_clean_0018_jpg.rf.vAIVCRY6tIb2OVLY0WAo,/home/thaimq/CashVision/results/protocol_a_kfold/fold_2/train/images/train_10k_torn_clean_0018_jpg.rf.vAIVCRY6tIb2OVLY0WAo.jpg
train_10k_torn_clean_0018_jpg.rf.vAIVCRY6tIb2OVLY0WAo_torn_aug2.jpg,/home/thaimq/CashVision/results_c2/fold_1/val_augmented/images/train_10k_torn_clean_0018_jpg.rf.vAIVCRY6tIb2OVLY0WAo_torn_aug2.jpg,/home/thaimq/CashVision/results_c2/fold_1/val_augmented/labels/train_10k_torn_clean_0018_jpg.rf.vAIVCRY6tIb2OVLY0WAo_torn_aug2.txt,10000,torn_aug,true,torn_oversample,train_10k_torn_clean_0018_jpg.rf.vAIVCRY6tIb2OVLY0WAo,/home/thaimq/CashVision/results/protocol_a_kfold/fold_2/train/images/train_10k_torn_clean_0018_jpg.rf.vAIVCRY6tIb2OVLY0WAo.jpg
train_10k_torn_clean_0018_jpg.rf.vAIVCRY6tIb2OVLY0WAo_torn_aug3.jpg,/home/thaimq/CashVision/results_c2/fold_1/val_augmented/images/train_10k_torn_clean_0018_jpg.rf.vAIVCRY6tIb2OVLY0WAo_torn_aug3.jpg,/home/thaimq/CashVision/results_c2/fold_1/val_augmented/labels/train_10k_torn_clean_0018_jpg.rf.vAIVCRY6tIb2OVLY0WAo_torn_aug3.txt,10000,torn_aug,true,torn_oversample,train_10k_torn_clean_0018_jpg.rf.vAIVCRY6tIb2OVLY0WAo,/home/thaimq/CashVision/results/protocol_a_kfold/fold_2/train/images/train_10k_torn_clean_0018_jpg.rf.vAIVCRY6tIb2OVLY0WAo.jpg
train_10k_torn_clean_0018_jpg.rf.vAIVCRY6tIb2OVLY0WAo_torn_aug4.jpg,/home/thaimq/CashVision/results_c2/fold_1/val_augmented/images/train_10k_torn_clean_0018_jpg.rf.vAIVCRY6tIb2OVLY0WAo_torn_aug4.jpg,/home/thaimq/CashVision/results_c2/fold_1/val_augmented/labels/train_10k_torn_clean_0018_jpg.rf.vAIVCRY6tIb2OVLY0WAo_torn_aug4.txt,10000,torn_aug,true,torn_oversample,train_10k_torn_clean_0018_jpg.rf.vAIVCRY6tIb2OVLY0WAo,/home/thaimq/CashVision/results/protocol_a_kfold/fold_2/train/images/train_10k_torn_clean_0018_jpg.rf.vAIVCRY6tIb2OVLY0WAo.jpg
train_10k_torn_clean_0018_jpg.rf.vAIVCRY6tIb2OVLY0WAo_torn_aug5.jpg,/home/thaimq/CashVision/results_c2/fold_1/val_augmented/images/train_10k_torn_clean_0018_jpg.rf.vAIVCRY6tIb2OVLY0WAo_torn_aug5.jpg,/home/thaimq/CashVision/results_c2/fold_1/val_augmented/labels/train_10k_torn_clean_0018_jpg.rf.vAIVCRY6tIb2OVLY0WAo_torn_aug5.txt,10000,torn_aug,true,torn_oversample,train_10k_torn_clean_0018_jpg.rf.vAIVCRY6tIb2OVLY0WAo,/home/thaimq/CashVision/results/protocol_a_kfold/fold_2/train/images/train_10k_torn_clean_0018_jpg.rf.vAIVCRY6tIb2OVLY0WAo.jpg
train_500k_torn_clean_0009_jpg.rf.9LbjiDx8x1f6Qgk69w6J_torn_aug1.jpg,/home/thaimq/CashVision/results_c2/fold_1/val_augmented/images/train_500k_torn_clean_0009_jpg.rf.9LbjiDx8x1f6Qgk69w6J_torn_aug1.jpg,/home/thaimq/CashVision/results_c2/fold_1/val_augmented/labels/train_500k_torn_clean_0009_jpg.rf.9LbjiDx8x1f6Qgk69w6J_torn_aug1.txt,500000,torn_aug,true,torn_oversample,train_500k_torn_clean_0009_jpg.rf.9LbjiDx8x1f6Qgk69w6J,/home/thaimq/CashVision/results/protocol_a_kfold/fold_2/train/images/train_500k_torn_clean_0009_jpg.rf.9LbjiDx8x1f6Qgk69w6J.jpg
train_500k_torn_clean_0009_jpg.rf.9LbjiDx8x1f6Qgk69w6J_torn_aug2.jpg,/home/thaimq/CashVision/results_c2/fold_1/val_augmented/images/train_500k_torn_clean_0009_jpg.rf.9LbjiDx8x1f6Qgk69w6J_torn_aug2.jpg,/home/thaimq/CashVision/results_c2/fold_1/val_augmented/labels/train_500k_torn_clean_0009_jpg.rf.9LbjiDx8x1f6Qgk69w6J_torn_aug2.txt,500000,torn_aug,true,torn_oversample,train_500k_torn_clean_0009_jpg.rf.9LbjiDx8x1f6Qgk69w6J,/home/thaimq/CashVision/results/protocol_a_kfold/fold_2/train/images/train_500k_torn_clean_0009_jpg.rf.9LbjiDx8x1f6Qgk69w6J.jpg
train_500k_torn_clean_0009_jpg.rf.9LbjiDx8x1f6Qgk69w6J_torn_aug3.jpg,/home/thaimq/CashVision/results_c2/fold_1/val_augmented/images/train_500k_torn_clean_0009_jpg.rf.9LbjiDx8x1f6Qgk69w6J_torn_aug3.jpg,/home/thaimq/CashVision/results_c2/fold_1/val_augmented/labels/train_500k_torn_clean_0009_jpg.rf.9LbjiDx8x1f6Qgk69w6J_torn_aug3.txt,500000,torn_aug,true,torn_oversample,train_500k_torn_clean_0009_jpg.rf.9LbjiDx8x1f6Qgk69w6J,/home/thaimq/CashVision/results/protocol_a_kfold/fold_2/train/images/train_500k_torn_clean_0009_jpg.rf.9LbjiDx8x1f6Qgk69w6J.jpg
train_500k_torn_clean_0009_jpg.rf.9LbjiDx8x1f6Qgk69w6J_torn_aug4.jpg,/home/thaimq/CashVision/results_c2/fold_1/val_augmented/images/train_500k_torn_clean_0009_jpg.rf.9LbjiDx8x1f6Qgk69w6J_torn_aug4.jpg,/home/thaimq/CashVision/results_c2/fold_1/val_augmented/labels/train_500k_torn_clean_0009_jpg.rf.9LbjiDx8x1f6Qgk69w6J_torn_aug4.txt,500000,torn_aug,true,torn_oversample,train_500k_torn_clean_0009_jpg.rf.9LbjiDx8x1f6Qgk69w6J,/home/thaimq/CashVision/results/protocol_a_kfold/fold_2/train/images/train_500k_torn_clean_0009_jpg.rf.9LbjiDx8x1f6Qgk69w6J.jpg
train_500k_torn_clean_0009_jpg.rf.9LbjiDx8x1f6Qgk69w6J_torn_aug5.jpg,/home/thaimq/CashVision/results_c2/fold_1/val_augmented/images/train_500k_torn_clean_0009_jpg.rf.9LbjiDx8x1f6Qgk69w6J_torn_aug5.jpg,/home/thaimq/CashVision/results_c2/fold_1/val_augmented/labels/train_500k_torn_clean_0009_jpg.rf.9LbjiDx8x1f6Qgk69w6J_torn_aug5.txt,500000,torn_aug,true,torn_oversample,train_500k_torn_clean_0009_jpg.rf.9LbjiDx8x1f6Qgk69w6J,/home/thaimq/CashVision/results/protocol_a_kfold/fold_2/train/images/train_500k_torn_clean_0009_jpg.rf.9LbjiDx8x1f6Qgk69w6J.jpg
train_100k_torn_clean_0013_jpg.rf.jMkbHN3BzrDnTD4Rm3Sx_torn_aug1.jpg,/home/thaimq/CashVision/results_c2/fold_1/val_augmented/images/train_100k_torn_clean_0013_jpg.rf.jMkbHN3BzrDnTD4Rm3Sx_torn_aug1.jpg,/home/thaimq/CashVision/results_c2/fold_1/val_augmented/labels/train_100k_torn_clean_0013_jpg.rf.jMkbHN3BzrDnTD4Rm3Sx_torn_aug1.txt,100000,torn_aug,true,torn_oversample,train_100k_torn_clean_0013_jpg.rf.jMkbHN3BzrDnTD4Rm3Sx,/home/thaimq/CashVision/results/protocol_a_kfold/fold_2/train/images/train_100k_torn_clean_0013_jpg.rf.jMkbHN3BzrDnTD4Rm3Sx.jpg
train_100k_torn_clean_0013_jpg.rf.jMkbHN3BzrDnTD4Rm3Sx_torn_aug2.jpg,/home/thaimq/CashVision/results_c2/fold_1/val_augmented/images/train_100k_torn_clean_0013_jpg.rf.jMkbHN3BzrDnTD4Rm3Sx_torn_aug2.jpg,/home/thaimq/CashVision/results_c2/fold_1/val_augmented/labels/train_100k_torn_clean_0013_jpg.rf.jMkbHN3BzrDnTD4Rm3Sx_torn_aug2.txt,100000,torn_aug,true,torn_oversample,train_100k_torn_clean_0013_jpg.rf.jMkbHN3BzrDnTD4Rm3Sx,/home/thaimq/CashVision/results/protocol_a_kfold/fold_2/train/images/train_100k_torn_clean_0013_jpg.rf.jMkbHN3BzrDnTD4Rm3Sx.jpg
train_100k_torn_clean_0013_jpg.rf.jMkbHN3BzrDnTD4Rm3Sx_torn_aug3.jpg,/home/thaimq/CashVision/results_c2/fold_1/val_augmented/images/train_100k_torn_clean_0013_jpg.rf.jMkbHN3BzrDnTD4Rm3Sx_torn_aug3.jpg,/home/thaimq/CashVision/results_c2/fold_1/val_augmented/labels/train_100k_torn_clean_0013_jpg.rf.jMkbHN3BzrDnTD4Rm3Sx_torn_aug3.txt,100000,torn_aug,true,torn_oversample,train_100k_torn_clean_0013_jpg.rf.jMkbHN3BzrDnTD4Rm3Sx,/home/thaimq/CashVision/results/protocol_a_kfold/fold_2/train/images/train_100k_torn_clean_0013_jpg.rf.jMkbHN3BzrDnTD4Rm3Sx.jpg
train_100k_torn_clean_0013_jpg.rf.jMkbHN3BzrDnTD4Rm3Sx_torn_aug4.jpg,/home/thaimq/CashVision/results_c2/fold_1/val_augmented/images/train_100k_torn_clean_0013_jpg.rf.jMkbHN3BzrDnTD4Rm3Sx_torn_aug4.jpg,/home/thaimq/CashVision/results_c2/fold_1/val_augmented/labels/train_100k_torn_clean_0013_jpg.rf.jMkbHN3BzrDnTD4Rm3Sx_torn_aug4.txt,100000,torn_aug,true,torn_oversample,train_100k_torn_clean_0013_jpg.rf.jMkbHN3BzrDnTD4Rm3Sx,/home/thaimq/CashVision/results/protocol_a_kfold/fold_2/train/images/train_100k_torn_clean_0013_jpg.rf.jMkbHN3BzrDnTD4Rm3Sx.jpg
train_100k_torn_clean_0013_jpg.rf.jMkbHN3BzrDnTD4Rm3Sx_torn_aug5.jpg,/home/thaimq/CashVision/results_c2/fold_1/val_augmented/images/train_100k_torn_clean_0013_jpg.rf.jMkbHN3BzrDnTD4Rm3Sx_torn_aug5.jpg,/home/thaimq/CashVision/results_c2/fold_1/val_augmented/labels/train_100k_torn_clean_0013_jpg.rf.jMkbHN3BzrDnTD4Rm3Sx_torn_aug5.txt,100000,torn_aug,true,torn_oversample,train_100k_torn_clean_0013_jpg.rf.jMkbHN3BzrDnTD4Rm3Sx,/home/thaimq/CashVision/results/protocol_a_kfold/fold_2/train/images/train_100k_torn_clean_0013_jpg.rf.jMkbHN3BzrDnTD4Rm3Sx.jpg
train_200k_torn_clean_0020_jpg.rf.Sxq3mov8HsbyYuywWA6j_torn_aug1.jpg,/home/thaimq/CashVision/results_c2/fold_1/val_augmented/images/train_200k_torn_clean_0020_jpg.rf.Sxq3mov8HsbyYuywWA6j_torn_aug1.jpg,/home/thaimq/CashVision/results_c2/fold_1/val_augmented/labels/train_200k_torn_clean_0020_jpg.rf.Sxq3mov8HsbyYuywWA6j_torn_aug1.txt,200000,torn_aug,true,torn_oversample,train_200k_torn_clean_0020_jpg.rf.Sxq3mov8HsbyYuywWA6j,/home/thaimq/CashVision/results/protocol_a_kfold/fold_2/train/images/train_200k_torn_clean_0020_jpg.rf.Sxq3mov8HsbyYuywWA6j.jpg
train_200k_torn_clean_0020_jpg.rf.Sxq3mov8HsbyYuywWA6j_torn_aug2.jpg,/home/thaimq/CashVision/results_c2/fold_1/val_augmented/images/train_200k_torn_clean_0020_jpg.rf.Sxq3mov8HsbyYuywWA6j_torn_aug2.jpg,/home/thaimq/CashVision/results_c2/fold_1/val_augmented/labels/train_200k_torn_clean_0020_jpg.rf.Sxq3mov8HsbyYuywWA6j_torn_aug2.txt,200000,torn_aug,true,torn_oversample,train_200k_torn_clean_0020_jpg.rf.Sxq3mov8HsbyYuywWA6j,/home/thaimq/CashVision/results/protocol_a_kfold/fold_2/train/images/train_200k_torn_clean_0020_jpg.rf.Sxq3mov8HsbyYuywWA6j.jpg
train_200k_torn_clean_0020_jpg.rf.Sxq3mov8HsbyYuywWA6j_torn_aug3.jpg,/home/thaimq/CashVision/results_c2/fold_1/val_augmented/images/train_200k_torn_clean_0020_jpg.rf.Sxq3mov8HsbyYuywWA6j_torn_aug3.jpg,/home/thaimq/CashVision/results_c2/fold_1/val_augmented/labels/train_200k_torn_clean_0020_jpg.rf.Sxq3mov8HsbyYuywWA6j_torn_aug3.txt,200000,torn_aug,true,torn_oversample,train_200k_torn_clean_0020_jpg.rf.Sxq3mov8HsbyYuywWA6j,/home/thaimq/CashVision/results/protocol_a_kfold/fold_2/train/images/train_200k_torn_clean_0020_jpg.rf.Sxq3mov8HsbyYuywWA6j.jpg
train_200k_torn_clean_0020_jpg.rf.Sxq3mov8HsbyYuywWA6j_torn_aug4.jpg,/home/thaimq/CashVision/results_c2/fold_1/val_augmented/images/train_200k_torn_clean_0020_jpg.rf.Sxq3mov8HsbyYuywWA6j_torn_aug4.jpg,/home/thaimq/CashVision/results_c2/fold_1/val_augmented/labels/train_200k_torn_clean_0020_jpg.rf.Sxq3mov8HsbyYuywWA6j_torn_aug4.txt,200000,torn_aug,true,torn_oversample,train_200k_torn_clean_0020_jpg.rf.Sxq3mov8HsbyYuywWA6j,/home/thaimq/CashVision/results/protocol_a_kfold/fold_2/train/images/train_200k_torn_clean_0020_jpg.rf.Sxq3mov8HsbyYuywWA6j.jpg
train_200k_torn_clean_0020_jpg.rf.Sxq3mov8HsbyYuywWA6j_torn_aug5.jpg,/home/thaimq/CashVision/results_c2/fold_1/val_augmented/images/train_200k_torn_clean_0020_jpg.rf.Sxq3mov8HsbyYuywWA6j_torn_aug5.jpg,/home/thaimq/CashVision/results_c2/fold_1/val_augmented/labels/train_200k_torn_clean_0020_jpg.rf.Sxq3mov8HsbyYuywWA6j_torn_aug5.txt,200000,torn_aug,true,torn_oversample,train_200k_torn_clean_0020_jpg.rf.Sxq3mov8HsbyYuywWA6j,/home/thaimq/CashVision/results/protocol_a_kfold/fold_2/train/images/train_200k_torn_clean_0020_jpg.rf.Sxq3mov8HsbyYuywWA6j.jpg
train_200k_torn_clean_0019_jpg.rf.Tbhe7W44v6WB4YHacyDr_torn_aug1.jpg,/home/thaimq/CashVision/results_c2/fold_1/val_augmented/images/train_200k_torn_clean_0019_jpg.rf.Tbhe7W44v6WB4YHacyDr_torn_aug1.jpg,/home/thaimq/CashVision/results_c2/fold_1/val_augmented/labels/train_200k_torn_clean_0019_jpg.rf.Tbhe7W44v6WB4YHacyDr_torn_aug1.txt,200000,torn_aug,true,torn_oversample,train_200k_torn_clean_0019_jpg.rf.Tbhe7W44v6WB4YHacyDr,/home/thaimq/CashVision/results/protocol_a_kfold/fold_2/train/images/train_200k_torn_clean_0019_jpg.rf.Tbhe7W44v6WB4YHacyDr.jpg
train_200k_torn_clean_0019_jpg.rf.Tbhe7W44v6WB4YHacyDr_torn_aug2.jpg,/home/thaimq/CashVision/results_c2/fold_1/val_augmented/images/train_200k_torn_clean_0019_jpg.rf.Tbhe7W44v6WB4YHacyDr_torn_aug2.jpg,/home/thaimq/CashVision/results_c2/fold_1/val_augmented/labels/train_200k_torn_clean_0019_jpg.rf.Tbhe7W44v6WB4YHacyDr_torn_aug2.txt,200000,torn_aug,true,torn_oversample,train_200k_torn_clean_0019_jpg.rf.Tbhe7W44v6WB4YHacyDr,/home/thaimq/CashVision/results/protocol_a_kfold/fold_2/train/images/train_200k_torn_clean_0019_jpg.rf.Tbhe7W44v6WB4YHacyDr.jpg
train_200k_torn_clean_0019_jpg.rf.Tbhe7W44v6WB4YHacyDr_torn_aug3.jpg,/home/thaimq/CashVision/results_c2/fold_1/val_augmented/images/train_200k_torn_clean_0019_jpg.rf.Tbhe7W44v6WB4YHacyDr_torn_aug3.jpg,/home/thaimq/CashVision/results_c2/fold_1/val_augmented/labels/train_200k_torn_clean_0019_jpg.rf.Tbhe7W44v6WB4YHacyDr_torn_aug3.txt,200000,torn_aug,true,torn_oversample,train_200k_torn_clean_0019_jpg.rf.Tbhe7W44v6WB4YHacyDr,/home/thaimq/CashVision/results/protocol_a_kfold/fold_2/train/images/train_200k_torn_clean_0019_jpg.rf.Tbhe7W44v6WB4YHacyDr.jpg
train_200k_torn_clean_0019_jpg.rf.Tbhe7W44v6WB4YHacyDr_torn_aug4.jpg,/home/thaimq/CashVision/results_c2/fold_1/val_augmented/images/train_200k_torn_clean_0019_jpg.rf.Tbhe7W44v6WB4YHacyDr_torn_aug4.jpg,/home/thaimq/CashVision/results_c2/fold_1/val_augmented/labels/train_200k_torn_clean_0019_jpg.rf.Tbhe7W44v6WB4YHacyDr_torn_aug4.txt,200000,torn_aug,true,torn_oversample,train_200k_torn_clean_0019_jpg.rf.Tbhe7W44v6WB4YHacyDr,/home/thaimq/CashVision/results/protocol_a_kfold/fold_2/train/images/train_200k_torn_clean_0019_jpg.rf.Tbhe7W44v6WB4YHacyDr.jpg
train_200k_torn_clean_0019_jpg.rf.Tbhe7W44v6WB4YHacyDr_torn_aug5.jpg,/home/thaimq/CashVision/results_c2/fold_1/val_augmented/images/train_200k_torn_clean_0019_jpg.rf.Tbhe7W44v6WB4YHacyDr_torn_aug5.jpg,/home/thaimq/CashVision/results_c2/fold_1/val_augmented/labels/train_200k_torn_clean_0019_jpg.rf.Tbhe7W44v6WB4YHacyDr_torn_aug5.txt,200000,torn_aug,true,torn_oversample,train_200k_torn_clean_0019_jpg.rf.Tbhe7W44v6WB4YHacyDr,/home/thaimq/CashVision/results/protocol_a_kfold/fold_2/train/images/train_200k_torn_clean_0019_jpg.rf.Tbhe7W44v6WB4YHacyDr.jpg
train_10k_torn_clean_0021_jpg.rf.qQFcVAJ54qdtHmN6iYz1_torn_aug1.jpg,/home/thaimq/CashVision/results_c2/fold_1/val_augmented/images/train_10k_torn_clean_0021_jpg.rf.qQFcVAJ54qdtHmN6iYz1_torn_aug1.jpg,/home/thaimq/CashVision/results_c2/fold_1/val_augmented/labels/train_10k_torn_clean_0021_jpg.rf.qQFcVAJ54qdtHmN6iYz1_torn_aug1.txt,10000,torn_aug,true,torn_oversample,train_10k_torn_clean_0021_jpg.rf.qQFcVAJ54qdtHmN6iYz1,/home/thaimq/CashVision/results/protocol_a_kfold/fold_2/val_indoor/images/train_10k_torn_clean_0021_jpg.rf.qQFcVAJ54qdtHmN6iYz1.jpg
train_10k_torn_clean_0021_jpg.rf.qQFcVAJ54qdtHmN6iYz1_torn_aug2.jpg,/home/thaimq/CashVision/results_c2/fold_1/val_augmented/images/train_10k_torn_clean_0021_jpg.rf.qQFcVAJ54qdtHmN6iYz1_torn_aug2.jpg,/home/thaimq/CashVision/results_c2/fold_1/val_augmented/labels/train_10k_torn_clean_0021_jpg.rf.qQFcVAJ54qdtHmN6iYz1_torn_aug2.txt,10000,torn_aug,true,torn_oversample,train_10k_torn_clean_0021_jpg.rf.qQFcVAJ54qdtHmN6iYz1,/home/thaimq/CashVision/results/protocol_a_kfold/fold_2/val_indoor/images/train_10k_torn_clean_0021_jpg.rf.qQFcVAJ54qdtHmN6iYz1.jpg
train_10k_torn_clean_0021_jpg.rf.qQFcVAJ54qdtHmN6iYz1_torn_aug3.jpg,/home/thaimq/CashVision/results_c2/fold_1/val_augmented/images/train_10k_torn_clean_0021_jpg.rf.qQFcVAJ54qdtHmN6iYz1_torn_aug3.jpg,/home/thaimq/CashVision/results_c2/fold_1/val_augmented/labels/train_10k_torn_clean_0021_jpg.rf.qQFcVAJ54qdtHmN6iYz1_torn_aug3.txt,10000,torn_aug,true,torn_oversample,train_10k_torn_clean_0021_jpg.rf.qQFcVAJ54qdtHmN6iYz1,/home/thaimq/CashVision/results/protocol_a_kfold/fold_2/val_indoor/images/train_10k_torn_clean_0021_jpg.rf.qQFcVAJ54qdtHmN6iYz1.jpg
train_10k_torn_clean_0021_jpg.rf.qQFcVAJ54qdtHmN6iYz1_torn_aug4.jpg,/home/thaimq/CashVision/results_c2/fold_1/val_augmented/images/train_10k_torn_clean_0021_jpg.rf.qQFcVAJ54qdtHmN6iYz1_torn_aug4.jpg,/home/thaimq/CashVision/results_c2/fold_1/val_augmented/labels/train_10k_torn_clean_0021_jpg.rf.qQFcVAJ54qdtHmN6iYz1_torn_aug4.txt,10000,torn_aug,true,torn_oversample,train_10k_torn_clean_0021_jpg.rf.qQFcVAJ54qdtHmN6iYz1,/home/thaimq/CashVision/results/protocol_a_kfold/fold_2/val_indoor/images/train_10k_torn_clean_0021_jpg.rf.qQFcVAJ54qdtHmN6iYz1.jpg
train_10k_torn_clean_0021_jpg.rf.qQFcVAJ54qdtHmN6iYz1_torn_aug5.jpg,/home/thaimq/CashVision/results_c2/fold_1/val_augmented/images/train_10k_torn_clean_0021_jpg.rf.qQFcVAJ54qdtHmN6iYz1_torn_aug5.jpg,/home/thaimq/CashVision/results_c2/fold_1/val_augmented/labels/train_10k_torn_clean_0021_jpg.rf.qQFcVAJ54qdtHmN6iYz1_torn_aug5.txt,10000,torn_aug,true,torn_oversample,train_10k_torn_clean_0021_jpg.rf.qQFcVAJ54qdtHmN6iYz1,/home/thaimq/CashVision/results/protocol_a_kfold/fold_2/val_indoor/images/train_10k_torn_clean_0021_jpg.rf.qQFcVAJ54qdtHmN6iYz1.jpg
