filename,denomination_class,condition,is_torn
train_100k_backlight_0001_jpg.rf.WMHOUSo8P4ZMzNHK4O6P.jpg,100000,backlight,false
train_100k_backlight_0002_jpg.rf.Rr80bwosLKySjlzyLuBz.jpg,100000,backlight,false
train_100k_backlight_0003_jpg.rf.Zh6llfTOQn43SaVKxuZT.jpg,100000,backlight,false
train_100k_backlight_0004_jpg.rf.Tn2OlT8qGcHoTii2GC2w.jpg,100000,backlight,false
train_100k_backlight_0005_jpg.rf.Zl7W048fq6NmJacdXkTg.jpg,100000,backlight,false
train_100k_backlight_0006_jpg.rf.An3arNr2cLUoel4ija6w.jpg,100000,backlight,false
train_100k_backlight_0007_jpg.rf.bvtUbJyzebFqGAHWXoK3.jpg,100000,backlight,false
train_100k_backlight_0008_jpg.rf.nwzKrw6bOeNkSKhHpvmX.jpg,100000,backlight,false
train_100k_backlight_0009_jpg.rf.b7gmBOjH9eDarALajMrD.jpg,100000,backlight,false
train_100k_backlight_0010_jpg.rf.fq4aK1rsM76JUOghnxxT.jpg,100000,backlight,false
train_100k_backlight_0011_jpg.rf.Xo0vMlbKmRxAuMciNWWx.jpg,100000,backlight,false
train_100k_backlight_0012_jpg.rf.fZJBpQaQOYJ03xQlkeK9.jpg,100000,backlight,false
train_100k_backlight_0013_jpg.rf.kcLRTMocVjBSpSStFi4f.jpg,100000,backlight,false
train_100k_backlight_0014_jpg.rf.r8Lr7SICFY84IhMGHu8F.jpg,100000,backlight,false
train_100k_backlight_0015_jpg.rf.xrEZMe0L0bsFvHuOTv1Z.jpg,100000,backlight,false
train_100k_backlight_0016_jpg.rf.SDx5ISsm3ie8leHdGI1Y.jpg,100000,backlight,false
train_100k_backlight_0017_jpg.rf.ORlW4NkCDdiTyxA0bJIa.jpg,100000,backlight,false
train_100k_backlight_0018_jpg.rf.364GUclgLpqK3gzck7yx.jpg,100000,backlight,false
train_100k_backlight_0019_jpg.rf.MeKE1xQ3s73ZphvGBOio.jpg,100000,backlight,false
train_100k_backlight_0020_jpg.rf.2ZOjjborBX9hWwWzjaSe.jpg,100000,backlight,false
train_100k_backlight_0021_jpg.rf.zx9yNGjJ0CEpPBP079Hg.jpg,100000,backlight,false
train_100k_backlight_0022_jpg.rf.PPYoppGjhStEkn9Dtb1w.jpg,100000,backlight,false
train_100k_backlight_0023_jpg.rf.23TIShWiD1DE1d9hxP0Y.jpg,100000,backlight,false
train_100k_backlight_0024_jpg.rf.vMbT0HnHPqp7Q2KVSYHQ.jpg,100000,backlight,false
train_100k_backlight_0025_jpg.rf.GNg5NSMu6thSuh1efyf0.jpg,100000,backlight,false
train_100k_backlight_0026_jpg.rf.XNXki54EjsNC5WupELPL.jpg,100000,backlight,false
train_100k_backlight_0027_jpg.rf.ZO8S23rf7NUYG6YHgeK9.jpg,100000,backlight,false
train_100k_backlight_0028_jpg.rf.iaPS3BQ9Km1USKWMzIhJ.jpg,100000,backlight,false
train_100k_backlight_0029_jpg.rf.CCZ3ysRWkMHmt0HvtMsp.jpg,100000,backlight,false
train_100k_backlight_0030_jpg.rf.69X9BE1qcWxwiaTwEoID.jpg,100000,backlight,false
train_100k_backlight_0031_jpg.rf.vMXdGYqtCbUh55Anu0pN.jpg,100000,backlight,false
train_100k_backlight_0032_jpg.rf.yZTV515pVN5HYNyivp37.jpg,100000,backlight,false
train_100k_backlight_0033_jpg.rf.hiLNPtiV5fmFsYaCeKbU.jpg,100000,backlight,false
train_100k_backlight_0034_jpg.rf.N9AIkQ1Y1r3v4fzvkF77.jpg,100000,backlight,false
train_100k_backlight_0035_jpg.rf.UythOC74cRlru9kMW2WW.jpg,100000,backlight,false
train_100k_indoor_0001_jpg.rf.Eq77pjo7Z5XziYotsVB6.jpg,100000,indoor,false
train_100k_indoor_0002_jpg.rf.Jj3DF1X2cPZPu3hCD4vJ.jpg,100000,indoor,false
train_100k_indoor_0003_jpg.rf.xGiKLFyrSEOo4SuGKlly.jpg,100000,indoor,false
train_100k_indoor_0004_jpg.rf.9s5NQLehEIVcjgkPZG7O.jpg,100000,indoor,false
train_100k_indoor_0005_jpg.rf.KXOXEHNXyk5CjUImFPwW.jpg,100000,indoor,false
train_100k_indoor_0006_jpg.rf.B6D68FUPAQMsfpb8GyF7.jpg,100000,indoor,false
train_100k_indoor_0007_jpg.rf.FWtDupYTIfjBBAfkFi2h.jpg,100000,indoor,false
train_100k_indoor_0008_jpg.rf.bowjINtuxwoZ873RdYJH.jpg,100000,indoor,false
train_100k_indoor_0009_jpg.rf.foNK5fHhUfzCO6izfBOQ.jpg,100000,indoor,false
train_100k_indoor_0010_jpg.rf.u7o1f8ZXOUO8qvTcqFvS.jpg,100000,indoor,false
train_100k_indoor_0011_jpg.rf.Nu2RKCjv02O3b1xfT7wC.jpg,100000,indoor,false
train_100k_indoor_0012_jpg.rf.OtZXKuzJrJF9OlnrCkW0.jpg,100000,indoor,false
train_100k_indoor_0013_jpg.rf.buDEp5Zyaojtqoxa0xKw.jpg,100000,indoor,false
train_100k_indoor_0014_jpg.rf.6b6ExcZXu2GQJf2gEiEW.jpg,100000,indoor,false
train_100k_indoor_0015_jpg.rf.yRg4cEAvNaCl2uJUl8hk.jpg,100000,indoor,false
train_100k_indoor_0016_jpg.rf.PBCBAWTyv5LmWipm6LZ5.jpg,100000,indoor,false
train_100k_indoor_0017_jpg.rf.7ARW3uvjOeGfSODVGMSX.jpg,100000,indoor,false
train_100k_indoor_0018_jpg.rf.HNYaMu5mESoihGOzCFOw.jpg,100000,indoor,false
train_100k_indoor_0019_jpg.rf.YE2zvGiZKJyh9hpv1F89.jpg,100000,indoor,false
train_100k_indoor_0020_jpg.rf.pivuDMTfr61dMqms5DMT.jpg,100000,indoor,false
train_100k_indoor_0021_jpg.rf.AL0b7NMD2tUfpze2FPXE.jpg,100000,indoor,false
train_100k_indoor_0022_jpg.rf.ATv5M1rRpalhOlxoXMtR.jpg,100000,indoor,false
train_100k_indoor_0023_jpg.rf.25jkgm0ZROKVhJZD2RaV.jpg,100000,indoor,false
train_100k_indoor_0024_jpg.rf.v40jjCFnvpeT1qrUeGyD.jpg,100000,indoor,false
train_100k_indoor_0025_jpg.rf.HSTNvJMZ2ds1OSHxw0oP.jpg,100000,indoor,false
train_100k_indoor_0026_jpg.rf.Wb8A5CinNC8iRUx5yvfk.jpg,100000,indoor,false
train_100k_indoor_0027_jpg.rf.Lz4P8j82KR7veH66P38B.jpg,100000,indoor,false
train_100k_indoor_0028_jpg.rf.fTF5dvB1xqbTad6h5IZ7.jpg,100000,indoor,false
train_100k_indoor_0029_jpg.rf.cK5vTTNf8DaY4OrpHRp0.jpg,100000,indoor,false
train_100k_indoor_0030_jpg.rf.q11jQ8PDPRfQsHFxuK29.jpg,100000,indoor,false
train_100k_indoor_0031_jpg.rf.3OdhCmXa6aMZbpLuLNub.jpg,100000,indoor,false
train_100k_indoor_0032_jpg.rf.UKTWwWCDkeG4eRbz5E04.jpg,100000,indoor,false
train_100k_indoor_0033_jpg.rf.cu0jCKRbHaWIUgybuVDt.jpg,100000,indoor,false
train_100k_indoor_0034_jpg.rf.rrO7MqyLmbOXdK8gzPHd.jpg,100000,indoor,false
train_100k_indoor_0035_jpg.rf.eyWjBEOVT4Je7iT7z3hG.jpg,100000,indoor,false
train_100k_indoor_0036_jpg.rf.OwEXU1SxbHJ7abmclTwa.jpg,100000,indoor,false
train_100k_indoor_0037_jpg.rf.3ln9ZNEsWGep8jDQwYQU.jpg,100000,indoor,false
train_100k_indoor_0038_jpg.rf.taFmzRbBn4ijJ1RSYsgy.jpg,100000,indoor,false
train_100k_indoor_0039_jpg.rf.MCo2aYUv3Hf2pXixzZ5s.jpg,100000,indoor,false
train_100k_indoor_0040_jpg.rf.ZcpZe92I2kp4adS4p5ed.jpg,100000,indoor,false
train_100k_indoor_0041_jpg.rf.cRpszhOy1lHshWTqpszw.jpg,100000,indoor,false
train_100k_indoor_0042_jpg.rf.FxEmcb3H1sxSSzemG52H.jpg,100000,indoor,false
train_100k_indoor_0043_jpg.rf.IPxE2EgndnYDA4s0cofs.jpg,100000,indoor,false
train_100k_indoor_0044_jpg.rf.FRNmu5iV0Il2XNNFrZT8.jpg,100000,indoor,false
train_100k_indoor_0045_jpg.rf.sXUhWiDywuQmjiavzPdI.jpg,100000,indoor,false
train_100k_outdoor_0001_jpg.rf.CkpOROlcAi6g8FmR9Jyd.jpg,100000,outdoor,false
train_100k_outdoor_0002_jpg.rf.3GydF4X7AavTLNziLdn7.jpg,100000,outdoor,false
train_100k_outdoor_0003_jpg.rf.5FV6IEtYrSGACnw47acN.jpg,100000,outdoor,false
train_100k_outdoor_0004_jpg.rf.zaKup8SYE3XbR88XbRF0.jpg,100000,outdoor,false
train_100k_outdoor_0005_jpg.rf.CbIsYK9IeN77r96QSqen.jpg,100000,outdoor,false
train_100k_outdoor_0006_jpg.rf.piEJUmletxlTj3nsfNAw.jpg,100000,outdoor,false
train_100k_outdoor_0007_jpg.rf.2vZtGuoywf9Vd8fvumtH.jpg,100000,outdoor,false
train_100k_outdoor_0008_jpg.rf.DFUAMKffnkXz1KhnahbE.jpg,100000,outdoor,false
train_100k_outdoor_0009_jpg.rf.5F3pEVIlm295jovjTNdP.jpg,100000,outdoor,false
train_100k_outdoor_0010_jpg.rf.N0CTA0czCk2bMtLUdKQ1.jpg,100000,outdoor,false
train_100k_outdoor_0011_jpg.rf.juYPqXk1MMJGpHtPTn5G.jpg,100000,outdoor,false
train_100k_outdoor_0012_jpg.rf.U0zgdsJ5gRQYYzL5Zq8n.jpg,100000,outdoor,false
train_100k_outdoor_0013_jpg.rf.xgYsZa6IhrsftORATEfP.jpg,100000,outdoor,false
train_100k_outdoor_0014_jpg.rf.s4m5Cgtjgi5s3bN5VsaF.jpg,100000,outdoor,false
train_100k_outdoor_0015_jpg.rf.CuTy9eotzPCzY22av812.jpg,100000,outdoor,false
train_100k_outdoor_0016_jpg.rf.rIKhUSerVonaiPmAxG70.jpg,100000,outdoor,false
train_100k_outdoor_0017_jpg.rf.pctSErT8Nu40MOTR88wr.jpg,100000,outdoor,false
train_100k_outdoor_0018_jpg.rf.iPXFPQhd1q8Ig6ogPsGy.jpg,100000,outdoor,false
train_100k_outdoor_0019_jpg.rf.Km5MsImEcjD2Yd1SNQVR.jpg,100000,outdoor,false
train_100k_outdoor_0020_jpg.rf.G33RrkAxnSnKA2l2HUfz.jpg,100000,outdoor,false
train_100k_outdoor_0021_jpg.rf.lj2Vlr9imdueYvLaQGjO.jpg,100000,outdoor,false
train_100k_outdoor_0022_jpg.rf.ORYUhZtJdjs7sMEg9oyu.jpg,100000,outdoor,false
train_100k_outdoor_0023_jpg.rf.3hWUNpMHRM4Xf6te6VCx.jpg,100000,outdoor,false
train_100k_outdoor_0024_jpg.rf.NvgZYLK06XOFvmky76QC.jpg,100000,outdoor,false
train_100k_outdoor_0025_jpg.rf.7WEwhpH09F4XJzRVyxaU.jpg,100000,outdoor,false
train_100k_outdoor_0026_jpg.rf.B9PzT5CfKckiI2LFnRvs.jpg,100000,outdoor,false
train_100k_outdoor_0027_jpg.rf.t4A8rpqXwipYmhEKjD19.jpg,100000,outdoor,false
train_100k_outdoor_0028_jpg.rf.qegfC8RnfHu8qk6M1qgq.jpg,100000,outdoor,false
train_100k_outdoor_0029_jpg.rf.0TbMWVKfWd2tPu92TSaN.jpg,100000,outdoor,false
train_100k_outdoor_0030_jpg.rf.UBL8OrvWg343Wg0Vvcqz.jpg,100000,outdoor,false
train_100k_outdoor_0031_jpg.rf.ibz5c9XZvjDgu20PHDJa.jpg,100000,outdoor,false
train_100k_outdoor_0032_jpg.rf.KOpp0HIgS8wDYbTbHOgH.jpg,100000,outdoor,false
train_100k_outdoor_0033_jpg.rf.jIo1SSCvaMArVdloMfXN.jpg,100000,outdoor,false
train_100k_outdoor_0034_jpg.rf.jrHBlyFaY5WNmOw9DdAi.jpg,100000,outdoor,false
train_100k_outdoor_0035_jpg.rf.JMC52Rt1lde51HHy5uwd.jpg,100000,outdoor,false
train_100k_outdoor_0036_jpg.rf.uGjYMlA42pITlOZbltGR.jpg,100000,outdoor,false
train_100k_outdoor_0037_jpg.rf.mBCnvoTtYrY7Y13YVOd5.jpg,100000,outdoor,false
train_100k_outdoor_0038_jpg.rf.ru1XjtNSvN2P7JdWiXxn.jpg,100000,outdoor,false
train_100k_outdoor_0039_jpg.rf.R6HqN3Tv00cO5JYwe99o.jpg,100000,outdoor,false
train_100k_outdoor_0040_jpg.rf.eBh2H9kvVdehB519QZfa.jpg,100000,outdoor,false
train_100k_outdoor_0041_jpg.rf.oEgnLtr5Nw6Tfg7E0ixQ.jpg,100000,outdoor,false
train_100k_outdoor_0042_jpg.rf.Rzx9XRYHRzvubb82B4PJ.jpg,100000,outdoor,false
train_100k_outdoor_0043_jpg.rf.VgspjGHwtfT9wEUbFivW.jpg,100000,outdoor,false
train_100k_outdoor_0044_jpg.rf.HvORUS8bn40HoULdOjMm.jpg,100000,outdoor,false
train_100k_outdoor_0045_jpg.rf.mp70QdRK78aLi8jwjnbU.jpg,100000,outdoor,false
train_100k_overexposed_0001_jpg.rf.SRcu9VpCkVRkcvpmiHRP.jpg,100000,overexposed,false
train_100k_overexposed_0002_jpg.rf.lvDNBOZB8p49mawjRFE8.jpg,100000,overexposed,false
train_100k_overexposed_0003_jpg.rf.YrYAmCJMuJygpJXsdyJk.jpg,100000,overexposed,false
train_100k_overexposed_0004_jpg.rf.3vnwpzkzhqLMOGswVzkx.jpg,100000,overexposed,false
train_100k_overexposed_0005_jpg.rf.xqE4N3gY1j83rigR0als.jpg,100000,overexposed,false
train_100k_overexposed_0006_jpg.rf.4PU44JoQ1RTkbzLDIuAf.jpg,100000,overexposed,false
train_100k_overexposed_0007_jpg.rf.S07B8qsxUOkUSImupxYG.jpg,100000,overexposed,false
train_100k_overexposed_0008_jpg.rf.M09zbfTxpVj3r1K0ehc3.jpg,100000,overexposed,false
train_100k_overexposed_0009_jpg.rf.ST0bkQgtZWZulTyI35kt.jpg,100000,overexposed,false
train_100k_overexposed_0010_jpg.rf.Sg7elB7wz7k1fr0WCJjm.jpg,100000,overexposed,false
train_100k_overexposed_0011_jpg.rf.vW8UFVWtf2RqBENzK0si.jpg,100000,overexposed,false
train_100k_overexposed_0012_jpg.rf.YaLPULOlCBq9YdpICXKa.jpg,100000,overexposed,false
train_100k_overexposed_0013_jpg.rf.pJT9aQe0YejENFytEDIF.jpg,100000,overexposed,false
train_100k_overexposed_0014_jpg.rf.mD09InA8VRjcJQKiRQjm.jpg,100000,overexposed,false
train_100k_overexposed_0015_jpg.rf.RkmPredMgAg7isGF1zMN.jpg,100000,overexposed,false
train_100k_overexposed_0016_jpg.rf.GfG0EDrV66oB2VcqrsVU.jpg,100000,overexposed,false
train_100k_overexposed_0017_jpg.rf.gVaFi3vS6Q3LE0S6yMFY.jpg,100000,overexposed,false
train_100k_overexposed_0018_jpg.rf.Xhr6h0v398a0cpisqUjR.jpg,100000,overexposed,false
train_100k_overexposed_0019_jpg.rf.TitWiuJRhqoeC0ehi3i4.jpg,100000,overexposed,false
train_100k_overexposed_0020_jpg.rf.wOcNeONy5rgK1Wg0Wmsw.jpg,100000,overexposed,false
train_100k_overexposed_0021_jpg.rf.haO9u0qzEo2oEWZ9seTS.jpg,100000,overexposed,false
train_100k_overexposed_0022_jpg.rf.QwL0vtK0WmV68wPMIlSd.jpg,100000,overexposed,false
train_100k_overexposed_0023_jpg.rf.ZMubt5sPy5VZmGgfD0ml.jpg,100000,overexposed,false
train_100k_overexposed_0024_jpg.rf.DOiJ1nyZQwbvTb2Q6hUt.jpg,100000,overexposed,false
train_100k_overexposed_0025_jpg.rf.wIbX9QY4gERuzxaxPDyR.jpg,100000,overexposed,false
train_100k_overexposed_0026_jpg.rf.9A6AkMg6gBHS1dQzdm6a.jpg,100000,overexposed,false
train_100k_overexposed_0027_jpg.rf.w9lkJWjO5kA2ocBS5LNU.jpg,100000,overexposed,false
train_100k_overexposed_0028_jpg.rf.vCQUwv9m2ZQJwAJUgQZq.jpg,100000,overexposed,false
train_100k_overexposed_0029_jpg.rf.SjO0jzwDCr9uUqnEKlW7.jpg,100000,overexposed,false
train_100k_overexposed_0030_jpg.rf.0mHkHTw8eklPyq5kdeIm.jpg,100000,overexposed,false
train_100k_overexposed_0031_jpg.rf.J41xZUQg3IsfSBFuCUwj.jpg,100000,overexposed,false
train_100k_overexposed_0032_jpg.rf.Zu1MKjvFf8O81bGMLbaN.jpg,100000,overexposed,false
train_100k_overexposed_0033_jpg.rf.h41o7mtZi4h7l6zL7vVi.jpg,100000,overexposed,false
train_100k_overexposed_0034_jpg.rf.EBzCQcNTPcsPu6kvW46v.jpg,100000,overexposed,false
train_100k_overexposed_0035_jpg.rf.0XxnW231YWNnKHQTdXjJ.jpg,100000,overexposed,false
train_100k_torn_clean_0001_jpg.rf.qPhHcqKSvE0iqDWMAQ6S.jpg,100000,torn_clean,true
train_100k_torn_clean_0002_jpg.rf.w62Myk1OnyHaf6NVTPpz.jpg,100000,torn_clean,true
train_100k_torn_clean_0003_jpg.rf.0HlQOA65lbG6NODoxhLo.jpg,100000,torn_clean,true
train_100k_torn_clean_0004_jpg.rf.jwtOI4wRn0TUxlotgAM2.jpg,100000,torn_clean,true
train_100k_torn_clean_0005_jpg.rf.1YdtFPSYhfFSt5QArkfO.jpg,100000,torn_clean,true
train_100k_torn_clean_0006_jpg.rf.gci731gy2YZ2oVf9Ondt.jpg,100000,torn_clean,true
train_100k_torn_clean_0007_jpg.rf.nvnMhZeCkcoJeklZeiJQ.jpg,100000,torn_clean,true
train_100k_torn_clean_0008_jpg.rf.i2RSsEHPQXxtdlbq7xcr.jpg,100000,torn_clean,true
train_100k_torn_clean_0009_jpg.rf.unyuxH5bBaEp89y5dbYw.jpg,100000,torn_clean,true
train_100k_torn_clean_0010_jpg.rf.tUwqGxZQWQrr1ELbFmxb.jpg,100000,torn_clean,true
train_100k_torn_clean_0011_jpg.rf.kksgzX77jEyIabdchGSe.jpg,100000,torn_clean,true
train_100k_torn_clean_0012_jpg.rf.O4JhxNrXcnTrhXh7KXOs.jpg,100000,torn_clean,true
train_100k_torn_clean_0013_jpg.rf.jMkbHN3BzrDnTD4Rm3Sx.jpg,100000,torn_clean,true
train_100k_torn_clean_0014_jpg.rf.hgdIa2eOZWkySTJxPuCC.jpg,100000,torn_clean,true
train_100k_torn_clean_0015_jpg.rf.IORA3kM66dJsJwws8fTG.jpg,100000,torn_clean,true
train_100k_torn_clean_0016_jpg.rf.J9MWrwpggBBkKPRAqnNo.jpg,100000,torn_clean,true
train_100k_torn_clean_0017_jpg.rf.5CK3eHuGAsdqHXdCjApy.jpg,100000,torn_clean,true
train_100k_torn_clean_0018_jpg.rf.LW3SIqfen576UDDUCU0I.jpg,100000,torn_clean,true
train_100k_torn_clean_0019_jpg.rf.ealcUIEOExBJoxB3VfZz.jpg,100000,torn_clean,true
train_100k_torn_clean_0020_jpg.rf.A8emnnSyTQXakaORDf6F.jpg,100000,torn_clean,true
train_100k_torn_clean_0021_jpg.rf.kG0I9VrgIpIujZBJOoHh.jpg,100000,torn_clean,true
train_100k_torn_clean_0022_jpg.rf.F7jrZW6SkWzPPTuzRuqT.jpg,100000,torn_clean,true
train_100k_torn_clean_0023_jpg.rf.W0syF6YEnTkDlyVaYvh2.jpg,100000,torn_clean,true
train_100k_torn_clean_0024_jpg.rf.HBBtoNW46vx291HmkWzY.jpg,100000,torn_clean,true
train_100k_torn_clean_0025_jpg.rf.2JGNzhjxkE6bYsy1saeM.jpg,100000,torn_clean,true
train_100k_torn_overexposed_0001_jpg.rf.9HYu4VWGyhnqEUveYM0x.jpg,100000,torn_bright,true
train_100k_torn_overexposed_0002_jpg.rf.kwAIiarWLNplXq5dgWzC.jpg,100000,torn_bright,true
train_100k_torn_overexposed_0003_jpg.rf.lkiIdgNIWMFJew4aOV6a.jpg,100000,torn_bright,true
train_100k_torn_overexposed_0004_jpg.rf.XlkGKvguwVbIfW8zcL4i.jpg,100000,torn_bright,true
train_100k_torn_overexposed_0005_jpg.rf.WTaXpz4VGB3UQua9R5lh.jpg,100000,torn_bright,true
train_100k_torn_overexposed_0006_jpg.rf.Fxb8ZsE55tAIaWmRnjuB.jpg,100000,torn_bright,true
train_100k_torn_overexposed_0007_jpg.rf.PuEV2efa4iaieV7mG4D9.jpg,100000,torn_bright,true
train_100k_torn_overexposed_0008_jpg.rf.CQqo8ae0FQMVhmC7HlI2.jpg,100000,torn_bright,true
train_100k_torn_overexposed_0009_jpg.rf.Z1fYakrIUGVS2kajBnbK.jpg,100000,torn_bright,true
train_100k_torn_overexposed_0010_jpg.rf.17Zc8mYvILFsQUlT6KHb.jpg,100000,torn_bright,true
train_100k_torn_overexposed_0011_jpg.rf.E9Nf7ZcXXsX9RkjV8TGr.jpg,100000,torn_bright,true
train_100k_torn_overexposed_0012_jpg.rf.Pkpe5d8pd68gSJcCax1k.jpg,100000,torn_bright,true
train_100k_torn_overexposed_0013_jpg.rf.QlCHKTAPVOzPt2I5YCy6.jpg,100000,torn_bright,true
train_100k_torn_overexposed_0014_jpg.rf.wB6rreds9aZSolTDycD3.jpg,100000,torn_bright,true
train_100k_torn_overexposed_0015_jpg.rf.FGZjyGJBQBz5azv1Ry93.jpg,100000,torn_bright,true
train_100k_torn_overexposed_0016_jpg.rf.RYjnG7CHkyK1s46Gn3x3.jpg,100000,torn_bright,true
train_100k_torn_overexposed_0017_jpg.rf.kcAqzXGWa0isROqymbXJ.jpg,100000,torn_bright,true
train_100k_torn_overexposed_0018_jpg.rf.z7T5t7Gpm1mPVkd7hJ2C.jpg,100000,torn_bright,true
train_100k_torn_overexposed_0019_jpg.rf.6Izyq6Nhl5Rs7vdJEdb2.jpg,100000,torn_bright,true
train_100k_torn_overexposed_0020_jpg.rf.9pZSS9yWGIU9bu9sbwZh.jpg,100000,torn_bright,true
train_100k_torn_overexposed_0021_jpg.rf.VjlbX3bkQHttldHI9SMy.jpg,100000,torn_bright,true
train_100k_torn_overexposed_0022_jpg.rf.j1dtxTiiSsQQ2R0WVoTM.jpg,100000,torn_bright,true
train_100k_torn_overexposed_0023_jpg.rf.GrDQw9hRtCLpTHjNRgKh.jpg,100000,torn_bright,true
train_100k_torn_overexposed_0024_jpg.rf.JogbKTSe3TG2yQB5HbH2.jpg,100000,torn_bright,true
train_100k_torn_overexposed_0025_jpg.rf.QqpLNnF1qCGpdgSg0iwK.jpg,100000,torn_bright,true
train_10k_backlight_0001_jpg.rf.I2yzyGZ3R7qWyeuY0UlB.jpg,10000,backlight,false
train_10k_backlight_0002_jpg.rf.qiNGeOyWseh52TXOJM3U.jpg,10000,backlight,false
train_10k_backlight_0003_jpg.rf.O79SdUCZ3gkzfkMp9VbS.jpg,10000,backlight,false
train_10k_backlight_0004_jpg.rf.w88wJS2ppDTjWKGUAPM1.jpg,10000,backlight,false
train_10k_backlight_0005_jpg.rf.zIx6wv9LifFKWkrRVskk.jpg,10000,backlight,false
train_10k_backlight_0006_jpg.rf.1SwC08ia302KdtTedxSO.jpg,10000,backlight,false
train_10k_backlight_0007_jpg.rf.W0m0ZipSF20QLRfC633B.jpg,10000,backlight,false
train_10k_backlight_0008_jpg.rf.Z0Zsx78PM2XdlO98383P.jpg,10000,backlight,false
train_10k_backlight_0009_jpg.rf.gr8COWwgpY2O01n4zpQL.jpg,10000,backlight,false
train_10k_backlight_0010_jpg.rf.SkiJM1UfpEHW87bv5JIf.jpg,10000,backlight,false
train_10k_backlight_0011_jpg.rf.8Ul2KjQsZJferI8Lrnb0.jpg,10000,backlight,false
train_10k_backlight_0012_jpg.rf.h4xiz2bNhJ4OOjPMV2or.jpg,10000,backlight,false
train_10k_backlight_0013_jpg.rf.F9JMjiUoG6Bs4x6JRz5W.jpg,10000,backlight,false
train_10k_backlight_0014_jpg.rf.IC15czQh6eIgygIB7vNn.jpg,10000,backlight,false
train_10k_backlight_0015_jpg.rf.bptLmbQSz1GQxhpmYLEd.jpg,10000,backlight,false
train_10k_backlight_0016_jpg.rf.W6nU8wXXicDtK2bCa3PD.jpg,10000,backlight,false
train_10k_backlight_0017_jpg.rf.W9MovSbMiNLHzVJPTG1M.jpg,10000,backlight,false
train_10k_backlight_0018_jpg.rf.NNini3ZANYYPrU7sxliI.jpg,10000,backlight,false
train_10k_backlight_0019_jpg.rf.arEbimsU5EpwVSTNvfbp.jpg,10000,backlight,false
train_10k_backlight_0020_jpg.rf.PZSNAXqhgWXYJtPmnEAN.jpg,10000,backlight,false
train_10k_backlight_0021_jpg.rf.V5YOJma4UHi20cAHqj0i.jpg,10000,backlight,false
train_10k_backlight_0022_jpg.rf.IsbOKaoZHQofsRbYfPnt.jpg,10000,backlight,false
train_10k_backlight_0023_jpg.rf.l1ttQQmmgvUtEcXev9Bz.jpg,10000,backlight,false
train_10k_backlight_0024_jpg.rf.ZGL8QnDaOlw28Iix4QTp.jpg,10000,backlight,false
train_10k_backlight_0025_jpg.rf.MPlIsJirLravHBoUINhO.jpg,10000,backlight,false
train_10k_backlight_0026_jpg.rf.aMOpxDaxi4x4fC55LDZ2.jpg,10000,backlight,false
train_10k_backlight_0027_jpg.rf.wssM68VrBzIG8GyAzKr3.jpg,10000,backlight,false
train_10k_backlight_0028_jpg.rf.eQHv8xcl5N3pxwuW8iPe.jpg,10000,backlight,false
train_10k_backlight_0029_jpg.rf.MDIpFe51IwsU5sy8lA4S.jpg,10000,backlight,false
train_10k_backlight_0030_jpg.rf.OTngcSboqBCOZWZfsDB5.jpg,10000,backlight,false
train_10k_backlight_0031_jpg.rf.r58r0QzdbeEQtW0iqLEM.jpg,10000,backlight,false
train_10k_backlight_0032_jpg.rf.IBtZHHtBqnLDRWr7SIRb.jpg,10000,backlight,false
train_10k_backlight_0033_jpg.rf.FVOL1wQPYM4KFruOWXfR.jpg,10000,backlight,false
train_10k_backlight_0034_jpg.rf.81NgU3ubyLjByTr4Iir2.jpg,10000,backlight,false
train_10k_backlight_0035_jpg.rf.Zje6pC2Zrh6getS0bdOr.jpg,10000,backlight,false
train_10k_indoor_0001_jpg.rf.cgZjHskp99raTdOdPu0b.jpg,10000,indoor,false
train_10k_indoor_0002_jpg.rf.T9PW88XjuydE3HZt7wsx.jpg,10000,indoor,false
train_10k_indoor_0003_jpg.rf.IA12wXPXmmPFaRF9lNGJ.jpg,10000,indoor,false
train_10k_indoor_0004_jpg.rf.kv3j7HoyJsBl2eqVQjy1.jpg,10000,indoor,false
train_10k_indoor_0005_jpg.rf.Q4dE1oq0LTZJSzZXZuMH.jpg,10000,indoor,false
train_10k_indoor_0006_jpg.rf.MzaC2fmvB7x7D0UUFs2U.jpg,10000,indoor,false
train_10k_indoor_0007_jpg.rf.zfVgJmX87gkXUeAnKgPa.jpg,10000,indoor,false
train_10k_indoor_0008_jpg.rf.kKxNMRi1yighgaTCfORZ.jpg,10000,indoor,false
train_10k_indoor_0009_jpg.rf.DDgTIfW3CYEWxgD6sb4j.jpg,10000,indoor,false
train_10k_indoor_0010_jpg.rf.JapoWoeLDVgon93KWic7.jpg,10000,indoor,false
train_10k_indoor_0011_jpg.rf.TLt5bmxGojYX5YH1nvFU.jpg,10000,indoor,false
train_10k_indoor_0012_jpg.rf.dDSygjMOJyyafMAvGEFv.jpg,10000,indoor,false
train_10k_indoor_0013_jpg.rf.TY9jvf2CDjy85GNdt7zN.jpg,10000,indoor,false
train_10k_indoor_0014_jpg.rf.UsDMVG5t4WX9Rq8Zq1nc.jpg,10000,indoor,false
train_10k_indoor_0015_jpg.rf.Af6bcvwe46HAMTogwm5r.jpg,10000,indoor,false
train_10k_indoor_0016_jpg.rf.cCV8iPtwqioy9gzMCzmk.jpg,10000,indoor,false
train_10k_indoor_0017_jpg.rf.1KpbLB2YRxColICbXQRG.jpg,10000,indoor,false
train_10k_indoor_0018_jpg.rf.0H8lgNk7t8rWsXeEepzm.jpg,10000,indoor,false
train_10k_indoor_0019_jpg.rf.fae4iyAcSmXDWSETTbEL.jpg,10000,indoor,false
train_10k_indoor_0020_jpg.rf.l0hokD0vDE0JbINp6BNr.jpg,10000,indoor,false
train_10k_indoor_0021_jpg.rf.MfFWuBmD5eygwckHpWZe.jpg,10000,indoor,false
train_10k_indoor_0022_jpg.rf.mn2Uxw1N0EVYV8MM7wYx.jpg,10000,indoor,false
train_10k_indoor_0023_jpg.rf.eHVJVElzfbDGwKiXNAlr.jpg,10000,indoor,false
train_10k_indoor_0024_jpg.rf.tQym1s2ACUCFkvOKEByu.jpg,10000,indoor,false
train_10k_indoor_0025_jpg.rf.abWqmiHeRtOhERdqpGVi.jpg,10000,indoor,false
train_10k_indoor_0026_jpg.rf.BwKS0tPIUpGgeVkIUZAl.jpg,10000,indoor,false
train_10k_indoor_0027_jpg.rf.iyvNRkkV5nShjwlwa7JK.jpg,10000,indoor,false
train_10k_indoor_0028_jpg.rf.jmfKvcHoj1as3eBEUS7Z.jpg,10000,indoor,false
train_10k_indoor_0029_jpg.rf.9yLpWUp0StqaPfuRj7lt.jpg,10000,indoor,false
train_10k_indoor_0030_jpg.rf.yWtfxJHUs1o4kUaMGyos.jpg,10000,indoor,false
train_10k_indoor_0031_jpg.rf.7qsIYhzu0HJOBL92FmDs.jpg,10000,indoor,false
train_10k_indoor_0032_jpg.rf.4HOU2X5olrm3AGDT0Vzh.jpg,10000,indoor,false
train_10k_indoor_0033_jpg.rf.fuR5QQNnCrb3q4nHaLps.jpg,10000,indoor,false
train_10k_indoor_0034_jpg.rf.HEiFmFyY2hoAsLG9VBQb.jpg,10000,indoor,false
train_10k_indoor_0035_jpg.rf.Xlx0DvNDNRPcTfNKk3BX.jpg,10000,indoor,false
train_10k_indoor_0036_jpg.rf.7vLHNO9UJlwI7eBGSmPd.jpg,10000,indoor,false
train_10k_indoor_0037_jpg.rf.RygVkUq6xZkOYCsJOcft.jpg,10000,indoor,false
train_10k_indoor_0038_jpg.rf.xRQXFlhTSPhqBGviCS1M.jpg,10000,indoor,false
train_10k_indoor_0039_jpg.rf.mmJsbWBe3DEQbflwtUxJ.jpg,10000,indoor,false
train_10k_indoor_0040_jpg.rf.Nxx3XHpYWjSKOFXuyL4k.jpg,10000,indoor,false
train_10k_indoor_0041_jpg.rf.Z9JGOm1kDBOU34IxoCYp.jpg,10000,indoor,false
train_10k_indoor_0042_jpg.rf.FRysvyu1FR1YFAiljWtb.jpg,10000,indoor,false
train_10k_indoor_0043_jpg.rf.5sOhBNWtqDAn4EsLodLt.jpg,10000,indoor,false
train_10k_indoor_0044_jpg.rf.IXnblTnlwHJvgYfuhcSW.jpg,10000,indoor,false
train_10k_indoor_0045_jpg.rf.p6awzxuGn0QNPQOAGsbh.jpg,10000,indoor,false
train_10k_outdoor_0001_jpg.rf.DpuBVpkMzpPo4FahLr28.jpg,10000,outdoor,false
train_10k_outdoor_0002_jpg.rf.t8SU0wdi18wyLKTXDWqD.jpg,10000,outdoor,false
train_10k_outdoor_0003_jpg.rf.wshyWt4GgmtqFR2MpgLg.jpg,10000,outdoor,false
train_10k_outdoor_0004_jpg.rf.WCTUulfPS99OnwZiGk6j.jpg,10000,outdoor,false
train_10k_outdoor_0005_jpg.rf.fFUZ8KXVi1Banq4NZcZN.jpg,10000,outdoor,false
train_10k_outdoor_0006_jpg.rf.YcG6EAN7U8hz4vyLxEv2.jpg,10000,outdoor,false
train_10k_outdoor_0007_jpg.rf.W5wP7HErrshc0NulLYjP.jpg,10000,outdoor,false
train_10k_outdoor_0008_jpg.rf.wzUJOrWrhhDcrnNjSNBi.jpg,10000,outdoor,false
train_10k_outdoor_0009_jpg.rf.w6wGBwl0Wk8CBP3Xhyo7.jpg,10000,outdoor,false
train_10k_outdoor_0010_jpg.rf.hfTuf2T6Gtv7rfB46T3r.jpg,10000,outdoor,false
train_10k_outdoor_0011_jpg.rf.e96782bmCBsxOh5stNbj.jpg,10000,outdoor,false
train_10k_outdoor_0012_jpg.rf.XEjGwcKnC4xtUVxxQx11.jpg,10000,outdoor,false
train_10k_outdoor_0013_jpg.rf.whOw2alK7mFCpnqw5tzD.jpg,10000,outdoor,false
train_10k_outdoor_0014_jpg.rf.tDDAuxbgU8FvyXb7d87d.jpg,10000,outdoor,false
train_10k_outdoor_0015_jpg.rf.dVIcgiXRDD0DAuZhtAIV.jpg,10000,outdoor,false
train_10k_outdoor_0016_jpg.rf.kXWi5GvSAJkVZBxXwgok.jpg,10000,outdoor,false
train_10k_outdoor_0017_jpg.rf.9CPMD3NOZToI6T0NU4lV.jpg,10000,outdoor,false
train_10k_outdoor_0018_jpg.rf.iriB33IhaZqlYi6BOCzC.jpg,10000,outdoor,false
train_10k_outdoor_0019_jpg.rf.0vcInEp8hKL8kekHhBlO.jpg,10000,outdoor,false
train_10k_outdoor_0020_jpg.rf.WxYSHjgjtNO7I1rWtizn.jpg,10000,outdoor,false
train_10k_outdoor_0021_jpg.rf.IsQ1jWKBlgZiC96KbGsn.jpg,10000,outdoor,false
train_10k_outdoor_0022_jpg.rf.5jq2qprZUH0UAw1EotHS.jpg,10000,outdoor,false
train_10k_outdoor_0023_jpg.rf.diDrCx8fjPjvMEXUGT4N.jpg,10000,outdoor,false
train_10k_outdoor_0024_jpg.rf.WUsTMD2ngRnDm6G9mn6V.jpg,10000,outdoor,false
train_10k_outdoor_0025_jpg.rf.DEff3MbXuPDZpRCisSC8.jpg,10000,outdoor,false
train_10k_outdoor_0026_jpg.rf.f5JrFGgKfinxtLUBo294.jpg,10000,outdoor,false
train_10k_outdoor_0027_jpg.rf.P4w745DHSQFo37kW2seI.jpg,10000,outdoor,false
train_10k_outdoor_0028_jpg.rf.qmk8FwxoUzDOD5FWBp6J.jpg,10000,outdoor,false
train_10k_outdoor_0029_jpg.rf.EWE99GFyehN3E4eUcn6m.jpg,10000,outdoor,false
train_10k_outdoor_0030_jpg.rf.EO2VNORmEQT5xvnfs2EO.jpg,10000,outdoor,false
train_10k_outdoor_0031_jpg.rf.m03BZphey4dhxnTlhP97.jpg,10000,outdoor,false
train_10k_outdoor_0032_jpg.rf.nlGjjciL3qWX1KZOTOTM.jpg,10000,outdoor,false
train_10k_outdoor_0033_jpg.rf.dhCqmstjdkurQcJfbs14.jpg,10000,outdoor,false
train_10k_outdoor_0034_jpg.rf.UBUbLQNMcZX0FlK8OhqC.jpg,10000,outdoor,false
train_10k_outdoor_0035_jpg.rf.adDDM4VMFTfWdRxLWoA1.jpg,10000,outdoor,false
train_10k_outdoor_0036_jpg.rf.Vd5n5ItsiPlLCyxvIpDU.jpg,10000,outdoor,false
train_10k_outdoor_0037_jpg.rf.iJVMkDkl0EC4rZnEPcHr.jpg,10000,outdoor,false
train_10k_outdoor_0038_jpg.rf.NkrIDzsfaCGTnJgWNJfb.jpg,10000,outdoor,false
train_10k_outdoor_0039_jpg.rf.A5Qp3OF0T399ahI8oL8M.jpg,10000,outdoor,false
train_10k_outdoor_0040_jpg.rf.XQho3U47iHT8v3uJz80b.jpg,10000,outdoor,false
train_10k_outdoor_0041_jpg.rf.p8CrIMyTcNaeM7CsTULK.jpg,10000,outdoor,false
train_10k_outdoor_0042_jpg.rf.GVuTEWFl1EmPKHCV4R9X.jpg,10000,outdoor,false
train_10k_outdoor_0043_jpg.rf.YrtGcJ00zdrSYRmKlz0R.jpg,10000,outdoor,false
train_10k_outdoor_0044_jpg.rf.ZX12m0J3Yx5vNSeQyiIe.jpg,10000,outdoor,false
train_10k_outdoor_0045_jpg.rf.dyOXKq1mdtrwDGYaC1vw.jpg,10000,outdoor,false
train_10k_overexposed_0001_jpg.rf.ZGko0v8duPY49cWkndnn.jpg,10000,overexposed,false
train_10k_overexposed_0002_jpg.rf.YY0PEnVmiuz2XmR79m78.jpg,10000,overexposed,false
train_10k_overexposed_0003_jpg.rf.fyXwkr5fDoLkIGmcmGRp.jpg,10000,overexposed,false
train_10k_overexposed_0004_jpg.rf.Fig0TtEXI4FU2StO2O4I.jpg,10000,overexposed,false
train_10k_overexposed_0005_jpg.rf.YaHoyJddOD5aHnTowy3k.jpg,10000,overexposed,false
train_10k_overexposed_0006_jpg.rf.JUZvrK4iRPLETJEh7Let.jpg,10000,overexposed,false
train_10k_overexposed_0007_jpg.rf.omNePkpn3ghOiobdcTyW.jpg,10000,overexposed,false
train_10k_overexposed_0008_jpg.rf.HeSV3JZ32zyQzO67O2zn.jpg,10000,overexposed,false
train_10k_overexposed_0009_jpg.rf.9USsJPZprZws5sXOWs1S.jpg,10000,overexposed,false
train_10k_overexposed_0010_jpg.rf.FilknmMLGiFnlpgDFzW0.jpg,10000,overexposed,false
train_10k_overexposed_0011_jpg.rf.EuIHw6wsxLOXKp2eoGBV.jpg,10000,overexposed,false
train_10k_overexposed_0012_jpg.rf.x5qzGu0BmqHUwVJuCHaE.jpg,10000,overexposed,false
train_10k_overexposed_0013_jpg.rf.zb1GrO7xfAxeTC0NXZBk.jpg,10000,overexposed,false
train_10k_overexposed_0014_jpg.rf.MtvGrWZ5fCDplxvhaFsa.jpg,10000,overexposed,false
train_10k_overexposed_0015_jpg.rf.qaFTmYFYNXI1RmsOT2ON.jpg,10000,overexposed,false
train_10k_overexposed_0016_jpg.rf.pnkhILnxblWCVtFol8rQ.jpg,10000,overexposed,false
train_10k_overexposed_0017_jpg.rf.Kx9TyFmR4JwZqG5H00hr.jpg,10000,overexposed,false
train_10k_overexposed_0018_jpg.rf.UkUZGrtfzDBQ61LPtObt.jpg,10000,overexposed,false
train_10k_overexposed_0019_jpg.rf.7XYuPMTjb0UgqcVthokC.jpg,10000,overexposed,false
train_10k_overexposed_0020_jpg.rf.ymiAQ0qf47hkpJZ7woa1.jpg,10000,overexposed,false
train_10k_overexposed_0021_jpg.rf.JfrZ7RDgxjfV8u69iV66.jpg,10000,overexposed,false
train_10k_overexposed_0022_jpg.rf.ctQVnqcRp8i93YETYgiv.jpg,10000,overexposed,false
train_10k_overexposed_0023_jpg.rf.oWoN8hV3DOWnC8T4BKn6.jpg,10000,overexposed,false
train_10k_overexposed_0024_jpg.rf.5tMTDhpH4fxPSc0X532z.jpg,10000,overexposed,false
train_10k_overexposed_0025_jpg.rf.jMgFR39VoUiTgxYljgpx.jpg,10000,overexposed,false
train_10k_overexposed_0026_jpg.rf.htVCAnTvwSacwSHXo18T.jpg,10000,overexposed,false
train_10k_overexposed_0027_jpg.rf.YCR5iFf77M990RmQXzEb.jpg,10000,overexposed,false
train_10k_overexposed_0028_jpg.rf.esDDCrosJ3lNSuYGtdmC.jpg,10000,overexposed,false
train_10k_overexposed_0029_jpg.rf.Sb7Md38HBr22MvmJZMCi.jpg,10000,overexposed,false
train_10k_overexposed_0030_jpg.rf.fq3UL2fka3Z8VyrlMAcp.jpg,10000,overexposed,false
train_10k_overexposed_0031_jpg.rf.9lQYyKnVD1SjUoYnmszu.jpg,10000,overexposed,false
train_10k_overexposed_0032_jpg.rf.9MUb5FNimXK78pWGh0hO.jpg,10000,overexposed,false
train_10k_overexposed_0033_jpg.rf.EiNs3lxOK66R0v9UmNT1.jpg,10000,overexposed,false
train_10k_overexposed_0034_jpg.rf.sP2ribJaXxdM8RcD1pJa.jpg,10000,overexposed,false
train_10k_overexposed_0035_jpg.rf.PhZYSkS6zgVVvi5guBKl.jpg,10000,overexposed,false
train_10k_torn_clean_0001_jpg.rf.okdKXrrQaynUatz5mAlO.jpg,10000,torn_clean,true
train_10k_torn_clean_0002_jpg.rf.Wb7yYIUyG27OpWPbsTBx.jpg,10000,torn_clean,true
train_10k_torn_clean_0003_jpg.rf.ae8pNKJDOp2ZhfTeBZfg.jpg,10000,torn_clean,true
train_10k_torn_clean_0004_jpg.rf.x2FBVQBA26uth2qYpcsf.jpg,10000,torn_clean,true
train_10k_torn_clean_0005_jpg.rf.ibT6o6NVpDKvj3Bvt4kx.jpg,10000,torn_clean,true
train_10k_torn_clean_0006_jpg.rf.PYkLMIdRQy9LZQKd6kQw.jpg,10000,torn_clean,true
train_10k_torn_clean_0007_jpg.rf.8UM58tjWGtIwRzLos5R8.jpg,10000,torn_clean,true
train_10k_torn_clean_0008_jpg.rf.QWiWhGt9OU0uhlp58aBP.jpg,10000,torn_clean,true
train_10k_torn_clean_0009_jpg.rf.YhtNTdd1EVjfdiTnRL93.jpg,10000,torn_clean,true
train_10k_torn_clean_0010_jpg.rf.mu2rbAPYoQGLpfvZXUe9.jpg,10000,torn_clean,true
train_10k_torn_clean_0011_jpg.rf.NZNqUMYuAH3tMLgwVjW0.jpg,10000,torn_clean,true
train_10k_torn_clean_0012_jpg.rf.HLD1070dddCEECNBu8Xx.jpg,10000,torn_clean,true
train_10k_torn_clean_0013_jpg.rf.VRNxk2bMgqqEyHyclIgU.jpg,10000,torn_clean,true
train_10k_torn_clean_0014_jpg.rf.ZHDi0ru1L0ho5OpneHlZ.jpg,10000,torn_clean,true
train_10k_torn_clean_0015_jpg.rf.7p1tT7idlWXafkZVVF7J.jpg,10000,torn_clean,true
train_10k_torn_clean_0016_jpg.rf.qmcTmbA7LSRPoGhOtai8.jpg,10000,torn_clean,true
train_10k_torn_clean_0017_jpg.rf.G2kgTS7vE3Ax7fRi0Zey.jpg,10000,torn_clean,true
train_10k_torn_clean_0018_jpg.rf.vAIVCRY6tIb2OVLY0WAo.jpg,10000,torn_clean,true
train_10k_torn_clean_0019_jpg.rf.KaLyml1Wxj6lICmDVl37.jpg,10000,torn_clean,true
train_10k_torn_clean_0020_jpg.rf.56aSQXt5GVlpWmMdihYR.jpg,10000,torn_clean,true
train_10k_torn_clean_0021_jpg.rf.qQFcVAJ54qdtHmN6iYz1.jpg,10000,torn_clean,true
train_10k_torn_clean_0022_jpg.rf.LmIUYA98JX5vTBzbJjvK.jpg,10000,torn_clean,true
train_10k_torn_clean_0023_jpg.rf.BDNyqi3YHdENdVFZjH13.jpg,10000,torn_clean,true
train_10k_torn_clean_0024_jpg.rf.VbcC3yBZ6hgLN6LMZ8dd.jpg,10000,torn_clean,true
train_10k_torn_clean_0025_jpg.rf.0soHBh8AwUIC5F8tSGGW.jpg,10000,torn_clean,true
train_10k_torn_overexposed_0001_jpg.rf.kwI5P3JY8Rzd8sdQQSvN.jpg,10000,torn_bright,true
train_10k_torn_overexposed_0002_jpg.rf.vLmV87GgVAUN2T9XxQj7.jpg,10000,torn_bright,true
train_10k_torn_overexposed_0003_jpg.rf.FhcO84aoIoFmemMfgUrC.jpg,10000,torn_bright,true
train_10k_torn_overexposed_0004_jpg.rf.vvGcGb3R7LvlBhH8JDaI.jpg,10000,torn_bright,true
train_10k_torn_overexposed_0005_jpg.rf.r9Ca6dXrmk81EXvsSGQ1.jpg,10000,torn_bright,true
train_10k_torn_overexposed_0006_jpg.rf.YRSqQDrsye33D8SwvvDX.jpg,10000,torn_bright,true
train_10k_torn_overexposed_0007_jpg.rf.Ox872eNa1gfPkBAoloU2.jpg,10000,torn_bright,true
train_10k_torn_overexposed_0008_jpg.rf.8YyljzYU56davWSl8CeW.jpg,10000,torn_bright,true
train_10k_torn_overexposed_0009_jpg.rf.gCLFl7pg4e5385Q1FNGt.jpg,10000,torn_bright,true
train_10k_torn_overexposed_0010_jpg.rf.mxPQltq7gpXGp1wIdinE.jpg,10000,torn_bright,true
train_10k_torn_overexposed_0011_jpg.rf.sR5qrx90bDh7348EMGmz.jpg,10000,torn_bright,true
train_10k_torn_overexposed_0012_jpg.rf.aEdxfhIKvMLk28F0nHAV.jpg,10000,torn_bright,true
train_10k_torn_overexposed_0013_jpg.rf.XdEamzU26EabNrr0MadS.jpg,10000,torn_bright,true
train_10k_torn_overexposed_0014_jpg.rf.5nooO77Zk7SoQdhBIzRP.jpg,10000,torn_bright,true
train_10k_torn_overexposed_0015_jpg.rf.bcNpJuPUTIleKeZbpCyL.jpg,10000,torn_bright,true
train_10k_torn_overexposed_0016_jpg.rf.hQ8gBSYmqNx3wWKn4WTZ.jpg,10000,torn_bright,true
train_10k_torn_overexposed_0017_jpg.rf.2LhEywyHAFGsKipgRc1s.jpg,10000,torn_bright,true
train_10k_torn_overexposed_0018_jpg.rf.SQhJb2QnYOVEiBMq2DGf.jpg,10000,torn_bright,true
train_10k_torn_overexposed_0019_jpg.rf.zTS4QAwmcRm93fwm4lBv.jpg,10000,torn_bright,true
train_10k_torn_overexposed_0020_jpg.rf.gLykskD99wkTDitQJKX2.jpg,10000,torn_bright,true
train_10k_torn_overexposed_0021_jpg.rf.xKAswG0uNl6lCe8zcxVR.jpg,10000,torn_bright,true
train_10k_torn_overexposed_0022_jpg.rf.bPGPdQakR504VAXiEuqt.jpg,10000,torn_bright,true
train_10k_torn_overexposed_0023_jpg.rf.ESVdltsudRzNQRcoWBfP.jpg,10000,torn_bright,true
train_10k_torn_overexposed_0024_jpg.rf.Znxb1BQAc9WcK7V3xMXY.jpg,10000,torn_bright,true
train_10k_torn_overexposed_0025_jpg.rf.MNQumhNhgKGv2pipLvDr.jpg,10000,torn_bright,true
train_200k_backlight_0001_jpg.rf.d7MdZKrgRiEz4bMMqwOJ.jpg,200000,backlight,false
train_200k_backlight_0002_jpg.rf.SUqiKCNdDl7YRRNPSPJ4.jpg,200000,backlight,false
train_200k_backlight_0003_jpg.rf.MpJIL3VD8hrFcCsCrSqf.jpg,200000,backlight,false
train_200k_backlight_0004_jpg.rf.8P00g0lnpllrlQBggvtS.jpg,200000,backlight,false
train_200k_backlight_0005_jpg.rf.26SX4BORm1uaOFnbj4pu.jpg,200000,backlight,false
train_200k_backlight_0006_jpg.rf.GVd2vovyE9XHrk1lSSgU.jpg,200000,backlight,false
train_200k_backlight_0007_jpg.rf.oMTHfYOjuCbznjpAkCfS.jpg,200000,backlight,false
train_200k_backlight_0008_jpg.rf.PAzm4zVF6HyfSA1GypCY.jpg,200000,backlight,false
train_200k_backlight_0009_jpg.rf.1tTYuWUX6yauhmtansbw.jpg,200000,backlight,false
train_200k_backlight_0010_jpg.rf.uSZljmNTuaKF9azv3Kdp.jpg,200000,backlight,false
train_200k_backlight_0011_jpg.rf.4EtSba0OeBKYLB5Hd7JC.jpg,200000,backlight,false
train_200k_backlight_0012_jpg.rf.Qm32rWleaHltitZeTRCw.jpg,200000,backlight,false
train_200k_backlight_0013_jpg.rf.sQAprMvXRrJABPTE1s9P.jpg,200000,backlight,false
train_200k_backlight_0014_jpg.rf.N5SAN0ujKHFqL5zR1xas.jpg,200000,backlight,false
train_200k_backlight_0015_jpg.rf.6YOnjtsFDY9YzTfJv6Rq.jpg,200000,backlight,false
train_200k_backlight_0016_jpg.rf.PaMfNxfQX0TnJZrtd1s4.jpg,200000,backlight,false
train_200k_backlight_0017_jpg.rf.oVsY1Dmjb29RWXngwdRz.jpg,200000,backlight,false
train_200k_backlight_0018_jpg.rf.zMba7gVFX7Ig5ixY6JLm.jpg,200000,backlight,false
train_200k_backlight_0019_jpg.rf.zqr2PlOQuGJ4uCRTsyZJ.jpg,200000,backlight,false
train_200k_backlight_0020_jpg.rf.q1q2v6WlbPsbE55LIcbK.jpg,200000,backlight,false
train_200k_backlight_0021_jpg.rf.qugC0Na1NF2BnGbQxvUY.jpg,200000,backlight,false
train_200k_backlight_0022_jpg.rf.vhnVL1wHvavEwvNGfqPU.jpg,200000,backlight,false
train_200k_backlight_0023_jpg.rf.osZrbM3qunsTpXSXGZ5t.jpg,200000,backlight,false
train_200k_backlight_0024_jpg.rf.fkQUUE8u2uKcEr1yqxP5.jpg,200000,backlight,false
train_200k_backlight_0025_jpg.rf.rKQih1itDpzHTXyXR0sn.jpg,200000,backlight,false
train_200k_backlight_0026_jpg.rf.jzo7wMD6MTAon5yall5S.jpg,200000,backlight,false
train_200k_backlight_0027_jpg.rf.WShBz2ubTa9JezKWBzdq.jpg,200000,backlight,false
train_200k_backlight_0028_jpg.rf.HXheSgO1lkEj5FE4Jwed.jpg,200000,backlight,false
train_200k_backlight_0029_jpg.rf.XJgc2axCj5ggMEQwo9el.jpg,200000,backlight,false
train_200k_backlight_0030_jpg.rf.3Mqu28IvXLDpXLociapt.jpg,200000,backlight,false
train_200k_backlight_0031_jpg.rf.2winptFg9JD411FxwWQw.jpg,200000,backlight,false
train_200k_backlight_0032_jpg.rf.YqqxGn9XqFzsIaRG6TQz.jpg,200000,backlight,false
train_200k_backlight_0033_jpg.rf.XU5MfOSq8khxBpBWnYg7.jpg,200000,backlight,false
train_200k_backlight_0034_jpg.rf.1sBhg8qKUhQ9Dly0A7jV.jpg,200000,backlight,false
train_200k_backlight_0035_jpg.rf.7zHmyFbz3LqFFNSp3ep4.jpg,200000,backlight,false
train_200k_indoor_0001_jpg.rf.FKQkBpOs7krJYbrLJHbH.jpg,200000,indoor,false
train_200k_indoor_0002_jpg.rf.NSKAsAqoQvHPlinrTVlE.jpg,200000,indoor,false
train_200k_indoor_0003_jpg.rf.sGXmFoU2bVNs5S1V9vdc.jpg,200000,indoor,false
train_200k_indoor_0004_jpg.rf.0JKWZq6jfNG3lIfiE3f7.jpg,200000,indoor,false
train_200k_indoor_0005_jpg.rf.2tS2Awum6oOjrccxksTH.jpg,200000,indoor,false
train_200k_indoor_0006_jpg.rf.X0z3dDlgsLJd70P29cYR.jpg,200000,indoor,false
train_200k_indoor_0007_jpg.rf.IqzWeil6oX029aVIAVQ6.jpg,200000,indoor,false
train_200k_indoor_0008_jpg.rf.HBu8j44Dh3I3pfeJovhv.jpg,200000,indoor,false
train_200k_indoor_0009_jpg.rf.FUlfKo3lByDS3s3dPG74.jpg,200000,indoor,false
train_200k_indoor_0010_jpg.rf.EMa68KfC7rhYfaxBM9Cf.jpg,200000,indoor,false
train_200k_indoor_0011_jpg.rf.UWFLM5QqMpocOnTL1cGj.jpg,200000,indoor,false
train_200k_indoor_0012_jpg.rf.ku8uoaRJKfiWgk3MMfcp.jpg,200000,indoor,false
train_200k_indoor_0013_jpg.rf.Hr3qo1g9aZkyIByKwJ1e.jpg,200000,indoor,false
train_200k_indoor_0014_jpg.rf.mpYoQNVIKTUuEYnAvJxb.jpg,200000,indoor,false
train_200k_indoor_0015_jpg.rf.zXfaDYeDJ8MnEsZY35Ba.jpg,200000,indoor,false
train_200k_indoor_0016_jpg.rf.iMxf5SiHCVKZLksyeMyU.jpg,200000,indoor,false
train_200k_indoor_0017_jpg.rf.N8h7mcc92e90QsgI98qx.jpg,200000,indoor,false
train_200k_indoor_0018_jpg.rf.aSHi1IfeE66soccZmmId.jpg,200000,indoor,false
train_200k_indoor_0019_jpg.rf.jwATCrIJ61RsD0Q4Ma5z.jpg,200000,indoor,false
train_200k_indoor_0020_jpg.rf.ztMfbSqz7otWned53Hki.jpg,200000,indoor,false
train_200k_indoor_0021_jpg.rf.yfYHhpr7MyhNgI0MGMhU.jpg,200000,indoor,false
train_200k_indoor_0022_jpg.rf.ScAgP8Gh9zTbZ4glXFPE.jpg,200000,indoor,false
train_200k_indoor_0023_jpg.rf.rS1wnUSUx6uKvpxr8Krc.jpg,200000,indoor,false
train_200k_indoor_0024_jpg.rf.InWSC0qks5SpP908yVe0.jpg,200000,indoor,false
train_200k_indoor_0025_jpg.rf.RiCXZ3XPQijAJ6SMUAqf.jpg,200000,indoor,false
train_200k_indoor_0026_jpg.rf.VJBcyQJQF63MJJ70o1AR.jpg,200000,indoor,false
train_200k_indoor_0027_jpg.rf.ZDAr9QUDC0dpIOdMbcHo.jpg,200000,indoor,false
train_200k_indoor_0028_jpg.rf.askSdzUswRLfvVmW1iSC.jpg,200000,indoor,false
train_200k_indoor_0029_jpg.rf.LgTABckgFmne6kfs2MgR.jpg,200000,indoor,false
train_200k_indoor_0030_jpg.rf.rp5LnneEsEVEuJLfAK88.jpg,200000,indoor,false
train_200k_indoor_0031_jpg.rf.9Dje9QWw25ivrhlJV1qC.jpg,200000,indoor,false
train_200k_indoor_0032_jpg.rf.fafKfLmakxlLIqsmXZVc.jpg,200000,indoor,false
train_200k_indoor_0033_jpg.rf.VoNqnVSklf7Us8KSEuon.jpg,200000,indoor,false
train_200k_indoor_0034_jpg.rf.KtVEY7vhbaUSxuqTHorA.jpg,200000,indoor,false
train_200k_indoor_0035_jpg.rf.VGEpK3KBHgwv6DScMOVZ.jpg,200000,indoor,false
train_200k_indoor_0036_jpg.rf.dgLHMjjznMjbmKCNkkJY.jpg,200000,indoor,false
train_200k_indoor_0037_jpg.rf.NRYe7eLMSKwkVLTb7AHm.jpg,200000,indoor,false
train_200k_indoor_0038_jpg.rf.ZPC5R8mFcjHZ0VKldHhh.jpg,200000,indoor,false
train_200k_indoor_0039_jpg.rf.osq5x1Yotun1IslU9162.jpg,200000,indoor,false
train_200k_indoor_0040_jpg.rf.DBLNoFiTPYI50xIqPiPG.jpg,200000,indoor,false
train_200k_indoor_0041_jpg.rf.QKVxjKVs7xEpFJTwoumU.jpg,200000,indoor,false
train_200k_indoor_0042_jpg.rf.NrNJUlQpFPpDVdjBMFl9.jpg,200000,indoor,false
train_200k_indoor_0043_jpg.rf.Z2yNII5DgX56JDIp0wIf.jpg,200000,indoor,false
train_200k_indoor_0044_jpg.rf.ufiBN8QRLHTzNuSWmK5R.jpg,200000,indoor,false
train_200k_indoor_0045_jpg.rf.HSw5pwsqPIc4tEXjziFJ.jpg,200000,indoor,false
train_200k_outdoor_0001_jpg.rf.kKLHnpWK5Zvlc58BL4WK.jpg,200000,outdoor,false
train_200k_outdoor_0002_jpg.rf.xm0vYLyhECELBscO25cY.jpg,200000,outdoor,false
train_200k_outdoor_0003_jpg.rf.mBBfo4OPDkRUTBqICCXQ.jpg,200000,outdoor,false
train_200k_outdoor_0004_jpg.rf.Q5jQUdaH6VKCmGjJL5Cv.jpg,200000,outdoor,false
train_200k_outdoor_0005_jpg.rf.xfZQD5yof3QbXTOdMGOv.jpg,200000,outdoor,false
train_200k_outdoor_0006_jpg.rf.vp1iFEBL4mEUP3id23AI.jpg,200000,outdoor,false
train_200k_outdoor_0007_jpg.rf.5WxCRgQTnyd7l8zqu3hG.jpg,200000,outdoor,false
train_200k_outdoor_0008_jpg.rf.g5mUX6Yxy4a5lnJFrR1i.jpg,200000,outdoor,false
train_200k_outdoor_0009_jpg.rf.Z8XtgTq2oUnkqlhxSKG0.jpg,200000,outdoor,false
train_200k_outdoor_0010_jpg.rf.Cacr24PugbNDNrbLowcZ.jpg,200000,outdoor,false
train_200k_outdoor_0011_jpg.rf.9KBlIRxeoymKQOa0ls7X.jpg,200000,outdoor,false
train_200k_outdoor_0012_jpg.rf.t10XibxZpIItB2OAOae0.jpg,200000,outdoor,false
train_200k_outdoor_0013_jpg.rf.LiCKtxpxTR7Anhxc4x5b.jpg,200000,outdoor,false
train_200k_outdoor_0014_jpg.rf.k3OoUmziBrQEYpSMg5Rs.jpg,200000,outdoor,false
train_200k_outdoor_0015_jpg.rf.qYuqHMRgpvJV3PDRYqbN.jpg,200000,outdoor,false
train_200k_outdoor_0016_jpg.rf.bNbTOulnzEZsmDymmqDE.jpg,200000,outdoor,false
train_200k_outdoor_0017_jpg.rf.IhhZwXMvoDMBewhSXyxS.jpg,200000,outdoor,false
train_200k_outdoor_0018_jpg.rf.0VqCIqwupnR79jXkagFN.jpg,200000,outdoor,false
train_200k_outdoor_0019_jpg.rf.gLAJpGdfiVjZAz5rCIDc.jpg,200000,outdoor,false
train_200k_outdoor_0020_jpg.rf.4qXNj0RqIjhShOVpsMDj.jpg,200000,outdoor,false
train_200k_outdoor_0021_jpg.rf.N8LCcFDlhdDp0r7upELS.jpg,200000,outdoor,false
train_200k_outdoor_0022_jpg.rf.VwKHzQuKsaJynXfXAxZI.jpg,200000,outdoor,false
train_200k_outdoor_0023_jpg.rf.t3uUi68srnloGvC2FHLA.jpg,200000,outdoor,false
train_200k_outdoor_0024_jpg.rf.FMNcMpjryWvQCVhfZkpV.jpg,200000,outdoor,false
train_200k_outdoor_0025_jpg.rf.tPs87IUyEkaFuyvLHZIG.jpg,200000,outdoor,false
train_200k_outdoor_0026_jpg.rf.aIDZZJiFO0yoj1ugYgyw.jpg,200000,outdoor,false
train_200k_outdoor_0027_jpg.rf.ADgfqFvbl980WaDKrcWb.jpg,200000,outdoor,false
train_200k_outdoor_0028_jpg.rf.14ZOFwe0Yj7FY8CRjO17.jpg,200000,outdoor,false
train_200k_outdoor_0029_jpg.rf.y8C1Itc3m6fBiX54J1Ld.jpg,200000,outdoor,false
train_200k_outdoor_0030_jpg.rf.TTAbVN9ltSwl8NHZgMn6.jpg,200000,outdoor,false
train_200k_outdoor_0031_jpg.rf.88GzPW300JDfmtxKlM4A.jpg,200000,outdoor,false
train_200k_outdoor_0032_jpg.rf.OjhqVFVafZ4ma96lPXkJ.jpg,200000,outdoor,false
train_200k_outdoor_0033_jpg.rf.qDrBtz4oRv6uZRx6eg2Z.jpg,200000,outdoor,false
train_200k_outdoor_0034_jpg.rf.q5VwKTm2teplcYqlmwPN.jpg,200000,outdoor,false
train_200k_outdoor_0035_jpg.rf.tetisM713CkNjRQyEle5.jpg,200000,outdoor,false
train_200k_outdoor_0036_jpg.rf.dK3HNYiSCEV8HTHkjMFv.jpg,200000,outdoor,false
train_200k_outdoor_0037_jpg.rf.wp1XVMcquuh9Ptr48I93.jpg,200000,outdoor,false
train_200k_outdoor_0038_jpg.rf.zZLSu222l06QSkNOGFjG.jpg,200000,outdoor,false
train_200k_outdoor_0039_jpg.rf.Ia5yQtWpQ8U8fKSSnWA7.jpg,200000,outdoor,false
train_200k_outdoor_0040_jpg.rf.aU3TxKTTyyoacbKNmFCK.jpg,200000,outdoor,false
train_200k_outdoor_0041_jpg.rf.jMyc9YUmuPkI5yCrzlPo.jpg,200000,outdoor,false
train_200k_outdoor_0042_jpg.rf.sPqQCUlSPCeyTK6w1m8a.jpg,200000,outdoor,false
train_200k_outdoor_0043_jpg.rf.FdCTuTSZLJkqy8Elt8YT.jpg,200000,outdoor,false
train_200k_outdoor_0044_jpg.rf.JUgUHkYVqKicFdfvIku4.jpg,200000,outdoor,false
train_200k_outdoor_0045_jpg.rf.bH1m4dc1xlnoISbLaoLx.jpg,200000,outdoor,false
train_200k_overexposed_0001_jpg.rf.TxfRInYwJRnplz0Gt8nq.jpg,200000,overexposed,false
train_200k_overexposed_0002_jpg.rf.BYz1ZF42UUUYVP2g3Rx4.jpg,200000,overexposed,false
train_200k_overexposed_0003_jpg.rf.gP1u0uC0cz4gG8VLFYim.jpg,200000,overexposed,false
train_200k_overexposed_0004_jpg.rf.4QwEdg2wstsaQOoOLPL0.jpg,200000,overexposed,false
train_200k_overexposed_0005_jpg.rf.wNSlQY51FBTYsEVcHucM.jpg,200000,overexposed,false
train_200k_overexposed_0006_jpg.rf.dZk6JlCqYTecxVAbz6xU.jpg,200000,overexposed,false
train_200k_overexposed_0007_jpg.rf.2HQy2lK17eABMf9bZi3R.jpg,200000,overexposed,false
train_200k_overexposed_0008_jpg.rf.iE5hthwO8629AdlJD8Iu.jpg,200000,overexposed,false
train_200k_overexposed_0009_jpg.rf.Jtu06JiXwf1EMxF74aKB.jpg,200000,overexposed,false
train_200k_overexposed_0010_jpg.rf.y99QZXhb7K2RPZHItC9y.jpg,200000,overexposed,false
train_200k_overexposed_0011_jpg.rf.0DKKoYO24TBxTaKEuzwt.jpg,200000,overexposed,false
train_200k_overexposed_0012_jpg.rf.BNJdfVj9pIMgeQjQ1phn.jpg,200000,overexposed,false
train_200k_overexposed_0013_jpg.rf.1ZrCyjIDfrGzYqdUbIDr.jpg,200000,overexposed,false
train_200k_overexposed_0014_jpg.rf.6bogRYDxtsf3ulIGO1Tf.jpg,200000,overexposed,false
train_200k_overexposed_0015_jpg.rf.cCwqGke4cQGeGA9tHAWB.jpg,200000,overexposed,false
train_200k_overexposed_0016_jpg.rf.DzLyDilaCtbVBRM9xI0o.jpg,200000,overexposed,false
train_200k_overexposed_0017_jpg.rf.lFv94Ag2IiGbdT6m18Pi.jpg,200000,overexposed,false
train_200k_overexposed_0018_jpg.rf.eTh7zkO5Glf9lW4TE1t5.jpg,200000,overexposed,false
train_200k_overexposed_0019_jpg.rf.18dpXTqH73Vw8ICfQj9B.jpg,200000,overexposed,false
train_200k_overexposed_0020_jpg.rf.QtMWKYHt7jaxrCw2NSsz.jpg,200000,overexposed,false
train_200k_overexposed_0021_jpg.rf.QHFYQGWGCyuZe0bdtaBl.jpg,200000,overexposed,false
train_200k_overexposed_0022_jpg.rf.GDoXMO1x1wlFdytuvIQC.jpg,200000,overexposed,false
train_200k_overexposed_0023_jpg.rf.j5vEG3YdCN0FCMFDLQP7.jpg,200000,overexposed,false
train_200k_overexposed_0024_jpg.rf.xDoZiAccSuW0CpatQmNF.jpg,200000,overexposed,false
train_200k_overexposed_0025_jpg.rf.ibBeHw7eF18QsQtds6IH.jpg,200000,overexposed,false
train_200k_overexposed_0026_jpg.rf.61g0AWoJINWWiHbkeFzg.jpg,200000,overexposed,false
train_200k_overexposed_0027_jpg.rf.p6kSw1ZEbdP5xt5gQObk.jpg,200000,overexposed,false
train_200k_overexposed_0028_jpg.rf.iQ2e378JfenY30YoIjts.jpg,200000,overexposed,false
train_200k_overexposed_0029_jpg.rf.YhF1LY0QzXV4LpJhzQgi.jpg,200000,overexposed,false
train_200k_overexposed_0030_jpg.rf.Vv5cpn6fEbHoUI19lyGE.jpg,200000,overexposed,false
train_200k_overexposed_0031_jpg.rf.LavSmGRCiBrCsBKpmEIH.jpg,200000,overexposed,false
train_200k_overexposed_0032_jpg.rf.wtilXHzPXZB2l32eiQGv.jpg,200000,overexposed,false
train_200k_overexposed_0033_jpg.rf.Yixb0hNCTZXxv5fn8NvY.jpg,200000,overexposed,false
train_200k_overexposed_0034_jpg.rf.Ps904IOkSNUepx4Tk67d.jpg,200000,overexposed,false
train_200k_overexposed_0035_jpg.rf.0ZZK1PCI5dvoJtRAAccb.jpg,200000,overexposed,false
train_200k_torn_clean_0001_jpg.rf.NC0Q2Oww0BpHouKm32j7.jpg,200000,torn_clean,true
train_200k_torn_clean_0002_jpg.rf.W2XTgZTNdZcavilRtA6d.jpg,200000,torn_clean,true
train_200k_torn_clean_0003_jpg.rf.wFNwoLXjy2DsHFNsmFqK.jpg,200000,torn_clean,true
train_200k_torn_clean_0004_jpg.rf.KUsyQvqnncuJh4sP6gi3.jpg,200000,torn_clean,true
train_200k_torn_clean_0005_jpg.rf.rG3Cj1MxO6ZRSgKW9IJf.jpg,200000,torn_clean,true
train_200k_torn_clean_0006_jpg.rf.EKSPgUT7u2xVX8LA7WFX.jpg,200000,torn_clean,true
train_200k_torn_clean_0007_jpg.rf.3ATZCbYjz6vdhSxqMiyL.jpg,200000,torn_clean,true
train_200k_torn_clean_0008_jpg.rf.IYBqEPJIlhijSEHbMk93.jpg,200000,torn_clean,true
train_200k_torn_clean_0009_jpg.rf.PktZ8xsNZV5lllqRNI63.jpg,200000,torn_clean,true
train_200k_torn_clean_0010_jpg.rf.77nKrN0tPDRn3VMDIw1r.jpg,200000,torn_clean,true
train_200k_torn_clean_0011_jpg.rf.4VyaeUwIyBqG0vH5dtvU.jpg,200000,torn_clean,true
train_200k_torn_clean_0012_jpg.rf.yW5M7j48JRxBlWimqUup.jpg,200000,torn_clean,true
train_200k_torn_clean_0013_jpg.rf.UCfr4tKlpl4ef8tAarOK.jpg,200000,torn_clean,true
train_200k_torn_clean_0014_jpg.rf.H2lW7YezvSUB2fmYptH3.jpg,200000,torn_clean,true
train_200k_torn_clean_0015_jpg.rf.bNTsQdDKIBFkpdZM3QWU.jpg,200000,torn_clean,true
train_200k_torn_clean_0016_jpg.rf.2XvoZOBneCAJJgBNYgo9.jpg,200000,torn_clean,true
train_200k_torn_clean_0017_jpg.rf.nluUI714MgMyUfzZXBbQ.jpg,200000,torn_clean,true
train_200k_torn_clean_0018_jpg.rf.3a1OMMw0OzNAUBAUgY27.jpg,200000,torn_clean,true
train_200k_torn_clean_0019_jpg.rf.Tbhe7W44v6WB4YHacyDr.jpg,200000,torn_clean,true
train_200k_torn_clean_0020_jpg.rf.Sxq3mov8HsbyYuywWA6j.jpg,200000,torn_clean,true
train_200k_torn_clean_0021_jpg.rf.tLlUGqSjKNWh8tvWl37K.jpg,200000,torn_clean,true
train_200k_torn_clean_0022_jpg.rf.1FxJBs4tVFTJQ37XNiQI.jpg,200000,torn_clean,true
train_200k_torn_clean_0023_jpg.rf.Zs4ZANdB6aJnTtQyuEqv.jpg,200000,torn_clean,true
train_200k_torn_clean_0024_jpg.rf.dDj2E9Z7AwUwFUM1nZoi.jpg,200000,torn_clean,true
train_200k_torn_clean_0025_jpg.rf.YO2JlgSqwHGOCAioWLdq.jpg,200000,torn_clean,true
train_200k_torn_overexposed_0001_jpg.rf.IKcs1cS7EfO4yADFt1WO.jpg,200000,torn_bright,true
train_200k_torn_overexposed_0002_jpg.rf.eVWzYI9TO9Z7ydaCalNn.jpg,200000,torn_bright,true
train_200k_torn_overexposed_0003_jpg.rf.y3Ay6IFRnRh5rBQMriHW.jpg,200000,torn_bright,true
train_200k_torn_overexposed_0004_jpg.rf.RAKHJJ0olmD1unQ8GRCO.jpg,200000,torn_bright,true
train_200k_torn_overexposed_0005_jpg.rf.v210zdrL84S7MEOXQM8M.jpg,200000,torn_bright,true
train_200k_torn_overexposed_0006_jpg.rf.hvbSg7oWE2inctTdUZn2.jpg,200000,torn_bright,true
train_200k_torn_overexposed_0007_jpg.rf.xlWGu7ZqYYgy34AOWSmA.jpg,200000,torn_bright,true
train_200k_torn_overexposed_0008_jpg.rf.urv96D5RxgIIi9IG7c1m.jpg,200000,torn_bright,true
train_200k_torn_overexposed_0009_jpg.rf.r0qJdRjxj8zNhKWtZOLJ.jpg,200000,torn_bright,true
train_200k_torn_overexposed_0010_jpg.rf.cmo2blyRpsM8C6afUaKF.jpg,200000,torn_bright,true
train_200k_torn_overexposed_0011_jpg.rf.v2rOSn97zCMPdMqrOdXu.jpg,200000,torn_bright,true
train_200k_torn_overexposed_0012_jpg.rf.N6tewBsop2ir7AUvDZj9.jpg,200000,torn_bright,true
train_200k_torn_overexposed_0013_jpg.rf.XZXiIAkANWj6BrSXFNTz.jpg,200000,torn_bright,true
train_200k_torn_overexposed_0014_jpg.rf.BaVwKJtTCZBpSBEWi5xd.jpg,200000,torn_bright,true
train_200k_torn_overexposed_0015_jpg.rf.hyUXUrlkZhLNnI6E9xcY.jpg,200000,torn_bright,true
train_200k_torn_overexposed_0016_jpg.rf.G40Giar7otSKJEZ8f7Ak.jpg,200000,torn_bright,true
train_200k_torn_overexposed_0017_jpg.rf.8WgGPUygN9VUwFrVygmJ.jpg,200000,torn_bright,true
train_200k_torn_overexposed_0018_jpg.rf.oR6jfrv1cCuz3eNm6cBu.jpg,200000,torn_bright,true
train_200k_torn_overexposed_0019_jpg.rf.LfLrbm7wrUtK0LlWZ8Xi.jpg,200000,torn_bright,true
train_200k_torn_overexposed_0020_jpg.rf.Zg77yFGZsolk4nYl2OL3.jpg,200000,torn_bright,true
train_200k_torn_overexposed_0021_jpg.rf.0cRooUvdYqe1uJg4T9Dc.jpg,200000,torn_bright,true
train_200k_torn_overexposed_0022_jpg.rf.IBwsRKTrXlWezdtQjmNz.jpg,200000,torn_bright,true
train_200k_torn_overexposed_0023_jpg.rf.kLeE73ElAQtiFj30yOod.jpg,200000,torn_bright,true
train_200k_torn_overexposed_0024_jpg.rf.9dxEcDugYEAtjPFdr4U0.jpg,200000,torn_bright,true
train_200k_torn_overexposed_0025_jpg.rf.YhbsHfDPrJ5loKm4qSyz.jpg,200000,torn_bright,true
train_20k_backlight_0001_jpg.rf.InxE3vv4ODgX4uupC9FG.jpg,20000,backlight,false
train_20k_backlight_0002_jpg.rf.1je5lUI3NEPwo8AuWZ3w.jpg,20000,backlight,false
train_20k_backlight_0003_jpg.rf.no1U3ppp4oKYVbyRZzDR.jpg,20000,backlight,false
train_20k_backlight_0004_jpg.rf.0IWdumafZrmyHayM3e9R.jpg,20000,backlight,false
train_20k_backlight_0005_jpg.rf.sHn0dqbkWgOkFNNTuGdC.jpg,20000,backlight,false
train_20k_backlight_0006_jpg.rf.67gN4lQRZHDJhpgIdU9u.jpg,20000,backlight,false
train_20k_backlight_0007_jpg.rf.kT7XBNygDSnrMWbYq2oi.jpg,20000,backlight,false
train_20k_backlight_0008_jpg.rf.4qYq9z9xSZdqpLFryDNQ.jpg,20000,backlight,false
train_20k_backlight_0009_jpg.rf.t7bJCckFELafRELenCmB.jpg,20000,backlight,false
train_20k_backlight_0010_jpg.rf.fG5PcHoI2vpkz9umsni3.jpg,20000,backlight,false
train_20k_backlight_0011_jpg.rf.cHbkr9KSQ5sSw9xjLbQy.jpg,20000,backlight,false
train_20k_backlight_0012_jpg.rf.13bXoZoq0mTaeqkXSq3Y.jpg,20000,backlight,false
train_20k_backlight_0013_jpg.rf.aE5MShIrTK64hkIyXJNZ.jpg,20000,backlight,false
train_20k_backlight_0014_jpg.rf.NGm89x4OBEqv736aUaIP.jpg,20000,backlight,false
train_20k_backlight_0015_jpg.rf.r4v64Z9LbWX63Faj8TIo.jpg,20000,backlight,false
train_20k_backlight_0016_jpg.rf.BTH0RkW300yzhxiYCXOl.jpg,20000,backlight,false
train_20k_backlight_0017_jpg.rf.JbmQcQs02QrPmTa4h6HV.jpg,20000,backlight,false
train_20k_backlight_0018_jpg.rf.VEK7sOAMzuHbIlrjjz0q.jpg,20000,backlight,false
train_20k_backlight_0019_jpg.rf.SIxl9qM32CkDqmmWL1bB.jpg,20000,backlight,false
train_20k_backlight_0020_jpg.rf.Z2kyP3Z3D5vrZuP0gAUK.jpg,20000,backlight,false
train_20k_backlight_0021_jpg.rf.wMxz1cJV1VImn5RqKhaH.jpg,20000,backlight,false
train_20k_backlight_0022_jpg.rf.qRWc9lMCXglbDd96pCdE.jpg,20000,backlight,false
train_20k_backlight_0023_jpg.rf.Bzgz17FDnhKXpKpRu32x.jpg,20000,backlight,false
train_20k_backlight_0024_jpg.rf.my1iynUSx4Q2ETnE38JE.jpg,20000,backlight,false
train_20k_backlight_0025_jpg.rf.gxFgkEVw95Ot6hoODiMa.jpg,20000,backlight,false
train_20k_backlight_0026_jpg.rf.r7Af7BHyunPZvdO84gKE.jpg,20000,backlight,false
train_20k_backlight_0027_jpg.rf.fUwira6QX7fJpHlxXnix.jpg,20000,backlight,false
train_20k_backlight_0028_jpg.rf.jKscbd2XkhJsnjB8KW2M.jpg,20000,backlight,false
train_20k_backlight_0029_jpg.rf.YSoTswL2WknJO7NMFuw9.jpg,20000,backlight,false
train_20k_backlight_0030_jpg.rf.2Vvi5SSAzI0VintZMQBJ.jpg,20000,backlight,false
train_20k_backlight_0031_jpg.rf.4dQAyZlbF639UE1tGaRn.jpg,20000,backlight,false
train_20k_backlight_0032_jpg.rf.yF6JVKpwyKrfnfXDuFVU.jpg,20000,backlight,false
train_20k_backlight_0033_jpg.rf.asZd7g3iOyeBg2SPyppH.jpg,20000,backlight,false
train_20k_backlight_0034_jpg.rf.eeoP6FxPE7GkozWJ4HUt.jpg,20000,backlight,false
train_20k_backlight_0035_jpg.rf.48UEHrL1KcZf9EILdLrU.jpg,20000,backlight,false
train_20k_indoor_0001_jpg.rf.YA5JSZRQORxq258o1reN.jpg,20000,indoor,false
train_20k_indoor_0002_jpg.rf.LSiC2ayqhWu2UDGw0AH8.jpg,20000,indoor,false
train_20k_indoor_0003_jpg.rf.9DVcBAyEVmAlZbQOJw00.jpg,20000,indoor,false
train_20k_indoor_0004_jpg.rf.jRCXmPNZuW2IZFAV8UWE.jpg,20000,indoor,false
train_20k_indoor_0005_jpg.rf.q1YPmUaQUNfU81gc603Y.jpg,20000,indoor,false
train_20k_indoor_0006_jpg.rf.B1IwaRdE79Hh2OxvEwKE.jpg,20000,indoor,false
train_20k_indoor_0007_jpg.rf.oWgx2nDAZPAHy0tQhgHz.jpg,20000,indoor,false
train_20k_indoor_0008_jpg.rf.3URVz9qY4RlePYqQU5aK.jpg,20000,indoor,false
train_20k_indoor_0009_jpg.rf.nAs4RXihsCWitWu8ybdo.jpg,20000,indoor,false
train_20k_indoor_0010_jpg.rf.1dIkt06mmqmIaT2eLoPj.jpg,20000,indoor,false
train_20k_indoor_0011_jpg.rf.d5AXnY5lePggn9fm5rxZ.jpg,20000,indoor,false
train_20k_indoor_0012_jpg.rf.FroR7VLedX1H7dL82US5.jpg,20000,indoor,false
train_20k_indoor_0013_jpg.rf.bmpnfTk47Wt99oWLUmxU.jpg,20000,indoor,false
train_20k_indoor_0014_jpg.rf.pT9SkMoUQiC1uxztR8xS.jpg,20000,indoor,false
train_20k_indoor_0015_jpg.rf.GaB3YGgXb5ZG224XXmNW.jpg,20000,indoor,false
train_20k_indoor_0016_jpg.rf.YxmnaiU7oYxx7UVrrD1B.jpg,20000,indoor,false
train_20k_indoor_0017_jpg.rf.xJsljIaNjz47Jd8d6Gc1.jpg,20000,indoor,false
train_20k_indoor_0018_jpg.rf.HkINRy0M1qGyuz61swbW.jpg,20000,indoor,false
train_20k_indoor_0019_jpg.rf.wFTLUDZzhgSzWmfe8SNL.jpg,20000,indoor,false
train_20k_indoor_0020_jpg.rf.yO5VkcILZv1Sg727Btz0.jpg,20000,indoor,false
train_20k_indoor_0021_jpg.rf.3iihKqz3kYU9xSKRFZLh.jpg,20000,indoor,false
train_20k_indoor_0022_jpg.rf.xZG8pqFS0KDVeiJbBbqj.jpg,20000,indoor,false
train_20k_indoor_0023_jpg.rf.Z1kNiDS1Lrgz3QTslakh.jpg,20000,indoor,false
train_20k_indoor_0024_jpg.rf.FGnxAwZOvm41YrkjOMao.jpg,20000,indoor,false
train_20k_indoor_0025_jpg.rf.LIiIP1A3QEKlZfc9RqlL.jpg,20000,indoor,false
train_20k_indoor_0026_jpg.rf.ioPV5Au3eddN6lbBi3yw.jpg,20000,indoor,false
train_20k_indoor_0027_jpg.rf.bO5RV5IVEI93XiFbHcFu.jpg,20000,indoor,false
train_20k_indoor_0028_jpg.rf.Ek4agZcXP1QJOEIblMWY.jpg,20000,indoor,false
train_20k_indoor_0029_jpg.rf.m9lZanQ20jZPJK03DZfW.jpg,20000,indoor,false
train_20k_indoor_0030_jpg.rf.vVVmLEPsTeIWAqnjYGru.jpg,20000,indoor,false
train_20k_indoor_0031_jpg.rf.b1IUAL1Jds1CTRG0mnbY.jpg,20000,indoor,false
train_20k_indoor_0032_jpg.rf.JSvrZEHCmzxPfZcSU7lr.jpg,20000,indoor,false
train_20k_indoor_0033_jpg.rf.LPKCylsgSMpmcfNXZpyf.jpg,20000,indoor,false
train_20k_indoor_0034_jpg.rf.hxKUqnyXU2mVb5GRiuoL.jpg,20000,indoor,false
train_20k_indoor_0035_jpg.rf.kXO1rGTuyp4RIURCiM1H.jpg,20000,indoor,false
train_20k_indoor_0036_jpg.rf.72TR5N0EnEMhOLotfV3g.jpg,20000,indoor,false
train_20k_indoor_0037_jpg.rf.euEANPzV4FZ8AGQEfB6w.jpg,20000,indoor,false
train_20k_indoor_0038_jpg.rf.2LemPTUq9glcQCqWfMq9.jpg,20000,indoor,false
train_20k_indoor_0039_jpg.rf.f2TNqgsPOLoTfNmTheKf.jpg,20000,indoor,false
train_20k_indoor_0040_jpg.rf.aASBohWntFbgdwgXGWmR.jpg,20000,indoor,false
train_20k_indoor_0041_jpg.rf.RaDz22AfcQvXZLwvmJdL.jpg,20000,indoor,false
train_20k_indoor_0042_jpg.rf.vDigbXJiai38JfKEa69l.jpg,20000,indoor,false
train_20k_indoor_0043_jpg.rf.k420hRrtgILDOkDWF9DT.jpg,20000,indoor,false
train_20k_indoor_0044_jpg.rf.qHZ561Yi3xYwCKL3kulX.jpg,20000,indoor,false
train_20k_indoor_0045_jpg.rf.gOxzPoNRfEusdwi49vZh.jpg,20000,indoor,false
train_20k_outdoor_0001_jpg.rf.pkwiN8HaD6g6JIxijkT1.jpg,20000,outdoor,false
train_20k_outdoor_0002_jpg.rf.di16o2OnegquT9JFt6s6.jpg,20000,outdoor,false
train_20k_outdoor_0003_jpg.rf.Xj7dMMNl1zC6s33yRj2d.jpg,20000,outdoor,false
train_20k_outdoor_0004_jpg.rf.aoESHqMWiEekeFtcZKus.jpg,20000,outdoor,false
train_20k_outdoor_0005_jpg.rf.xazE4Drdo8Vty5WsY3Mj.jpg,20000,outdoor,false
train_20k_outdoor_0006_jpg.rf.eE1v3g55Mygd3WJNeKGc.jpg,20000,outdoor,false
train_20k_outdoor_0007_jpg.rf.5CHlPNhWPFMqyORoFff9.jpg,20000,outdoor,false
train_20k_outdoor_0008_jpg.rf.G56Tn86EX1FTYKFFAlVj.jpg,20000,outdoor,false
train_20k_outdoor_0009_jpg.rf.dOUnSu1w6uTyi0fmwi8Q.jpg,20000,outdoor,false
train_20k_outdoor_0010_jpg.rf.YAR9WlWsKMRuKds8s02w.jpg,20000,outdoor,false
train_20k_outdoor_0011_jpg.rf.UAEwRhRbOcG7bioeQYAi.jpg,20000,outdoor,false
train_20k_outdoor_0012_jpg.rf.YP36Xprnv1Bql9P0ftSh.jpg,20000,outdoor,false
train_20k_outdoor_0013_jpg.rf.bWWEQpitZIHpJf4tcliB.jpg,20000,outdoor,false
train_20k_outdoor_0014_jpg.rf.4lX7Vf74R3USpHOLzY6K.jpg,20000,outdoor,false
train_20k_outdoor_0015_jpg.rf.vD5OiezqUUSVL7OlsO8x.jpg,20000,outdoor,false
train_20k_outdoor_0016_jpg.rf.nQmuZvroXKMn8zGqDAAO.jpg,20000,outdoor,false
train_20k_outdoor_0017_jpg.rf.WhF8K09E8yoh6eVQP8zq.jpg,20000,outdoor,false
train_20k_outdoor_0018_jpg.rf.vHlnLvZJxOanEhe59x3I.jpg,20000,outdoor,false
train_20k_outdoor_0019_jpg.rf.8UiWVYNSAYh9WJDbwV2R.jpg,20000,outdoor,false
train_20k_outdoor_0020_jpg.rf.HIyVC2IaJ3wce0ziaVRp.jpg,20000,outdoor,false
train_20k_outdoor_0021_jpg.rf.JjTDVkKpMCzJMDzB35pG.jpg,20000,outdoor,false
train_20k_outdoor_0022_jpg.rf.tF9VvxGGQJFSNH4CHsj5.jpg,20000,outdoor,false
train_20k_outdoor_0023_jpg.rf.13XGerkhpZiEHRq4eKAE.jpg,20000,outdoor,false
train_20k_outdoor_0024_jpg.rf.vyRTzT4JayRxHOGp55RW.jpg,20000,outdoor,false
train_20k_outdoor_0025_jpg.rf.ERKhik5gxPM8iHh74uXM.jpg,20000,outdoor,false
train_20k_outdoor_0026_jpg.rf.k5ELMunWaOKkfLangCtV.jpg,20000,outdoor,false
train_20k_outdoor_0027_jpg.rf.WvjXczGaC1s1kkVtMVNu.jpg,20000,outdoor,false
train_20k_outdoor_0028_jpg.rf.g8mIb1YQmz7GGkJj24J9.jpg,20000,outdoor,false
train_20k_outdoor_0029_jpg.rf.wbl9IgXmA70T3qmMQsx2.jpg,20000,outdoor,false
train_20k_outdoor_0030_jpg.rf.disneJ273nEIPYa6yKEL.jpg,20000,outdoor,false
train_20k_outdoor_0031_jpg.rf.vz4EtQ3mcqw8Kdtqnt10.jpg,20000,outdoor,false
train_20k_outdoor_0032_jpg.rf.adfi4lAoCjmOT9fWUAdO.jpg,20000,outdoor,false
train_20k_outdoor_0033_jpg.rf.l5wzPOcXgR5sG0ECJjrY.jpg,20000,outdoor,false
train_20k_outdoor_0034_jpg.rf.BMKyfWrVeJs2eowNWpcY.jpg,20000,outdoor,false
train_20k_outdoor_0035_jpg.rf.zRgl95Kre8ko36dVxIzK.jpg,20000,outdoor,false
train_20k_outdoor_0036_jpg.rf.q2GJphrn8tUlKKZyIMLE.jpg,20000,outdoor,false
train_20k_outdoor_0037_jpg.rf.aKE9oD2EW7nq68sPMWXN.jpg,20000,outdoor,false
train_20k_outdoor_0038_jpg.rf.ZaaGDHihlCFjWt539ODE.jpg,20000,outdoor,false
train_20k_outdoor_0039_jpg.rf.2uJOeFJQqzzhHAxlbel9.jpg,20000,outdoor,false
train_20k_outdoor_0040_jpg.rf.OMQiPkae4v739RwmR6Ko.jpg,20000,outdoor,false
train_20k_outdoor_0041_jpg.rf.Zvxt83icu0837ZOBVWgE.jpg,20000,outdoor,false
train_20k_outdoor_0042_jpg.rf.t30JnTJgOifK5M4NR8yJ.jpg,20000,outdoor,false
train_20k_outdoor_0043_jpg.rf.BaQWZzjyKN0byR5ZrD6y.jpg,20000,outdoor,false
train_20k_outdoor_0044_jpg.rf.76c0WZ1jkJr2eNRt0UjG.jpg,20000,outdoor,false
train_20k_outdoor_0045_jpg.rf.Juvtq7ucp8yzjEmePkDY.jpg,20000,outdoor,false
train_20k_overexposed_0001_jpg.rf.ETXsjwKxy5u4iGXr76x1.jpg,20000,overexposed,false
train_20k_overexposed_0002_jpg.rf.zGcZsc9SOr8KjZvbanrO.jpg,20000,overexposed,false
train_20k_overexposed_0003_jpg.rf.zw5Rot7rJIs7f8wRb2KK.jpg,20000,overexposed,false
train_20k_overexposed_0004_jpg.rf.7LZIHxTprCGrcPHKoe86.jpg,20000,overexposed,false
train_20k_overexposed_0005_jpg.rf.ChkBle9ifvT4kAxBLtI4.jpg,20000,overexposed,false
train_20k_overexposed_0006_jpg.rf.FQM9FNWhyQiKgCPwYhhW.jpg,20000,overexposed,false
train_20k_overexposed_0007_jpg.rf.3JxcPjtmeDyZYP4sfyUH.jpg,20000,overexposed,false
train_20k_overexposed_0008_jpg.rf.q23GDwPSUJkm8nXuB2YZ.jpg,20000,overexposed,false
train_20k_overexposed_0009_jpg.rf.khiZywJwd7ERH9axQ5kw.jpg,20000,overexposed,false
train_20k_overexposed_0010_jpg.rf.G587siGuiyzAzaTGEWdR.jpg,20000,overexposed,false
train_20k_overexposed_0011_jpg.rf.ZKD9YZQnhXHUZs9Z6TdU.jpg,20000,overexposed,false
train_20k_overexposed_0012_jpg.rf.KsH2OdbI6kl4RUhMlC9P.jpg,20000,overexposed,false
train_20k_overexposed_0013_jpg.rf.4lZJt2YUYXWhGc4FQObb.jpg,20000,overexposed,false
train_20k_overexposed_0014_jpg.rf.DIMYFR5I8XxgTdjEEACP.jpg,20000,overexposed,false
train_20k_overexposed_0015_jpg.rf.M0fDtQSTgNlZ5VzpIy08.jpg,20000,overexposed,false
train_20k_overexposed_0016_jpg.rf.rHRXSk2ZjWcH2mtUGApa.jpg,20000,overexposed,false
train_20k_overexposed_0017_jpg.rf.E9EBOfgd2G9RuZkcrfwx.jpg,20000,overexposed,false
train_20k_overexposed_0018_jpg.rf.GAbjPSwHfDeA3GWynLor.jpg,20000,overexposed,false
train_20k_overexposed_0019_jpg.rf.h4VCfxoTZJs2Olfm9prX.jpg,20000,overexposed,false
train_20k_overexposed_0020_jpg.rf.GNOgCD973xXZrVyT8ER8.jpg,20000,overexposed,false
train_20k_overexposed_0021_jpg.rf.FsfzTLltO5rQKYgkv6JS.jpg,20000,overexposed,false
train_20k_overexposed_0022_jpg.rf.a1hUB1OljspNb2Xao3Yt.jpg,20000,overexposed,false
train_20k_overexposed_0023_jpg.rf.I48r5xAE5TqXwNLn2BYg.jpg,20000,overexposed,false
train_20k_overexposed_0024_jpg.rf.Ac63gn5TQ3P3ZfLG0t1p.jpg,20000,overexposed,false
train_20k_overexposed_0025_jpg.rf.elk5XxLBQ21JDAR9CYGw.jpg,20000,overexposed,false
train_20k_overexposed_0026_jpg.rf.cvtxK5AbDalypsBXkirZ.jpg,20000,overexposed,false
train_20k_overexposed_0027_jpg.rf.ew9NyKckp79HMhQYtyvt.jpg,20000,overexposed,false
train_20k_overexposed_0028_jpg.rf.xAmQOcqVJgDnn1OFvLot.jpg,20000,overexposed,false
train_20k_overexposed_0029_jpg.rf.LKpqmjHwUyY252mxRB43.jpg,20000,overexposed,false
train_20k_overexposed_0030_jpg.rf.OpG6MavQWQhm9omDo5nF.jpg,20000,overexposed,false
train_20k_overexposed_0031_jpg.rf.YQH1nV8NS5rsXmupF2ny.jpg,20000,overexposed,false
train_20k_overexposed_0032_jpg.rf.wDuZor0t36GuY8fQK5so.jpg,20000,overexposed,false
train_20k_overexposed_0033_jpg.rf.sWniUUGzkHqyI5zfzSq4.jpg,20000,overexposed,false
train_20k_overexposed_0034_jpg.rf.Gp1o5NXCnorcjCHD8NwL.jpg,20000,overexposed,false
train_20k_overexposed_0035_jpg.rf.ICqgAgKOpNo0dUlIqZUz.jpg,20000,overexposed,false
train_20k_torn_clean_0001_jpg.rf.vn31HIb7GrUNfSLgsCK9.jpg,20000,torn_clean,true
train_20k_torn_clean_0002_jpg.rf.4OvB2gzKq2bOJIyBs6Fk.jpg,20000,torn_clean,true
train_20k_torn_clean_0003_jpg.rf.SvGznXwCIN9OpA9uTqEa.jpg,20000,torn_clean,true
train_20k_torn_clean_0004_jpg.rf.zChO3uey3lKWOstW2u69.jpg,20000,torn_clean,true
train_20k_torn_clean_0005_jpg.rf.oMckDrmctTSb0hr7wY6P.jpg,20000,torn_clean,true
train_20k_torn_clean_0006_jpg.rf.QE8P3SAYefCErrySqTcX.jpg,20000,torn_clean,true
train_20k_torn_clean_0007_jpg.rf.yb9RvEER3DJP2xcqgrN5.jpg,20000,torn_clean,true
train_20k_torn_clean_0008_jpg.rf.IvhLLJkN6M9Fjm2R4KI8.jpg,20000,torn_clean,true
train_20k_torn_clean_0009_jpg.rf.tpsd2xsRUUr9TpNGw5Wn.jpg,20000,torn_clean,true
train_20k_torn_clean_0010_jpg.rf.UAN4RCLaJaQfqNzZDeTA.jpg,20000,torn_clean,true
train_20k_torn_clean_0011_jpg.rf.QBMmiNEcceP5B7lqbO5R.jpg,20000,torn_clean,true
train_20k_torn_clean_0012_jpg.rf.GDP305oCrTz8KxNSoDlA.jpg,20000,torn_clean,true
train_20k_torn_clean_0013_jpg.rf.o5Ow0IXFMdA0wrnxrw5E.jpg,20000,torn_clean,true
train_20k_torn_clean_0014_jpg.rf.ypQeN9ox0q93GNaBzxQY.jpg,20000,torn_clean,true
train_20k_torn_clean_0015_jpg.rf.ljUzWUi9nkmLOroO2Apx.jpg,20000,torn_clean,true
train_20k_torn_clean_0016_jpg.rf.1MtzynOB84cpbfd1YoTV.jpg,20000,torn_clean,true
train_20k_torn_clean_0017_jpg.rf.7goeO76bKpBBTzosZ06c.jpg,20000,torn_clean,true
train_20k_torn_clean_0018_jpg.rf.bl09QB7vroAimVq9TH7g.jpg,20000,torn_clean,true
train_20k_torn_clean_0019_jpg.rf.lgEhfyK81Nqj2hrTZLT6.jpg,20000,torn_clean,true
train_20k_torn_clean_0020_jpg.rf.V668Vs3RAz0fykSIa0g5.jpg,20000,torn_clean,true
train_20k_torn_clean_0021_jpg.rf.4695BLO4i9t6mfKvhu14.jpg,20000,torn_clean,true
train_20k_torn_clean_0022_jpg.rf.SWlupVCDsog7ouboFd4y.jpg,20000,torn_clean,true
train_20k_torn_clean_0023_jpg.rf.xtIDR3NmmIdGRWeKbt6h.jpg,20000,torn_clean,true
train_20k_torn_clean_0024_jpg.rf.5BJB7AcVRQKxY2zLygZU.jpg,20000,torn_clean,true
train_20k_torn_clean_0025_jpg.rf.IEMhs50cqaiGD7FvHa8X.jpg,20000,torn_clean,true
train_20k_torn_overexposed_0001_jpg.rf.LkNQRAh6lghFgfXe4jcr.jpg,20000,torn_bright,true
train_20k_torn_overexposed_0002_jpg.rf.hl3lLKaAVHDbE7rHZkgQ.jpg,20000,torn_bright,true
train_20k_torn_overexposed_0003_jpg.rf.3yPgzPTUh7hHPrLreUcW.jpg,20000,torn_bright,true
train_20k_torn_overexposed_0004_jpg.rf.lQM8a8vQCNXQEOA2EyyC.jpg,20000,torn_bright,true
train_20k_torn_overexposed_0005_jpg.rf.XBi6FAQgFWL856P1HfOF.jpg,20000,torn_bright,true
train_20k_torn_overexposed_0006_jpg.rf.NIxSbQX8cSgE0hkthQ3Q.jpg,20000,torn_bright,true
train_20k_torn_overexposed_0007_jpg.rf.zbjr29AgcL66JGvpYtMx.jpg,20000,torn_bright,true
train_20k_torn_overexposed_0008_jpg.rf.rzotvvimgoHHMgC9BURV.jpg,20000,torn_bright,true
train_20k_torn_overexposed_0009_jpg.rf.wyekB8lhV8T1c3GUkvB1.jpg,20000,torn_bright,true
train_20k_torn_overexposed_0010_jpg.rf.4A08n4NhRVJgwloPAnHl.jpg,20000,torn_bright,true
train_20k_torn_overexposed_0011_jpg.rf.YDYraawglz0FPEZO9faC.jpg,20000,torn_bright,true
train_20k_torn_overexposed_0012_jpg.rf.WNTpM6JlZHfmwvrc1GcX.jpg,20000,torn_bright,true
train_20k_torn_overexposed_0013_jpg.rf.qDVeTk5eMQFB2vbFTPcq.jpg,20000,torn_bright,true
train_20k_torn_overexposed_0014_jpg.rf.0iyIgd6kN0CwlvBLTFaP.jpg,20000,torn_bright,true
train_20k_torn_overexposed_0015_jpg.rf.nAOrWsHhwsmR0tVmIdTG.jpg,20000,torn_bright,true
train_20k_torn_overexposed_0016_jpg.rf.xokrnA21GhZL41CZVYVE.jpg,20000,torn_bright,true
train_20k_torn_overexposed_0017_jpg.rf.N8pgetKVaYnAQITy9Pil.jpg,20000,torn_bright,true
train_20k_torn_overexposed_0018_jpg.rf.0UkjbLVUdQzGw2aJ8Btm.jpg,20000,torn_bright,true
train_20k_torn_overexposed_0019_jpg.rf.5fXwm2Fd2Qc9oh322Cfy.jpg,20000,torn_bright,true
train_20k_torn_overexposed_0020_jpg.rf.O1uEyFa4xNIp7rIEqiju.jpg,20000,torn_bright,true
train_20k_torn_overexposed_0021_jpg.rf.hhtDMhYEqNh6F48QFGO5.jpg,20000,torn_bright,true
train_20k_torn_overexposed_0022_jpg.rf.wHeFcOCVjOhg6aF8iP1B.jpg,20000,torn_bright,true
train_20k_torn_overexposed_0023_jpg.rf.qFb63RNH3fTmKDPs7JIq.jpg,20000,torn_bright,true
train_20k_torn_overexposed_0024_jpg.rf.qn9bBI7mxRUtSNdcGmJS.jpg,20000,torn_bright,true
train_20k_torn_overexposed_0025_jpg.rf.pMfpjucYRQjoFj2RlvJf.jpg,20000,torn_bright,true
train_500k_backlight_0001_jpg.rf.oYNYnuTmyy1l3FbRdg1A.jpg,500000,backlight,false
train_500k_backlight_0002_jpg.rf.Iyuwu9JfHTpqUl8oQHIa.jpg,500000,backlight,false
train_500k_backlight_0003_jpg.rf.BUu4ZKgQusBXqY8DFY9b.jpg,500000,backlight,false
train_500k_backlight_0004_jpg.rf.aD1fip7zFlrIVDtt8ygJ.jpg,500000,backlight,false
train_500k_backlight_0005_jpg.rf.1yiBctrQ3AXRzSgXSPqo.jpg,500000,backlight,false
train_500k_backlight_0006_jpg.rf.1Ob7kOZ5goHNLzRpcQuz.jpg,500000,backlight,false
train_500k_backlight_0007_jpg.rf.QxIvlxb4lBb2PkQ5rvsw.jpg,500000,backlight,false
train_500k_backlight_0008_jpg.rf.0ZHN0nFesWSIoftEysTl.jpg,500000,backlight,false
train_500k_backlight_0009_jpg.rf.JnGB6NZVEVjFWhduzc0P.jpg,500000,backlight,false
train_500k_backlight_0010_jpg.rf.vyqgHef9lzkDjLhaNDTj.jpg,500000,backlight,false
train_500k_backlight_0011_jpg.rf.eovsvSOPzZ56WV6D6Omh.jpg,500000,backlight,false
train_500k_backlight_0012_jpg.rf.CMOhUNRqBwgUYn94DwMR.jpg,500000,backlight,false
train_500k_backlight_0013_jpg.rf.2MWDSiTQYs2c5U02zJcr.jpg,500000,backlight,false
train_500k_backlight_0014_jpg.rf.5SbWHdMdApl9pB5TKgjw.jpg,500000,backlight,false
train_500k_backlight_0015_jpg.rf.fG2acsxKfELIuuugMBeg.jpg,500000,backlight,false
train_500k_backlight_0016_jpg.rf.OVZrLr06UTNAHTRdBTA7.jpg,500000,backlight,false
train_500k_backlight_0017_jpg.rf.BcqUyenw3xgSo6hUmuFL.jpg,500000,backlight,false
train_500k_backlight_0018_jpg.rf.aSzTyeX7LtbqrhvHYlpG.jpg,500000,backlight,false
train_500k_backlight_0019_jpg.rf.dELQ99EznGCtTnbwYJ0m.jpg,500000,backlight,false
train_500k_backlight_0020_jpg.rf.iLwUbjspNtZddk52lOhy.jpg,500000,backlight,false
train_500k_backlight_0021_jpg.rf.RSTFkhE2FeroyUhrjaCC.jpg,500000,backlight,false
train_500k_backlight_0022_jpg.rf.AIgG9b8vryDXE8AgTnYX.jpg,500000,backlight,false
train_500k_backlight_0023_jpg.rf.Sjb9AI4OcwJsNWzWj7ZW.jpg,500000,backlight,false
train_500k_backlight_0024_jpg.rf.l1sdEKuSd58KCKo0l2KH.jpg,500000,backlight,false
train_500k_backlight_0025_jpg.rf.wUiMFvvdIUQvkER3Iyc4.jpg,500000,backlight,false
train_500k_backlight_0026_jpg.rf.HpXU8cEAptVN6OOVPm49.jpg,500000,backlight,false
train_500k_backlight_0027_jpg.rf.sccrWPOppqL6Wdh8p7rK.jpg,500000,backlight,false
train_500k_backlight_0028_jpg.rf.2tazUgIxcLOtmZJzKGdX.jpg,500000,backlight,false
train_500k_backlight_0029_jpg.rf.yQMjxNRjivFgoGOmFR3X.jpg,500000,backlight,false
train_500k_backlight_0030_jpg.rf.R0NKgZYSSSbJH9mavwqt.jpg,500000,backlight,false
train_500k_backlight_0031_jpg.rf.dljaTiNIPxKGa1Vvrd5G.jpg,500000,backlight,false
train_500k_backlight_0032_jpg.rf.BbQvFDGcxOq7ASfyDzjO.jpg,500000,backlight,false
train_500k_backlight_0033_jpg.rf.D3DVNjv63LPeXFHTYPNm.jpg,500000,backlight,false
train_500k_backlight_0034_jpg.rf.SsADJV7KGH2JxOxpubZu.jpg,500000,backlight,false
train_500k_backlight_0035_jpg.rf.cpgMrDUibQAdQXLmtDII.jpg,500000,backlight,false
train_500k_indoor_0001_jpg.rf.gSif2GaWWYDJt40gbSGB.jpg,500000,indoor,false
train_500k_indoor_0002_jpg.rf.gQScRUhI7EmIAY6GI6o2.jpg,500000,indoor,false
train_500k_indoor_0003_jpg.rf.PwogZ6VkPaeNBqZ7Qa9p.jpg,500000,indoor,false
train_500k_indoor_0004_jpg.rf.pNf994RTUmlg1zIj5UAI.jpg,500000,indoor,false
train_500k_indoor_0005_jpg.rf.Lhz3biSxR8qFAlODnEDH.jpg,500000,indoor,false
train_500k_indoor_0006_jpg.rf.36o3SWdARTDoxDXg2AcB.jpg,500000,indoor,false
train_500k_indoor_0007_jpg.rf.otbfNFGRhG4IJ1gFgD8D.jpg,500000,indoor,false
train_500k_indoor_0008_jpg.rf.b9Lk6EI3CtYeBZ1iO8Xo.jpg,500000,indoor,false
train_500k_indoor_0009_jpg.rf.5nG9EHFkVJEX6xENxwCU.jpg,500000,indoor,false
train_500k_indoor_0010_jpg.rf.2m73jdhvSZ2QmjxFJW1l.jpg,500000,indoor,false
train_500k_indoor_0011_jpg.rf.Uo3Q4Z354HAzy0xQY5JD.jpg,500000,indoor,false
train_500k_indoor_0012_jpg.rf.PiuLzcTXLFFX4mx1QHjW.jpg,500000,indoor,false
train_500k_indoor_0013_jpg.rf.YlZJNMDk4WyCA5wvLrWx.jpg,500000,indoor,false
train_500k_indoor_0014_jpg.rf.QhvrdH6cv48iKqDkA54N.jpg,500000,indoor,false
train_500k_indoor_0015_jpg.rf.3YE2FTuvmoyeebKJsgkb.jpg,500000,indoor,false
train_500k_indoor_0016_jpg.rf.LrAkGztR7dCwv5gqXDSv.jpg,500000,indoor,false
train_500k_indoor_0017_jpg.rf.uDxqfC5DC4GFDVgtKmZ8.jpg,500000,indoor,false
train_500k_indoor_0018_jpg.rf.Kq8hK2IlzmgplVFeZ0uL.jpg,500000,indoor,false
train_500k_indoor_0019_jpg.rf.Y22IslvjyHs2MJVkMJXH.jpg,500000,indoor,false
train_500k_indoor_0020_jpg.rf.mhGyIXgGJTfMh7bcldnK.jpg,500000,indoor,false
train_500k_indoor_0021_jpg.rf.6aQ7VVWMl8K34nk9aP76.jpg,500000,indoor,false
train_500k_indoor_0022_jpg.rf.euNd7Sk6wNuDUCpCTbZl.jpg,500000,indoor,false
train_500k_indoor_0023_jpg.rf.RWz7LY0LgIJsaJc891Je.jpg,500000,indoor,false
train_500k_indoor_0024_jpg.rf.IpODLb3Urb7mSVcuDVVF.jpg,500000,indoor,false
train_500k_indoor_0025_jpg.rf.PT2E2QvTRYbCxBc0BasZ.jpg,500000,indoor,false
train_500k_indoor_0026_jpg.rf.QNCpLOogf4dhoZNNPQkx.jpg,500000,indoor,false
train_500k_indoor_0027_jpg.rf.fkEFkHpEqeGz9Mripq5Y.jpg,500000,indoor,false
train_500k_indoor_0028_jpg.rf.kFlpyyQMhBCtHpdvOrw7.jpg,500000,indoor,false
train_500k_indoor_0029_jpg.rf.ob795GHCsNp3Lg7PD8Ac.jpg,500000,indoor,false
train_500k_indoor_0030_jpg.rf.gUqbvHgLdFPX4ii5kcYF.jpg,500000,indoor,false
train_500k_indoor_0031_jpg.rf.ZgPUX249g5DmVJmjV3mX.jpg,500000,indoor,false
train_500k_indoor_0032_jpg.rf.xQ7Xlo8L3YYTtSk4TkzT.jpg,500000,indoor,false
train_500k_indoor_0033_jpg.rf.0EXkJJgoGNBGY9Jow16z.jpg,500000,indoor,false
train_500k_indoor_0034_jpg.rf.rHGRXMu4ggwuw3NzcvHk.jpg,500000,indoor,false
train_500k_indoor_0035_jpg.rf.KICoR5h4LvwtpwAg61Mu.jpg,500000,indoor,false
train_500k_indoor_0036_jpg.rf.74x9Q4zpyIlWgpGPZaQ6.jpg,500000,indoor,false
train_500k_indoor_0037_jpg.rf.xOqMa6xHyp44YQQXyOwv.jpg,500000,indoor,false
train_500k_indoor_0038_jpg.rf.yX24zaLIuYouaM7fJM0p.jpg,500000,indoor,false
train_500k_indoor_0039_jpg.rf.KpMmLH8nxXQO0zz1vYiy.jpg,500000,indoor,false
train_500k_indoor_0040_jpg.rf.xbe1JpxB7PWUzD7BMwRZ.jpg,500000,indoor,false
train_500k_indoor_0041_jpg.rf.PkdWp1oeNvu1s4ysQs2D.jpg,500000,indoor,false
train_500k_indoor_0042_jpg.rf.jRe38W4HMdtrm7Z1p6xL.jpg,500000,indoor,false
train_500k_indoor_0043_jpg.rf.E24WJM2yIlFW0VYR1hiK.jpg,500000,indoor,false
train_500k_indoor_0044_jpg.rf.ujGmTfbIw1xY6G03D1zz.jpg,500000,indoor,false
train_500k_indoor_0045_jpg.rf.GF5Qz4s8jB3GlcGIIyUt.jpg,500000,indoor,false
train_500k_outdoor_0001_jpg.rf.3EfGupDtWApzgl5fyUxi.jpg,500000,outdoor,false
train_500k_outdoor_0002_jpg.rf.yO88MecftAChBl2soUO0.jpg,500000,outdoor,false
train_500k_outdoor_0003_jpg.rf.T8bOxaXSiXxx4SuNLdX4.jpg,500000,outdoor,false
train_500k_outdoor_0004_jpg.rf.BYhAIUEy8Q3gbwOdWVQu.jpg,500000,outdoor,false
train_500k_outdoor_0005_jpg.rf.H7PXz3AOWAqZfZKQj5Kr.jpg,500000,outdoor,false
train_500k_outdoor_0006_jpg.rf.4pev8BgRDulKMqyjFk4Z.jpg,500000,outdoor,false
train_500k_outdoor_0007_jpg.rf.Hc2mpIub3ABw1aBiWBxF.jpg,500000,outdoor,false
train_500k_outdoor_0008_jpg.rf.cBNidp0nptM5KIvIrb7B.jpg,500000,outdoor,false
train_500k_outdoor_0009_jpg.rf.bKFAKOVkqDtui3S4E361.jpg,500000,outdoor,false
train_500k_outdoor_0010_jpg.rf.hTYYSoc0ne3HBwILFgO4.jpg,500000,outdoor,false
train_500k_outdoor_0011_jpg.rf.HHH2m4QBRgu9HX65wXLa.jpg,500000,outdoor,false
train_500k_outdoor_0012_jpg.rf.y5yt6cT80Zv9J3Z88hz3.jpg,500000,outdoor,false
train_500k_outdoor_0013_jpg.rf.fWB8eKWDMnKpXyZX9bBE.jpg,500000,outdoor,false
train_500k_outdoor_0014_jpg.rf.9rL52QEFVhWb37pPkMUS.jpg,500000,outdoor,false
train_500k_outdoor_0015_jpg.rf.kEnMBzFu2JdJyzOPYIFz.jpg,500000,outdoor,false
train_500k_outdoor_0016_jpg.rf.2ElsmBSW5ZYE0p7RmZo8.jpg,500000,outdoor,false
train_500k_outdoor_0017_jpg.rf.mboEaYvqIoZm9B84yUU5.jpg,500000,outdoor,false
train_500k_outdoor_0018_jpg.rf.F4WKZnZC0DzOMXjE0rat.jpg,500000,outdoor,false
train_500k_outdoor_0019_jpg.rf.E9dmPipiiAFF9Xbhvemi.jpg,500000,outdoor,false
train_500k_outdoor_0020_jpg.rf.FGiH94HEX13RkKK9ui3b.jpg,500000,outdoor,false
train_500k_outdoor_0021_jpg.rf.EZqnfjuxie2J00kr0xnc.jpg,500000,outdoor,false
train_500k_outdoor_0022_jpg.rf.XZxyXxtaeQRbgf5qUAfU.jpg,500000,outdoor,false
train_500k_outdoor_0023_jpg.rf.rJvHUiWubAnR5RQ1NHN8.jpg,500000,outdoor,false
train_500k_outdoor_0024_jpg.rf.JaN7JjXFOtIBANuyOyWf.jpg,500000,outdoor,false
train_500k_outdoor_0025_jpg.rf.NA56X7F6srj7KOEl6aRL.jpg,500000,outdoor,false
train_500k_outdoor_0026_jpg.rf.11qvr6bC4zOVm725Sxtx.jpg,500000,outdoor,false
train_500k_outdoor_0027_jpg.rf.gxt6qWCHFmiqKvJRo7Fx.jpg,500000,outdoor,false
train_500k_outdoor_0028_jpg.rf.ZOmvpIa642NlpJQlEKp8.jpg,500000,outdoor,false
train_500k_outdoor_0029_jpg.rf.kIoV4IVKY44eLlSF7Oii.jpg,500000,outdoor,false
train_500k_outdoor_0030_jpg.rf.1YeY5MXokOiubR4pJBOE.jpg,500000,outdoor,false
train_500k_outdoor_0031_jpg.rf.fWFjz4W2iFwtPjMrGQyj.jpg,500000,outdoor,false
train_500k_outdoor_0032_jpg.rf.k36ydlD40qnMWCA96lvs.jpg,500000,outdoor,false
train_500k_outdoor_0033_jpg.rf.DZPGoiSp9tC8ZXyw5t2K.jpg,500000,outdoor,false
train_500k_outdoor_0034_jpg.rf.rgRoFGWsyKLHEbjbtMXs.jpg,500000,outdoor,false
train_500k_outdoor_0035_jpg.rf.ryPiULwoR3YNGk5PCg1B.jpg,500000,outdoor,false
train_500k_outdoor_0036_jpg.rf.rfv7o3hFX1IFri6nIpCL.jpg,500000,outdoor,false
train_500k_outdoor_0037_jpg.rf.IKKn5TQ4p9kw6YpuCZB2.jpg,500000,outdoor,false
train_500k_outdoor_0038_jpg.rf.MmqZ8WKHe1YqyBtQEEGM.jpg,500000,outdoor,false
train_500k_outdoor_0039_jpg.rf.EfB3qpJgIKYsjAwbCciW.jpg,500000,outdoor,false
train_500k_outdoor_0040_jpg.rf.6v5a9PsCFiY9Mk20aDgq.jpg,500000,outdoor,false
train_500k_outdoor_0041_jpg.rf.xuktXUtj09Hi0qxcph8y.jpg,500000,outdoor,false
train_500k_outdoor_0042_jpg.rf.ogiVS6L48QLkEfDvz4d4.jpg,500000,outdoor,false
train_500k_outdoor_0043_jpg.rf.BKNoIJBxHrEiwgtQkFhZ.jpg,500000,outdoor,false
train_500k_outdoor_0044_jpg.rf.UDRY3ljKpPwGQl8I3ugZ.jpg,500000,outdoor,false
train_500k_outdoor_0045_jpg.rf.2AtAbpAznoAu5hGiMmpK.jpg,500000,outdoor,false
train_500k_overexposed_0001_jpg.rf.6UyRu2lTqygSfvRNoY4C.jpg,500000,overexposed,false
train_500k_overexposed_0002_jpg.rf.2fQuHmGec9Da1ytIjMXY.jpg,500000,overexposed,false
train_500k_overexposed_0003_jpg.rf.ZPgxB4gpJiaCTk6ukHqD.jpg,500000,overexposed,false
train_500k_overexposed_0004_jpg.rf.QjKTYxyh8POti5ykfdQf.jpg,500000,overexposed,false
train_500k_overexposed_0005_jpg.rf.TH3ZY1zs01iCLJ4r7r5b.jpg,500000,overexposed,false
train_500k_overexposed_0006_jpg.rf.j9UC33Sy7qdNfCNa5CEx.jpg,500000,overexposed,false
train_500k_overexposed_0007_jpg.rf.V8DuXjzeMOZ7mqijvI06.jpg,500000,overexposed,false
train_500k_overexposed_0008_jpg.rf.xJhNIoCfIFlQ4FRLxEUl.jpg,500000,overexposed,false
train_500k_overexposed_0009_jpg.rf.E0vRxOKgFAhBrlUERTik.jpg,500000,overexposed,false
train_500k_overexposed_0010_jpg.rf.p59GZv4EdNqbUPzVkAk5.jpg,500000,overexposed,false
train_500k_overexposed_0011_jpg.rf.AZNFdtAzIRlWQzdpODmu.jpg,500000,overexposed,false
train_500k_overexposed_0012_jpg.rf.gneSkYULVEwOtzOwHSwh.jpg,500000,overexposed,false
train_500k_overexposed_0013_jpg.rf.pCi8u8zN0udwyxIAloXM.jpg,500000,overexposed,false
train_500k_overexposed_0014_jpg.rf.MjdI9hTdP3BbXyQQUlKB.jpg,500000,overexposed,false
train_500k_overexposed_0015_jpg.rf.oYUSKFdPgtD7W6TUoTc2.jpg,500000,overexposed,false
train_500k_overexposed_0016_jpg.rf.FsLXr0se7rKqwPKQjo1n.jpg,500000,overexposed,false
train_500k_overexposed_0017_jpg.rf.lsJH2RKlsuuWAAW4AuKj.jpg,500000,overexposed,false
train_500k_overexposed_0018_jpg.rf.cCnGtAGgdhuSxZZFQbE5.jpg,500000,overexposed,false
train_500k_overexposed_0019_jpg.rf.Em4zlIf45uMJjBgpwB6C.jpg,500000,overexposed,false
train_500k_overexposed_0020_jpg.rf.dW9qjqFLnnR6zerFcmMa.jpg,500000,overexposed,false
train_500k_overexposed_0021_jpg.rf.UpLziNUjqa3IzOLe8Wnp.jpg,500000,overexposed,false
train_500k_overexposed_0022_jpg.rf.5dP2dRzXDOTawr7q34kn.jpg,500000,overexposed,false
train_500k_overexposed_0023_jpg.rf.JHo3s8d4iyf2rivgAsKP.jpg,500000,overexposed,false
train_500k_overexposed_0024_jpg.rf.iTwtulJ9DX2XkK2oraVR.jpg,500000,overexposed,false
train_500k_overexposed_0025_jpg.rf.CeUF7Lg8jHAkopo6dvcU.jpg,500000,overexposed,false
train_500k_overexposed_0026_jpg.rf.9lEFj3dX3hj5mWL2L2nc.jpg,500000,overexposed,false
train_500k_overexposed_0027_jpg.rf.oqLQS9YHJyOMOGX3Ct1R.jpg,500000,overexposed,false
train_500k_overexposed_0028_jpg.rf.fCVAgULwStIq1TromT4J.jpg,500000,overexposed,false
train_500k_overexposed_0029_jpg.rf.yU0lnhpoaBoW30DAZFyI.jpg,500000,overexposed,false
train_500k_overexposed_0030_jpg.rf.8gULOtZ5whBMOVcSpR3F.jpg,500000,overexposed,false
train_500k_overexposed_0031_jpg.rf.4Fg0YpHyWIsEbBPsyqan.jpg,500000,overexposed,false
train_500k_overexposed_0032_jpg.rf.fyu9c6wW3cMnpUqX5Lxs.jpg,500000,overexposed,false
train_500k_overexposed_0033_jpg.rf.iWuJF0962n36wWzswj8i.jpg,500000,overexposed,false
train_500k_overexposed_0034_jpg.rf.2dUO4xBIV79oCSs884M9.jpg,500000,overexposed,false
train_500k_overexposed_0035_jpg.rf.gRRm6gS4wGeE07lmWxng.jpg,500000,overexposed,false
train_500k_torn_clean_0001_jpg.rf.8mcWf0YxCOjC5zZQAZ8X.jpg,500000,torn_clean,true
train_500k_torn_clean_0002_jpg.rf.iTerbiG4Vson4mRzOEo7.jpg,500000,torn_clean,true
train_500k_torn_clean_0003_jpg.rf.e3xALeTFAC4SCDbO40JW.jpg,500000,torn_clean,true
train_500k_torn_clean_0004_jpg.rf.FbIwJQaKQdFspjGQMhy0.jpg,500000,torn_clean,true
train_500k_torn_clean_0005_jpg.rf.Cr6T1rxj8a84HP1LGTHE.jpg,500000,torn_clean,true
train_500k_torn_clean_0006_jpg.rf.wvAZ3riJQQS7HqQlFjXW.jpg,500000,torn_clean,true
train_500k_torn_clean_0007_jpg.rf.i38x8btYSTPqijyvgpjk.jpg,500000,torn_clean,true
train_500k_torn_clean_0008_jpg.rf.RfwdWwm1XEJuyRlQEsKG.jpg,500000,torn_clean,true
train_500k_torn_clean_0009_jpg.rf.9LbjiDx8x1f6Qgk69w6J.jpg,500000,torn_clean,true
train_500k_torn_clean_0010_jpg.rf.37R8cY1dQhjTYpbT8biX.jpg,500000,torn_clean,true
train_500k_torn_clean_0011_jpg.rf.0gTaJUwwyAO3aL6BD5wG.jpg,500000,torn_clean,true
train_500k_torn_clean_0012_jpg.rf.JeXS9FulFsZfmhQkO3Di.jpg,500000,torn_clean,true
train_500k_torn_clean_0013_jpg.rf.C5kFUukdOkQdu5l5q3uE.jpg,500000,torn_clean,true
train_500k_torn_clean_0014_jpg.rf.arx0qBcHEDjH3Re87xnF.jpg,500000,torn_clean,true
train_500k_torn_clean_0015_jpg.rf.hojPeGXm3pweUaeWswMe.jpg,500000,torn_clean,true
train_500k_torn_clean_0016_jpg.rf.YBY89tRMhKqsmqzVZcTF.jpg,500000,torn_clean,true
train_500k_torn_clean_0017_jpg.rf.kZ8A52tTgMEz8dEUmeg9.jpg,500000,torn_clean,true
train_500k_torn_clean_0018_jpg.rf.w7z1wFa4kLjPZx3NE2yJ.jpg,500000,torn_clean,true
train_500k_torn_clean_0019_jpg.rf.KXf7yUqd0ZowZomsfrc5.jpg,500000,torn_clean,true
train_500k_torn_clean_0020_jpg.rf.U542yHlQXRrqLmDuS3Eu.jpg,500000,torn_clean,true
train_500k_torn_clean_0021_jpg.rf.lbC2mfdlmY8eenWoRiSb.jpg,500000,torn_clean,true
train_500k_torn_clean_0022_jpg.rf.Fcpkb6UpelN1WzAuzjmS.jpg,500000,torn_clean,true
train_500k_torn_clean_0023_jpg.rf.bmNUTrhkHnzYmIAboDmh.jpg,500000,torn_clean,true
train_500k_torn_clean_0024_jpg.rf.XnPkK23KFdBx3utnbwvB.jpg,500000,torn_clean,true
train_500k_torn_clean_0025_jpg.rf.WdpgDKeMB9o6lx6XJHiH.jpg,500000,torn_clean,true
train_500k_torn_overexposed_0001_jpg.rf.JAL7A5I4Rm3YVuyHAYwt.jpg,500000,torn_bright,true
train_500k_torn_overexposed_0002_jpg.rf.NG92U8SDlY3nxSsPgv3Q.jpg,500000,torn_bright,true
train_500k_torn_overexposed_0003_jpg.rf.9er0dtIrmLRS3BGFhPgd.jpg,500000,torn_bright,true
train_500k_torn_overexposed_0004_jpg.rf.rePhi3PKfwiRa58KeHcB.jpg,500000,torn_bright,true
train_500k_torn_overexposed_0005_jpg.rf.kLkiMUyh7FToFMjxCdEK.jpg,500000,torn_bright,true
train_500k_torn_overexposed_0006_jpg.rf.1hTDd5mD5JNLnb83DpKX.jpg,500000,torn_bright,true
train_500k_torn_overexposed_0007_jpg.rf.uL8bGHXVJXQme6FF9B5k.jpg,500000,torn_bright,true
train_500k_torn_overexposed_0008_jpg.rf.Rtq08kDNXGG5RkXnCsx5.jpg,500000,torn_bright,true
train_500k_torn_overexposed_0009_jpg.rf.SxFtaPBE0qgaobvIxeau.jpg,500000,torn_bright,true
train_500k_torn_overexposed_0010_jpg.rf.G0QGBO4vexCA3MgPMOCk.jpg,500000,torn_bright,true
train_500k_torn_overexposed_0011_jpg.rf.udpEeoSkB2Q1UZi0XGIo.jpg,500000,torn_bright,true
train_500k_torn_overexposed_0012_jpg.rf.pLf53J8pp6z32MORapfx.jpg,500000,torn_bright,true
train_500k_torn_overexposed_0013_jpg.rf.4ZzwdXlCjDIhPdd6VPYW.jpg,500000,torn_bright,true
train_500k_torn_overexposed_0014_jpg.rf.xGwFKjMuSIX6zFz1KjYk.jpg,500000,torn_bright,true
train_500k_torn_overexposed_0015_jpg.rf.QqVBl6xeNJUQ4xHj0FFn.jpg,500000,torn_bright,true
train_500k_torn_overexposed_0016_jpg.rf.FAcUQUQUEadjkSqY5FdO.jpg,500000,torn_bright,true
train_500k_torn_overexposed_0017_jpg.rf.YImsrIWDlB9RLHJkTFvT.jpg,500000,torn_bright,true
train_500k_torn_overexposed_0018_jpg.rf.VhZu28QOzkpiCzRakaG3.jpg,500000,torn_bright,true
train_500k_torn_overexposed_0019_jpg.rf.JZDYIn3dHCmTfLBFsd7h.jpg,500000,torn_bright,true
train_500k_torn_overexposed_0020_jpg.rf.0S2BubA9OJgfHFrVCSBW.jpg,500000,torn_bright,true
train_500k_torn_overexposed_0021_jpg.rf.rq9OdOVuDubOHSTbjK3e.jpg,500000,torn_bright,true
train_500k_torn_overexposed_0022_jpg.rf.lrgfAEwwA8T0pDmj5DPL.jpg,500000,torn_bright,true
train_500k_torn_overexposed_0023_jpg.rf.qiXs34TwVE7KnCZWjEE3.jpg,500000,torn_bright,true
train_500k_torn_overexposed_0024_jpg.rf.DVKy5lKCDP1InPXZAysP.jpg,500000,torn_bright,true
train_500k_torn_overexposed_0025_jpg.rf.DdvXCU5oo9sD0kcRrFrs.jpg,500000,torn_bright,true
train_50k_backlight_0001_jpg.rf.xyOVJB5xyzAPGP0hkpJM.jpg,50000,backlight,false
train_50k_backlight_0002_jpg.rf.wLYHGBuLt0pk2A7dmSsW.jpg,50000,backlight,false
train_50k_backlight_0003_jpg.rf.rAfOqeoxZxPhU8t9kAL3.jpg,50000,backlight,false
train_50k_backlight_0004_jpg.rf.RBEo048gWiZh255gSYaw.jpg,50000,backlight,false
train_50k_backlight_0005_jpg.rf.GzcbryebihOTU6izYwWu.jpg,50000,backlight,false
train_50k_backlight_0006_jpg.rf.L0dun6rY9yUbee2JIfo6.jpg,50000,backlight,false
train_50k_backlight_0007_jpg.rf.0k0bayeGP3GnzCtMrZqN.jpg,50000,backlight,false
train_50k_backlight_0008_jpg.rf.b04y7yK9ZYlXtAyZN20h.jpg,50000,backlight,false
train_50k_backlight_0009_jpg.rf.Q52gfOja9AQH8o98lO9R.jpg,50000,backlight,false
train_50k_backlight_0010_jpg.rf.1CqTMvDHO4vB4mHuevmQ.jpg,50000,backlight,false
train_50k_backlight_0011_jpg.rf.wNdQ5DJgAIwXmb5sC5jj.jpg,50000,backlight,false
train_50k_backlight_0012_jpg.rf.HURyLXEJtkF0Rh703UbE.jpg,50000,backlight,false
train_50k_backlight_0013_jpg.rf.Nd5erDpClUHHrLDWc1Ho.jpg,50000,backlight,false
train_50k_backlight_0014_jpg.rf.VZ960YXEtEJd05rjNY8x.jpg,50000,backlight,false
train_50k_backlight_0015_jpg.rf.0HTNntJCBYhCbzYHX2HL.jpg,50000,backlight,false
train_50k_backlight_0016_jpg.rf.sLXnMmBQzxlPiatesJbL.jpg,50000,backlight,false
train_50k_backlight_0017_jpg.rf.ETVoUk9Dv5XxAZ8Thv4h.jpg,50000,backlight,false
train_50k_backlight_0018_jpg.rf.1pAhwtA2Dmp2A7uyndae.jpg,50000,backlight,false
train_50k_backlight_0019_jpg.rf.VZjFKZCUVb7nPRjHEIAs.jpg,50000,backlight,false
train_50k_backlight_0020_jpg.rf.6Yh9XQ3ofJHcRU85lSIC.jpg,50000,backlight,false
train_50k_backlight_0021_jpg.rf.biKQUZqOQbjp8f9xlmh9.jpg,50000,backlight,false
train_50k_backlight_0022_jpg.rf.SF4pZiQvLhxYxytBB7YX.jpg,50000,backlight,false
train_50k_backlight_0023_jpg.rf.9i7Fw7Mk5xgDmRPefChX.jpg,50000,backlight,false
train_50k_backlight_0024_jpg.rf.hTBpfjwYxXqylTmokwWt.jpg,50000,backlight,false
train_50k_backlight_0025_jpg.rf.NL30bTi5wVk4YTvug4p2.jpg,50000,backlight,false
train_50k_backlight_0026_jpg.rf.fvz6H3eTBXbXnCQeU4f4.jpg,50000,backlight,false
train_50k_backlight_0027_jpg.rf.ZOZzZBHWvFthEo9pR7G0.jpg,50000,backlight,false
train_50k_backlight_0028_jpg.rf.EhDOphoEx19tuyw9IXWw.jpg,50000,backlight,false
train_50k_backlight_0029_jpg.rf.k04aUOABIBvSdRGki4AZ.jpg,50000,backlight,false
train_50k_backlight_0030_jpg.rf.8pxtwRAVLZ9JEu9Rocyl.jpg,50000,backlight,false
train_50k_backlight_0031_jpg.rf.BCCnMh7VrXTg77b79XiG.jpg,50000,backlight,false
train_50k_backlight_0032_jpg.rf.5xMlwQdHf5xT3VUSbcoU.jpg,50000,backlight,false
train_50k_backlight_0033_jpg.rf.1Fe76vjcosJ5JsDsMxsX.jpg,50000,backlight,false
train_50k_backlight_0034_jpg.rf.JHEIFNZ6FOKsCfavjGwU.jpg,50000,backlight,false
train_50k_backlight_0035_jpg.rf.LM5O1MKNTG1WVSw2C5Zr.jpg,50000,backlight,false
train_50k_indoor_0001_jpg.rf.9Cw9hm89WtAuEZVZeLtn.jpg,50000,indoor,false
train_50k_indoor_0002_jpg.rf.y3bpBVkDOWywlvdwDAY9.jpg,50000,indoor,false
train_50k_indoor_0003_jpg.rf.RTKSEqNoX4qcbVkdLDai.jpg,50000,indoor,false
train_50k_indoor_0004_jpg.rf.tT2FO1vQjlpwSGSG6a15.jpg,50000,indoor,false
train_50k_indoor_0005_jpg.rf.sJWf29dT1pULvlKttrkq.jpg,50000,indoor,false
train_50k_indoor_0006_jpg.rf.TuoVHrdsTeoZCPd2xYVV.jpg,50000,indoor,false
train_50k_indoor_0007_jpg.rf.7tGJvDYISq033f7k57ZS.jpg,50000,indoor,false
train_50k_indoor_0008_jpg.rf.geMduJqc91iUaftSI0q0.jpg,50000,indoor,false
train_50k_indoor_0009_jpg.rf.vSrpLbZoBzmX0igXxtjo.jpg,50000,indoor,false
train_50k_indoor_0010_jpg.rf.OavotqxjsLtrmiHiV1wT.jpg,50000,indoor,false
train_50k_indoor_0011_jpg.rf.1RhMHw6oReeeuL245bTV.jpg,50000,indoor,false
train_50k_indoor_0012_jpg.rf.hoidOPVQEHyo5xM0ZyN3.jpg,50000,indoor,false
train_50k_indoor_0013_jpg.rf.xreBrm0P01j1WO2q67wN.jpg,50000,indoor,false
train_50k_indoor_0014_jpg.rf.ooTCl0TDI5hEeFKf7dBm.jpg,50000,indoor,false
train_50k_indoor_0015_jpg.rf.wRZyCrdMFeF9qaMD9Sba.jpg,50000,indoor,false
train_50k_indoor_0016_jpg.rf.reDp8dkRAKJmSoDfuSWt.jpg,50000,indoor,false
train_50k_indoor_0017_jpg.rf.9k45kqYxYiMuq1im7CzM.jpg,50000,indoor,false
train_50k_indoor_0018_jpg.rf.BmctqUcvYphvdLSj8Owd.jpg,50000,indoor,false
train_50k_indoor_0019_jpg.rf.RbWdRQfiSxMK6svvruJ8.jpg,50000,indoor,false
train_50k_indoor_0020_jpg.rf.D20hQQM1HLEV8fKBzMSy.jpg,50000,indoor,false
train_50k_indoor_0021_jpg.rf.2UaLoJ3k8gGBSBEHYl2X.jpg,50000,indoor,false
train_50k_indoor_0022_jpg.rf.sE1NoMEvrMOvBAV8znKs.jpg,50000,indoor,false
train_50k_indoor_0023_jpg.rf.pvVKbJpL25kQolcSMayr.jpg,50000,indoor,false
train_50k_indoor_0024_jpg.rf.9ovrvWdlt06S3qpumz5N.jpg,50000,indoor,false
train_50k_indoor_0025_jpg.rf.0PH07k3XDigUIi5c2azr.jpg,50000,indoor,false
train_50k_indoor_0026_jpg.rf.AapDX5CFfC7wBej3Nv7U.jpg,50000,indoor,false
train_50k_indoor_0027_jpg.rf.otXJYVsqsm36jo3sQece.jpg,50000,indoor,false
train_50k_indoor_0028_jpg.rf.yYZZdYHhVvv4zC71WRxX.jpg,50000,indoor,false
train_50k_indoor_0029_jpg.rf.9kh8yRuPMrdhGHB2YOte.jpg,50000,indoor,false
train_50k_indoor_0030_jpg.rf.cvzaT5FClQ6dNlKHQQ5x.jpg,50000,indoor,false
train_50k_indoor_0031_jpg.rf.5VkaUvvabTsuryS6dtl5.jpg,50000,indoor,false
train_50k_indoor_0032_jpg.rf.R2DUbDBOCk3liIHxMlDu.jpg,50000,indoor,false
train_50k_indoor_0033_jpg.rf.b5QwKszcvBTHJbAZZoPo.jpg,50000,indoor,false
train_50k_indoor_0034_jpg.rf.o0ryMVHRHXdS69gQSwIT.jpg,50000,indoor,false
train_50k_indoor_0035_jpg.rf.H7buivpOQFqaCQnaTdB2.jpg,50000,indoor,false
train_50k_indoor_0036_jpg.rf.3IKd4y15cpdUgYit3Am0.jpg,50000,indoor,false
train_50k_indoor_0037_jpg.rf.hDLIO9GNyESTutgVA1EI.jpg,50000,indoor,false
train_50k_indoor_0038_jpg.rf.r1QNNhttlnXU08eTdqy6.jpg,50000,indoor,false
train_50k_indoor_0039_jpg.rf.ZLl2dbZ24JEzrqLFdoDF.jpg,50000,indoor,false
train_50k_indoor_0040_jpg.rf.eEqHXZNI2HGupaNVe95F.jpg,50000,indoor,false
train_50k_indoor_0041_jpg.rf.vIKJXXTuoEvOG8NEhD4a.jpg,50000,indoor,false
train_50k_indoor_0042_jpg.rf.vXPni2mqsW77EN9WgzHM.jpg,50000,indoor,false
train_50k_indoor_0043_jpg.rf.CW8xMUB7MTme3iSXa0n0.jpg,50000,indoor,false
train_50k_indoor_0044_jpg.rf.ToVw4zhKD9ve5jWtmVj0.jpg,50000,indoor,false
train_50k_indoor_0045_jpg.rf.jPjXuEfBZKlvRzG9vzjv.jpg,50000,indoor,false
train_50k_outdoor_0001_jpg.rf.SYny48rWDkYqPPeeS4kx.jpg,50000,outdoor,false
train_50k_outdoor_0002_jpg.rf.ewncihgHGMXmiFEXexYr.jpg,50000,outdoor,false
train_50k_outdoor_0003_jpg.rf.bLW1ghMe9gJzFGFBkouJ.jpg,50000,outdoor,false
train_50k_outdoor_0004_jpg.rf.yZAQ7C3Xg5GsKC6qqwap.jpg,50000,outdoor,false
train_50k_outdoor_0005_jpg.rf.dEvYzExkOP93gcgreQxV.jpg,50000,outdoor,false
train_50k_outdoor_0006_jpg.rf.q5SifRRgSTHZR5X7FYNn.jpg,50000,outdoor,false
train_50k_outdoor_0007_jpg.rf.D5AtqYUZazvybmUGKlMz.jpg,50000,outdoor,false
train_50k_outdoor_0008_jpg.rf.Ptd0c3eICUkNflMMNlHg.jpg,50000,outdoor,false
train_50k_outdoor_0009_jpg.rf.smB4t1LAccxQAlFTbW8h.jpg,50000,outdoor,false
train_50k_outdoor_0010_jpg.rf.63J2YSWVoQl3GEsHyyK8.jpg,50000,outdoor,false
train_50k_outdoor_0011_jpg.rf.AEkJRhtLdnYDMHg9F9qe.jpg,50000,outdoor,false
train_50k_outdoor_0012_jpg.rf.JHWGQhg0qb4xlbGg2gnS.jpg,50000,outdoor,false
train_50k_outdoor_0013_jpg.rf.957Rsrp5VWUeoS3vqXDY.jpg,50000,outdoor,false
train_50k_outdoor_0014_jpg.rf.Ew2aMuyGwpPsmkragsf1.jpg,50000,outdoor,false
train_50k_outdoor_0015_jpg.rf.gUxmB76gGgNNnfKXvHT1.jpg,50000,outdoor,false
train_50k_outdoor_0016_jpg.rf.QMWSdYIxSPwgjALUimU6.jpg,50000,outdoor,false
train_50k_outdoor_0017_jpg.rf.pZoiMCpI4FnJUdpgC2W4.jpg,50000,outdoor,false
train_50k_outdoor_0018_jpg.rf.mA6LCGpRDqYAXLCLV9H1.jpg,50000,outdoor,false
train_50k_outdoor_0019_jpg.rf.kq36yZmPAZfXsc3SU7J7.jpg,50000,outdoor,false
train_50k_outdoor_0020_jpg.rf.9VWpzXnKFy4i9pjrUqHT.jpg,50000,outdoor,false
train_50k_outdoor_0021_jpg.rf.mUpoBwBmpfoojM2uo7xH.jpg,50000,outdoor,false
train_50k_outdoor_0022_jpg.rf.Tu8UZBZO8m3dYFwtIjxo.jpg,50000,outdoor,false
train_50k_outdoor_0023_jpg.rf.9n9Ai2p0AGPBBtphJCl9.jpg,50000,outdoor,false
train_50k_outdoor_0024_jpg.rf.5NbnAq2Kbgxh3h7TVoDk.jpg,50000,outdoor,false
train_50k_outdoor_0025_jpg.rf.oMpnDybZ6WVmJjuMk0te.jpg,50000,outdoor,false
train_50k_outdoor_0026_jpg.rf.D8x8hYSLZjkTfRBoLtCh.jpg,50000,outdoor,false
train_50k_outdoor_0027_jpg.rf.YYEPJitwRqZXvBDVoDNN.jpg,50000,outdoor,false
train_50k_outdoor_0028_jpg.rf.rG9Qhmlzq2BDyRYHppTZ.jpg,50000,outdoor,false
train_50k_outdoor_0029_jpg.rf.WrBoPetHTwAHRasaMGMS.jpg,50000,outdoor,false
train_50k_outdoor_0030_jpg.rf.iuBQz6EDjjXJNYEN7Gh6.jpg,50000,outdoor,false
train_50k_outdoor_0031_jpg.rf.RlD3x7HWhCMluoyd284a.jpg,50000,outdoor,false
train_50k_outdoor_0032_jpg.rf.kR7fpJMvrtRQQ0nTnvMX.jpg,50000,outdoor,false
train_50k_outdoor_0033_jpg.rf.PzrjZQ5YYfcQHon93KxM.jpg,50000,outdoor,false
train_50k_outdoor_0034_jpg.rf.ledIV5pMJmWgfSfY6LJr.jpg,50000,outdoor,false
train_50k_outdoor_0035_jpg.rf.zey8aOeY23Nfu6eBnNWs.jpg,50000,outdoor,false
train_50k_outdoor_0036_jpg.rf.ijOj874NF7zLERdZr7fn.jpg,50000,outdoor,false
train_50k_outdoor_0037_jpg.rf.IX5r1qu6uhrRB3oM1Byp.jpg,50000,outdoor,false
train_50k_outdoor_0038_jpg.rf.jXAo4J0uczyYb1kAX0Gu.jpg,50000,outdoor,false
train_50k_outdoor_0039_jpg.rf.T2kCj9PFGKP6eIkxpZpG.jpg,50000,outdoor,false
train_50k_outdoor_0040_jpg.rf.mnGn5HryOOaS6smBN7jh.jpg,50000,outdoor,false
train_50k_outdoor_0041_jpg.rf.AY7XUNVWc1MAUrDRBxPc.jpg,50000,outdoor,false
train_50k_outdoor_0042_jpg.rf.wnF0m1s7Td3n1Q28qCzB.jpg,50000,outdoor,false
train_50k_outdoor_0043_jpg.rf.k2be9Emfx6iXa1buDCKv.jpg,50000,outdoor,false
train_50k_outdoor_0044_jpg.rf.LyVnXEa0N6MtzGoKbZq6.jpg,50000,outdoor,false
train_50k_outdoor_0045_jpg.rf.LoZnr7uk7RDWJkcVUg76.jpg,50000,outdoor,false
train_50k_overexposed_0001_jpg.rf.sm1XlJMiOswxfUEyZdV9.jpg,50000,overexposed,false
train_50k_overexposed_0002_jpg.rf.28BBl46JSyoH8XRFrA4P.jpg,50000,overexposed,false
train_50k_overexposed_0003_jpg.rf.JcaiQdK0VOqpLuvUzgKM.jpg,50000,overexposed,false
train_50k_overexposed_0004_jpg.rf.ACfFCzmjXYsiBEiVajih.jpg,50000,overexposed,false
train_50k_overexposed_0005_jpg.rf.5IHnsQCv9NKVKaXqZCBl.jpg,50000,overexposed,false
train_50k_overexposed_0006_jpg.rf.2M4e70dvB3xAQIydE5ez.jpg,50000,overexposed,false
train_50k_overexposed_0007_jpg.rf.JddS5fc5xAXnsu1wAtEo.jpg,50000,overexposed,false
train_50k_overexposed_0008_jpg.rf.dnR6bnsFil17fSUVM3pP.jpg,50000,overexposed,false
train_50k_overexposed_0009_jpg.rf.xwSMtnOru9vng71hW9v6.jpg,50000,overexposed,false
train_50k_overexposed_0010_jpg.rf.BtpTc9WryDHVRLVBksi5.jpg,50000,overexposed,false
train_50k_overexposed_0011_jpg.rf.qDTTA65nXUMKKO6xWZQk.jpg,50000,overexposed,false
train_50k_overexposed_0012_jpg.rf.TeibmNHtCaWpBcHFMeQT.jpg,50000,overexposed,false
train_50k_overexposed_0013_jpg.rf.40wjcu7vit3Vz5eSnusz.jpg,50000,overexposed,false
train_50k_overexposed_0014_jpg.rf.MtrZw72LrHTMC5YM0ccH.jpg,50000,overexposed,false
train_50k_overexposed_0015_jpg.rf.jcGOLZIhx8Ok5KmTK02d.jpg,50000,overexposed,false
train_50k_overexposed_0016_jpg.rf.dThbjRNNK0v7GktUO8XV.jpg,50000,overexposed,false
train_50k_overexposed_0017_jpg.rf.rOYK2BffTW0VHGr13ulr.jpg,50000,overexposed,false
train_50k_overexposed_0018_jpg.rf.1X4Ux3cMVhl02SVW7mMD.jpg,50000,overexposed,false
train_50k_overexposed_0019_jpg.rf.qINqaXt0aD8mtKf9JX6z.jpg,50000,overexposed,false
train_50k_overexposed_0020_jpg.rf.TEtMebVaLeZ4pVcy28vw.jpg,50000,overexposed,false
train_50k_overexposed_0021_jpg.rf.Tfjkpe7K1vzl7EQxVNku.jpg,50000,overexposed,false
train_50k_overexposed_0022_jpg.rf.9LWT9b6DFjjkeGWhqqBJ.jpg,50000,overexposed,false
train_50k_overexposed_0023_jpg.rf.AP0ELQ31ZgYnIGMMJlfx.jpg,50000,overexposed,false
train_50k_overexposed_0024_jpg.rf.Yl4nM5W6vd9cnliUEx2H.jpg,50000,overexposed,false
train_50k_overexposed_0025_jpg.rf.u05KS8J4m1GBK4K2qRX5.jpg,50000,overexposed,false
train_50k_overexposed_0026_jpg.rf.8O7uGKvirgKVrkEV39gc.jpg,50000,overexposed,false
train_50k_overexposed_0027_jpg.rf.XvHDP0aCxHdvP0nYyJ1O.jpg,50000,overexposed,false
train_50k_overexposed_0028_jpg.rf.n4xlTnMakHYH4A2tb2Ph.jpg,50000,overexposed,false
train_50k_overexposed_0029_jpg.rf.81aBTQS42uSavlEi6x41.jpg,50000,overexposed,false
train_50k_overexposed_0030_jpg.rf.KqA0C1s4wR70SPJTc7Ag.jpg,50000,overexposed,false
train_50k_overexposed_0031_jpg.rf.O1fkh56y3PyRg4yaLlYm.jpg,50000,overexposed,false
train_50k_overexposed_0032_jpg.rf.n3TPUYv0Bhx0NZywzdUp.jpg,50000,overexposed,false
train_50k_overexposed_0033_jpg.rf.Yya58zRibzjBLUDUUvbD.jpg,50000,overexposed,false
train_50k_overexposed_0034_jpg.rf.GYCwDLVWwMWwWkcuc3Ym.jpg,50000,overexposed,false
train_50k_overexposed_0035_jpg.rf.Es2ekU4wm32sZIPrq4Is.jpg,50000,overexposed,false
train_50k_torn_clean_0001_jpg.rf.ccRc0VXguCTytX3cDhS1.jpg,50000,torn_clean,true
train_50k_torn_clean_0002_jpg.rf.CiQVJP4Zgxm1tvpmNEVE.jpg,50000,torn_clean,true
train_50k_torn_clean_0003_jpg.rf.IKXYo29l9dE5ZNrEYg0Y.jpg,50000,torn_clean,true
train_50k_torn_clean_0004_jpg.rf.sUhAXQG0QpSVOO6i7Ick.jpg,50000,torn_clean,true
train_50k_torn_clean_0005_jpg.rf.a5dnJ6CzUAz9Qj9N6nwW.jpg,50000,torn_clean,true
train_50k_torn_clean_0006_jpg.rf.kGTLulGp0r0zuxiXtWd2.jpg,50000,torn_clean,true
train_50k_torn_clean_0007_jpg.rf.2tq725NRrv645gxR0eAz.jpg,50000,torn_clean,true
train_50k_torn_clean_0008_jpg.rf.t2TeuJ4xwBhd0HOfF8SW.jpg,50000,torn_clean,true
train_50k_torn_clean_0009_jpg.rf.JIAwWmSVuEgJT8TyittM.jpg,50000,torn_clean,true
train_50k_torn_clean_0010_jpg.rf.H5cNM4NtY3hHVmEBnTvB.jpg,50000,torn_clean,true
train_50k_torn_clean_0011_jpg.rf.ODcGsi9h4mJVkZD5YGa7.jpg,50000,torn_clean,true
train_50k_torn_clean_0012_jpg.rf.3tqo7uarNykddDS48Yaf.jpg,50000,torn_clean,true
train_50k_torn_clean_0013_jpg.rf.Db5ZUYU29PiQ2UmQdm7Q.jpg,50000,torn_clean,true
train_50k_torn_clean_0014_jpg.rf.jJyZMBSW9SpNcBfcE06s.jpg,50000,torn_clean,true
train_50k_torn_clean_0015_jpg.rf.NKOBMgW8bmOH3OWSnrCr.jpg,50000,torn_clean,true
train_50k_torn_clean_0016_jpg.rf.pAbjZ4IT6cav6odqc5Rj.jpg,50000,torn_clean,true
train_50k_torn_clean_0017_jpg.rf.KakURiGixHPtu6rSB556.jpg,50000,torn_clean,true
train_50k_torn_clean_0018_jpg.rf.cadfsN8gAPLPVZDLVm9N.jpg,50000,torn_clean,true
train_50k_torn_clean_0019_jpg.rf.vgl152msiBL1wWcaYtE8.jpg,50000,torn_clean,true
train_50k_torn_clean_0020_jpg.rf.1RyFwcJLHWcLYnjKaVfV.jpg,50000,torn_clean,true
train_50k_torn_clean_0021_jpg.rf.YxGVXyuFjjAnxpX3UliU.jpg,50000,torn_clean,true
train_50k_torn_clean_0022_jpg.rf.2gJaZI94I4xvHrKnFBKX.jpg,50000,torn_clean,true
train_50k_torn_clean_0023_jpg.rf.ohf5rZ3UA5WMxlAiOJke.jpg,50000,torn_clean,true
train_50k_torn_clean_0024_jpg.rf.vSxeOq1w10alAFPhHwOs.jpg,50000,torn_clean,true
train_50k_torn_clean_0025_jpg.rf.pyJKYThqK0EfcEOssy04.jpg,50000,torn_clean,true
train_50k_torn_overexposed_0001_jpg.rf.HqYcTdejX5TblCj9Qw1m.jpg,50000,torn_bright,true
train_50k_torn_overexposed_0002_jpg.rf.Nmf6t6jRRAUp5cP8qilv.jpg,50000,torn_bright,true
train_50k_torn_overexposed_0003_jpg.rf.InN7JC9wTExJ0hb0KSA4.jpg,50000,torn_bright,true
train_50k_torn_overexposed_0004_jpg.rf.qFqOcdI0NpMn3BjtUVgz.jpg,50000,torn_bright,true
train_50k_torn_overexposed_0005_jpg.rf.xoBTSPTvmdgNlBePyhxo.jpg,50000,torn_bright,true
train_50k_torn_overexposed_0006_jpg.rf.6RbK5xkou0CkTYaLEKhr.jpg,50000,torn_bright,true
train_50k_torn_overexposed_0007_jpg.rf.Vfc9X0QZSbVTKjAqhAuc.jpg,50000,torn_bright,true
train_50k_torn_overexposed_0008_jpg.rf.jfY7mAb0TtIlfRzVlGLO.jpg,50000,torn_bright,true
train_50k_torn_overexposed_0009_jpg.rf.5QyRlgli0tBppaj3AhNA.jpg,50000,torn_bright,true
train_50k_torn_overexposed_0010_jpg.rf.Kr3UBdOtElR74Uc6Foon.jpg,50000,torn_bright,true
train_50k_torn_overexposed_0011_jpg.rf.onS6E5TSsgXoRmBZswpt.jpg,50000,torn_bright,true
train_50k_torn_overexposed_0012_jpg.rf.0Ks0X9JQMbyJB2uyk6Vz.jpg,50000,torn_bright,true
train_50k_torn_overexposed_0013_jpg.rf.4yn0mfK7SMhZN25F3aZ9.jpg,50000,torn_bright,true
train_50k_torn_overexposed_0014_jpg.rf.JxZKtgeCE6OOPBRuCUvV.jpg,50000,torn_bright,true
train_50k_torn_overexposed_0015_jpg.rf.cv03pX0H9gKEAFY8v0mj.jpg,50000,torn_bright,true
train_50k_torn_overexposed_0016_jpg.rf.lYTz4A2iOSTDkqUjRTpE.jpg,50000,torn_bright,true
train_50k_torn_overexposed_0017_jpg.rf.ZwUlml4xsKxVBI29vg42.jpg,50000,torn_bright,true
train_50k_torn_overexposed_0018_jpg.rf.9IqtaWl4v6yLIYbMpngZ.jpg,50000,torn_bright,true
train_50k_torn_overexposed_0019_jpg.rf.BTXZ90Nj9D4Qk9Bc3unx.jpg,50000,torn_bright,true
train_50k_torn_overexposed_0020_jpg.rf.0xEjot0gEcD6oTBXHQWF.jpg,50000,torn_bright,true
train_50k_torn_overexposed_0021_jpg.rf.tWAy6ZspEkgIR9ithe6N.jpg,50000,torn_bright,true
train_50k_torn_overexposed_0022_jpg.rf.RUxQRurVE8XM71IkdnLy.jpg,50000,torn_bright,true
train_50k_torn_overexposed_0023_jpg.rf.5bI9SOXUDRBP1REU0tOf.jpg,50000,torn_bright,true
train_50k_torn_overexposed_0024_jpg.rf.n10d3bGIQbfvITDj4m4a.jpg,50000,torn_bright,true
train_50k_torn_overexposed_0025_jpg.rf.04GA6BwOOVv8LlTPanCO.jpg,50000,torn_bright,true
val_100k_backlight_0001_jpg.rf.ETEQrXjYuu3wI72kGyBH.jpg,100000,backlight,false
val_100k_backlight_0002_jpg.rf.LMOEt81yF1KNnYmPVbr2.jpg,100000,backlight,false
val_100k_backlight_0003_jpg.rf.qc44FiR4DRUGqL2jrHyi.jpg,100000,backlight,false
val_100k_backlight_0004_jpg.rf.DFXtAcPjBOTkuC9AVDUi.jpg,100000,backlight,false
val_100k_backlight_0005_jpg.rf.Zql4Yitlggyde3d6vNHl.jpg,100000,backlight,false
val_100k_backlight_0006_jpg.rf.sxHkwiv0DoYTNBKERdM1.jpg,100000,backlight,false
val_100k_backlight_0007_jpg.rf.DlEpussunu40HPl9N0qi.jpg,100000,backlight,false
val_100k_backlight_0008_jpg.rf.H6fLC21kwg2uQdMp0RgF.jpg,100000,backlight,false
val_100k_indoor_0001_jpg.rf.z2HQf5s7Iw4UPtywQt8F.jpg,100000,indoor,false
val_100k_indoor_0002_jpg.rf.lK97FHnuH4G3tplIwG3q.jpg,100000,indoor,false
val_100k_indoor_0003_jpg.rf.Tqx5AEQ7PgNRGtgUJHqy.jpg,100000,indoor,false
val_100k_indoor_0004_jpg.rf.2yfXqxlqZuE1VGvfEYMQ.jpg,100000,indoor,false
val_100k_indoor_0005_jpg.rf.JTRx5ztuluMx95Zm2Nhs.jpg,100000,indoor,false
val_100k_indoor_0006_jpg.rf.X85cQaIfmkA1VdzgtDIV.jpg,100000,indoor,false
val_100k_indoor_0007_jpg.rf.sgv2NZAoYoDXtw0hV8Zi.jpg,100000,indoor,false
val_100k_indoor_0008_jpg.rf.eqwJtTeikg1zJL183j2k.jpg,100000,indoor,false
val_100k_indoor_0009_jpg.rf.d6yz4syqklr96FqDEA44.jpg,100000,indoor,false
val_100k_indoor_0010_jpg.rf.d07YOcM6dR2yuS6XR96m.jpg,100000,indoor,false
val_100k_outdoor_0001_jpg.rf.PcegJhQ9B3WOoyBL9UYU.jpg,100000,outdoor,false
val_100k_outdoor_0002_jpg.rf.ELo0OUnbS5jDqruXA8HZ.jpg,100000,outdoor,false
val_100k_outdoor_0003_jpg.rf.xalXGY5Jz2p2UwhN6SQ6.jpg,100000,outdoor,false
val_100k_outdoor_0004_jpg.rf.Inmt3ycTTQi8DCpNFMLN.jpg,100000,outdoor,false
val_100k_outdoor_0005_jpg.rf.Lxt2XIzpNKCWsmsuyRva.jpg,100000,outdoor,false
val_100k_outdoor_0006_jpg.rf.aNJG6ijFKLR4fXxYOFtS.jpg,100000,outdoor,false
val_100k_outdoor_0007_jpg.rf.oiPOi0Z0dDDV8JAH0Hkz.jpg,100000,outdoor,false
val_100k_outdoor_0008_jpg.rf.7SBxv3WkFgYGQq2HIw1V.jpg,100000,outdoor,false
val_100k_outdoor_0009_jpg.rf.wB8exDslbQoSh779rG79.jpg,100000,outdoor,false
val_100k_outdoor_0010_jpg.rf.i9NzOhq2FACfoxoqAuDv.jpg,100000,outdoor,false
val_100k_overexposed_0001_jpg.rf.cCno5zc0bTma8kfK9RZ6.jpg,100000,overexposed,false
val_100k_overexposed_0002_jpg.rf.6Nwra1p1Epfe6j9PS26w.jpg,100000,overexposed,false
val_100k_overexposed_0003_jpg.rf.EG3Jd7EX25BHQUB7sRaL.jpg,100000,overexposed,false
val_100k_overexposed_0004_jpg.rf.WkFV9E0IXEWZB0lhlgBQ.jpg,100000,overexposed,false
val_100k_overexposed_0005_jpg.rf.QfbUhjSC3ZuhNmSrpUeE.jpg,100000,overexposed,false
val_100k_overexposed_0006_jpg.rf.qICQRJ5LKvUGyHqmGvk3.jpg,100000,overexposed,false
val_100k_overexposed_0007_jpg.rf.TRhySMtT3jkWzTYmPYTo.jpg,100000,overexposed,false
val_100k_overexposed_0008_jpg.rf.VuyMJhgGXAAdiutQZALo.jpg,100000,overexposed,false
val_100k_torn_clean_0001_jpg.rf.j6Q0AKAbTG8HkrgSqxb2.jpg,100000,torn_clean,true
val_100k_torn_clean_0002_jpg.rf.iYSZ9hGcrqPglPWQH1aU.jpg,100000,torn_clean,true
val_100k_torn_clean_0003_jpg.rf.MnYbHIjCZMThJiCWE9uE.jpg,100000,torn_clean,true
val_100k_torn_clean_0004_jpg.rf.3bslchcArJZT6sOwuDbU.jpg,100000,torn_clean,true
val_100k_torn_clean_0005_jpg.rf.ZGRgfh86oqfbIxm49oUV.jpg,100000,torn_clean,true
val_100k_torn_overexposed_0001_jpg.rf.Grdb4SlUNXwaarYA7EiV.jpg,100000,torn_bright,true
val_100k_torn_overexposed_0002_jpg.rf.kUD8jvpaGa1JuzBY3IXd.jpg,100000,torn_bright,true
val_100k_torn_overexposed_0003_jpg.rf.V9byv4fAEGEKPbwjEq31.jpg,100000,torn_bright,true
val_100k_torn_overexposed_0004_jpg.rf.EB4C6su7bTQpItqAnfl1.jpg,100000,torn_bright,true
val_100k_torn_overexposed_0005_jpg.rf.lQIP85vaZ1uNVWLo2w6j.jpg,100000,torn_bright,true
val_10k_backlight_0001_jpg.rf.zAxQYVKbzV7Pz2WqKupI.jpg,10000,backlight,false
val_10k_backlight_0002_jpg.rf.71VkMRICUbUtLcDY7VMN.jpg,10000,backlight,false
val_10k_backlight_0003_jpg.rf.tHPI1TigaGfdAofQM1Ps.jpg,10000,backlight,false
val_10k_backlight_0004_jpg.rf.rA4Ik0BEh8lUscRYjd4R.jpg,10000,backlight,false
val_10k_backlight_0005_jpg.rf.O8I3J7AezffztlYS2uQp.jpg,10000,backlight,false
val_10k_backlight_0006_jpg.rf.5FUsYXgyjbQY5WdJx4yS.jpg,10000,backlight,false
val_10k_backlight_0007_jpg.rf.XxGG65cGvldFmoMoy5PU.jpg,10000,backlight,false
val_10k_backlight_0008_jpg.rf.WS63VJPreE7gEDCtpZr1.jpg,10000,backlight,false
val_10k_indoor_0001_jpg.rf.ye6Ys7BbAmBPN5lDeaAe.jpg,10000,indoor,false
val_10k_indoor_0002_jpg.rf.FnyVYucz04nt6VpRl66t.jpg,10000,indoor,false
val_10k_indoor_0003_jpg.rf.R0swkkCZeHGuXkEzElZb.jpg,10000,indoor,false
val_10k_indoor_0004_jpg.rf.F9HIpEjEerfigftvtMru.jpg,10000,indoor,false
val_10k_indoor_0005_jpg.rf.Xf7ZUZgcBq6MD1X75cRJ.jpg,10000,indoor,false
val_10k_indoor_0006_jpg.rf.65CBbJyU49bAyHttAqUq.jpg,10000,indoor,false
val_10k_indoor_0007_jpg.rf.Uf9PKnLjxuUZV1m5KEie.jpg,10000,indoor,false
val_10k_indoor_0008_jpg.rf.7NyWmXi0uVXX11YoqEMU.jpg,10000,indoor,false
val_10k_indoor_0009_jpg.rf.1xsPqTyBMJASAx0THAkp.jpg,10000,indoor,false
val_10k_indoor_0010_jpg.rf.0YfLALeyU4cUc5nhgaZ6.jpg,10000,indoor,false
val_10k_outdoor_0001_jpg.rf.1cNtQEiQPA2FE2AX0B10.jpg,10000,outdoor,false
val_10k_outdoor_0002_jpg.rf.P25c08yCS3ForMkibOyq.jpg,10000,outdoor,false
val_10k_outdoor_0003_jpg.rf.l3L0iBFp7toHfSSqSLop.jpg,10000,outdoor,false
val_10k_outdoor_0004_jpg.rf.IsfemLudFcTIspzwywKT.jpg,10000,outdoor,false
val_10k_outdoor_0005_jpg.rf.vNo3fwyYHhtinduc0elD.jpg,10000,outdoor,false
val_10k_outdoor_0006_jpg.rf.L269241ofNjaGVwr6SN6.jpg,10000,outdoor,false
val_10k_outdoor_0007_jpg.rf.Gzab2viync8TuazoIndJ.jpg,10000,outdoor,false
val_10k_outdoor_0008_jpg.rf.5vDAnv2YgNTYRzvEfyi6.jpg,10000,outdoor,false
val_10k_outdoor_0009_jpg.rf.riUvpI0Pe4WKnGwAazK5.jpg,10000,outdoor,false
val_10k_outdoor_0010_jpg.rf.PXawWfWELO7F6oocEL6A.jpg,10000,outdoor,false
val_10k_overexposed_0001_jpg.rf.IBqvane2m60OCdELoSyO.jpg,10000,overexposed,false
val_10k_overexposed_0002_jpg.rf.lErqgzYvjRtM9VqNFcvl.jpg,10000,overexposed,false
val_10k_overexposed_0003_jpg.rf.pwPN603zHHWEITIwNzaY.jpg,10000,overexposed,false
val_10k_overexposed_0004_jpg.rf.g6ZZB9Su4jsirKoTwHSc.jpg,10000,overexposed,false
val_10k_overexposed_0005_jpg.rf.sKXXlgInU7CH68jYMWza.jpg,10000,overexposed,false
val_10k_overexposed_0006_jpg.rf.DXJFCMNRaYZ2Xny6Njj3.jpg,10000,overexposed,false
val_10k_overexposed_0007_jpg.rf.qg4lA0rd9Kj4ENfWvrJ4.jpg,10000,overexposed,false
val_10k_overexposed_0008_jpg.rf.ETfg0ELyB3W7MM9bzmZi.jpg,10000,overexposed,false
val_10k_torn_clean_0001_jpg.rf.ABjx40mByFmvZ14rBbrF.jpg,10000,torn_clean,true
val_10k_torn_clean_0002_jpg.rf.HfIVh3NzLhzBY04ZcAgV.jpg,10000,torn_clean,true
val_10k_torn_clean_0003_jpg.rf.9b0LpbAPLaF0C7ILB9ay.jpg,10000,torn_clean,true
val_10k_torn_clean_0004_jpg.rf.6aLhhLJH6EWUOji8AhJx.jpg,10000,torn_clean,true
val_10k_torn_clean_0005_jpg.rf.AyHScQ6MJdlgcC3zJ1ZO.jpg,10000,torn_clean,true
val_10k_torn_overexposed_0001_jpg.rf.Tptk3FeBMK9hdBNTu6cx.jpg,10000,torn_bright,true
val_10k_torn_overexposed_0002_jpg.rf.gVBjPPMPrp8o2SLFK97Q.jpg,10000,torn_bright,true
val_10k_torn_overexposed_0003_jpg.rf.OS5jH3bv7OmyWvQsWqns.jpg,10000,torn_bright,true
val_10k_torn_overexposed_0004_jpg.rf.FEYjQVFTemdHU608oYJq.jpg,10000,torn_bright,true
val_10k_torn_overexposed_0005_jpg.rf.BkWdab5JnwoBgnIVmvKE.jpg,10000,torn_bright,true
val_200k_backlight_0001_jpg.rf.ljl1tDPRUTVHydTeZFTf.jpg,200000,backlight,false
val_200k_backlight_0002_jpg.rf.rUukiIpv9W3fYJBE2alU.jpg,200000,backlight,false
val_200k_backlight_0003_jpg.rf.wNYdKffDEObzar4EldXI.jpg,200000,backlight,false
val_200k_backlight_0004_jpg.rf.meZjbsdCX2gf3oFTThNW.jpg,200000,backlight,false
val_200k_backlight_0005_jpg.rf.ZSrahCvMEOrBvKc9SCg1.jpg,200000,backlight,false
val_200k_backlight_0006_jpg.rf.abpUniv5D0P33bxVtS7L.jpg,200000,backlight,false
val_200k_backlight_0007_jpg.rf.no7SjptjnAiei5WEmVut.jpg,200000,backlight,false
val_200k_backlight_0008_jpg.rf.D4Wr6HIMhG94jjebRGR8.jpg,200000,backlight,false
val_200k_indoor_0001_jpg.rf.qCSV1rwdD6o6agntzEVD.jpg,200000,indoor,false
val_200k_indoor_0002_jpg.rf.WtemaMczaQRsaZ2bpAXp.jpg,200000,indoor,false
val_200k_indoor_0003_jpg.rf.zHjAmIJnZdOMifidK6mM.jpg,200000,indoor,false
val_200k_indoor_0004_jpg.rf.9eWHyH6U4HszmzT9tRfG.jpg,200000,indoor,false
val_200k_indoor_0005_jpg.rf.sm6IRCSPebOwNemDh0OJ.jpg,200000,indoor,false
val_200k_indoor_0006_jpg.rf.58aWX0pDYhTsfVo858eM.jpg,200000,indoor,false
val_200k_indoor_0007_jpg.rf.afpIzlav4HBhrTwCwUOG.jpg,200000,indoor,false
val_200k_indoor_0008_jpg.rf.M7bFcegFx0kythAJ0S6L.jpg,200000,indoor,false
val_200k_indoor_0009_jpg.rf.FK6NHUnYh6fOHzPRfeHC.jpg,200000,indoor,false
val_200k_indoor_0010_jpg.rf.tH6GhcjtqCPrbAC8ClAa.jpg,200000,indoor,false
val_200k_outdoor_0001_jpg.rf.5YgtWA2DtLLl690apWLg.jpg,200000,outdoor,false
val_200k_outdoor_0002_jpg.rf.2ckw4KbeEllFEYKsy3xQ.jpg,200000,outdoor,false
val_200k_outdoor_0003_jpg.rf.CGL36JDBB1sbTJrMpbNK.jpg,200000,outdoor,false
val_200k_outdoor_0004_jpg.rf.8hpl05F4uVzZFZvhnIpN.jpg,200000,outdoor,false
val_200k_outdoor_0005_jpg.rf.uXkDLnvl3GTFAClTrY2V.jpg,200000,outdoor,false
val_200k_outdoor_0006_jpg.rf.92RCLMsyyWanylCDRvkR.jpg,200000,outdoor,false
val_200k_outdoor_0007_jpg.rf.0O4dMAjCiB61czIBrbdO.jpg,200000,outdoor,false
val_200k_outdoor_0008_jpg.rf.3vTvMl4TlAZ9HMOx5Pf6.jpg,200000,outdoor,false
val_200k_outdoor_0009_jpg.rf.6Ykpxi3pu69haLrbMdeE.jpg,200000,outdoor,false
val_200k_outdoor_0010_jpg.rf.7oDT9MW5X82zgsu9lmef.jpg,200000,outdoor,false
val_200k_overexposed_0001_jpg.rf.aDcP7TEo7QO9DdDEp6Al.jpg,200000,overexposed,false
val_200k_overexposed_0002_jpg.rf.BeyK40bASWQ6uYU9EOV2.jpg,200000,overexposed,false
val_200k_overexposed_0003_jpg.rf.gznjMqaClTBx2SSMcDn4.jpg,200000,overexposed,false
val_200k_overexposed_0004_jpg.rf.R7MNfaqenmLnjTcnhFSk.jpg,200000,overexposed,false
val_200k_overexposed_0005_jpg.rf.D1BtFkGRwvAOspvt1U1O.jpg,200000,overexposed,false
val_200k_overexposed_0006_jpg.rf.DjDO6khYahtsdWu3Dq6j.jpg,200000,overexposed,false
val_200k_overexposed_0007_jpg.rf.uFc5JE1WViuKdNydGQEG.jpg,200000,overexposed,false
val_200k_overexposed_0008_jpg.rf.RgYtToLtB1dtJTHtk54W.jpg,200000,overexposed,false
val_200k_torn_clean_0001_jpg.rf.xbFgGOUapqB6Ntha0Ft7.jpg,200000,torn_clean,true
val_200k_torn_clean_0002_jpg.rf.x0dS6RNVSbmdQxSnTMee.jpg,200000,torn_clean,true
val_200k_torn_clean_0003_jpg.rf.f72wNTf7OyWcgfKlDwps.jpg,200000,torn_clean,true
val_200k_torn_clean_0004_jpg.rf.bmtVjTQib25g8N0gTm1n.jpg,200000,torn_clean,true
val_200k_torn_clean_0005_jpg.rf.ZAjA5kgpCN3PyzuFtdDT.jpg,200000,torn_clean,true
val_200k_torn_overexposed_0001_jpg.rf.9ZpSiBU1aVMja3VZ2871.jpg,200000,torn_bright,true
val_200k_torn_overexposed_0002_jpg.rf.aSExDzQ2W8jPsoqz2rJT.jpg,200000,torn_bright,true
val_200k_torn_overexposed_0003_jpg.rf.D0A2GEgEOdaF1ZT14Y6V.jpg,200000,torn_bright,true
val_200k_torn_overexposed_0004_jpg.rf.qFjq1eycyAePnXelBLxR.jpg,200000,torn_bright,true
val_200k_torn_overexposed_0005_jpg.rf.H0OP85rk4Xfe1dYyYXie.jpg,200000,torn_bright,true
val_20k_backlight_0001_jpg.rf.KF2LinfClE09r1wBduOU.jpg,20000,backlight,false
val_20k_backlight_0002_jpg.rf.5XXQy3NXZKfT33MxNyMZ.jpg,20000,backlight,false
val_20k_backlight_0003_jpg.rf.p28Ed2pGu3oP5RRNYnXF.jpg,20000,backlight,false
val_20k_backlight_0004_jpg.rf.wZLMybgDKEWsuQbD4MEr.jpg,20000,backlight,false
val_20k_backlight_0005_jpg.rf.sMv7OMEOd1kPPxORJY3B.jpg,20000,backlight,false
val_20k_backlight_0006_jpg.rf.40DG4q9LMg429KFofc3G.jpg,20000,backlight,false
val_20k_backlight_0007_jpg.rf.Sj2MDSzeeGJHNez2Qx9D.jpg,20000,backlight,false
val_20k_backlight_0008_jpg.rf.6KLt4uLVa2CdoCNoITuX.jpg,20000,backlight,false
val_20k_indoor_0001_jpg.rf.UubeKihPGhchn5NEyjMk.jpg,20000,indoor,false
val_20k_indoor_0002_jpg.rf.SiWz4J3sb1EtgUAjs0mD.jpg,20000,indoor,false
val_20k_indoor_0003_jpg.rf.vzRnSChgRyCGHQYNdS0i.jpg,20000,indoor,false
val_20k_indoor_0004_jpg.rf.qBzP5FFIgSs8Gc9JtEFo.jpg,20000,indoor,false
val_20k_indoor_0005_jpg.rf.fpzVShQk2XkEckVDkBQ7.jpg,20000,indoor,false
val_20k_indoor_0006_jpg.rf.NyiTzoVXkmYNdJ9qKLnO.jpg,20000,indoor,false
val_20k_indoor_0007_jpg.rf.Oet24y0M0pZGGoC9sek8.jpg,20000,indoor,false
val_20k_indoor_0008_jpg.rf.2yBkJ73LWUgS71qIQJt5.jpg,20000,indoor,false
val_20k_indoor_0009_jpg.rf.5STogJBFdJW6lvt5BtgC.jpg,20000,indoor,false
val_20k_indoor_0010_jpg.rf.PMVdC3oBjlhuTbCAXIdP.jpg,20000,indoor,false
val_20k_outdoor_0001_jpg.rf.DQzbDv4YYgDHYnnlDXZp.jpg,20000,outdoor,false
val_20k_outdoor_0002_jpg.rf.9pRq0swJuejkiwzLmLWK.jpg,20000,outdoor,false
val_20k_outdoor_0003_jpg.rf.ngY1IrcCX1hoZNCOi8R1.jpg,20000,outdoor,false
val_20k_outdoor_0004_jpg.rf.HOJkkWkc58IF5vGx39YC.jpg,20000,outdoor,false
val_20k_outdoor_0005_jpg.rf.GyDR7QypD14uv9jle2Wa.jpg,20000,outdoor,false
val_20k_outdoor_0006_jpg.rf.UUZA05rI8jOlwS20eU42.jpg,20000,outdoor,false
val_20k_outdoor_0007_jpg.rf.ZhX2NwIJQdoTcYQrqzNt.jpg,20000,outdoor,false
val_20k_outdoor_0008_jpg.rf.JIvhPNj6jdWKAdIlstBJ.jpg,20000,outdoor,false
val_20k_outdoor_0009_jpg.rf.0RA2PPEPiGHfHgPnsSXX.jpg,20000,outdoor,false
val_20k_outdoor_0010_jpg.rf.nkh0Gn6GepcdRyulRady.jpg,20000,outdoor,false
val_20k_overexposed_0001_jpg.rf.Q0Ae7dtYTGJUDcsPNI0R.jpg,20000,overexposed,false
val_20k_overexposed_0002_jpg.rf.Cq87mruhyzfms7lAq1BY.jpg,20000,overexposed,false
val_20k_overexposed_0003_jpg.rf.6cy3RONDJUo1wuB5fYCg.jpg,20000,overexposed,false
val_20k_overexposed_0004_jpg.rf.iD7UoIJo0NBwq44t02w5.jpg,20000,overexposed,false
val_20k_overexposed_0005_jpg.rf.vFPsv86ANL1NWo0EirZ1.jpg,20000,overexposed,false
val_20k_overexposed_0006_jpg.rf.QVsmzNb8fGGKw26TEveC.jpg,20000,overexposed,false
val_20k_overexposed_0007_jpg.rf.zYmzscU49cY9iHhrSAQg.jpg,20000,overexposed,false
val_20k_overexposed_0008_jpg.rf.vYrrO5yzHgk9GolL2vAq.jpg,20000,overexposed,false
val_20k_torn_clean_0001_jpg.rf.PvWY6mv7L0RafLQc8S8S.jpg,20000,torn_clean,true
val_20k_torn_clean_0002_jpg.rf.bddn6gp8FHCGaHTNPxCB.jpg,20000,torn_clean,true
val_20k_torn_clean_0003_jpg.rf.nG5VcMayra24aP7ehat9.jpg,20000,torn_clean,true
val_20k_torn_clean_0004_jpg.rf.sZCbxlWtX3dIKjnjk3gv.jpg,20000,torn_clean,true
val_20k_torn_clean_0005_jpg.rf.aAz36CjwBFT7gWXwSrfD.jpg,20000,torn_clean,true
val_20k_torn_overexposed_0001_jpg.rf.W0znTPRoV2vPfI16i8s0.jpg,20000,torn_bright,true
val_20k_torn_overexposed_0002_jpg.rf.H8veXbEuFyPIwUG2t0B5.jpg,20000,torn_bright,true
val_20k_torn_overexposed_0003_jpg.rf.RM0U1YHM6i7xMvYQKyuU.jpg,20000,torn_bright,true
val_20k_torn_overexposed_0004_jpg.rf.Vw02kIt0nWREWgD2peLC.jpg,20000,torn_bright,true
val_20k_torn_overexposed_0005_jpg.rf.SG7jqZGAt3AFL42DhXEE.jpg,20000,torn_bright,true
val_500k_backlight_0001_jpg.rf.hrAQzBqb1Uu8o0eRgqL3.jpg,500000,backlight,false
val_500k_backlight_0002_jpg.rf.ArMTvTvsVOv0hyYkEIpP.jpg,500000,backlight,false
val_500k_backlight_0003_jpg.rf.ZwNGFWa9SdVRoAbdRtKU.jpg,500000,backlight,false
val_500k_backlight_0004_jpg.rf.HotOe0eBy1pL19y3raSS.jpg,500000,backlight,false
val_500k_backlight_0005_jpg.rf.wzaS6rHEg6cps6BQODB3.jpg,500000,backlight,false
val_500k_backlight_0006_jpg.rf.1QmVXE0ItoVDED3hVm7j.jpg,500000,backlight,false
val_500k_backlight_0007_jpg.rf.BvsKHoILS9dJHreqSiAo.jpg,500000,backlight,false
val_500k_backlight_0008_jpg.rf.C7FJUYUhYLThm5SEWrqX.jpg,500000,backlight,false
val_500k_indoor_0001_jpg.rf.vCXNeI8PHiK7gD9PPBp5.jpg,500000,indoor,false
val_500k_indoor_0002_jpg.rf.poBPlvbM74mg8ZRLx25a.jpg,500000,indoor,false
val_500k_indoor_0003_jpg.rf.aPdT9ULnYzI5d7QnqZOj.jpg,500000,indoor,false
val_500k_indoor_0004_jpg.rf.mA7ryYLitap39FATeeiE.jpg,500000,indoor,false
val_500k_indoor_0005_jpg.rf.SINQs2rGawSqg4ufVPwu.jpg,500000,indoor,false
val_500k_indoor_0006_jpg.rf.vkuNiWrVvfNfo3rvvdj6.jpg,500000,indoor,false
val_500k_indoor_0007_jpg.rf.YAU8sdnoM7437slivnMr.jpg,500000,indoor,false
val_500k_indoor_0008_jpg.rf.Ypfp6yqEaWtBbf75LKbU.jpg,500000,indoor,false
val_500k_indoor_0009_jpg.rf.SXn5k5jRbdwSaHNDeYK7.jpg,500000,indoor,false
val_500k_indoor_0010_jpg.rf.831LC40BwOKVoqdUEebo.jpg,500000,indoor,false
val_500k_outdoor_0001_jpg.rf.RrOaK6OL25hRR95xVdBS.jpg,500000,outdoor,false
val_500k_outdoor_0002_jpg.rf.hyKZjeK0sVfYOGtmyL3H.jpg,500000,outdoor,false
val_500k_outdoor_0003_jpg.rf.Y33xE6gd8FcMbiZxV6ST.jpg,500000,outdoor,false
val_500k_outdoor_0004_jpg.rf.qtpQDIfeDtHRo7XC7RNK.jpg,500000,outdoor,false
val_500k_outdoor_0005_jpg.rf.0JxY5ok8ihzRAu139HhL.jpg,500000,outdoor,false
val_500k_outdoor_0006_jpg.rf.zgCDTXTsTU4nkgsxy1Oo.jpg,500000,outdoor,false
val_500k_outdoor_0007_jpg.rf.iI1ehG3O9kjHPa7X0bip.jpg,500000,outdoor,false
val_500k_outdoor_0008_jpg.rf.kzyZnsAFujZsTsYnlRQL.jpg,500000,outdoor,false
val_500k_outdoor_0009_jpg.rf.02Zn5t0U69yfux39ucEo.jpg,500000,outdoor,false
val_500k_outdoor_0010_jpg.rf.AjVIZ3tQgNsnIjUqYVQf.jpg,500000,outdoor,false
val_500k_overexposed_0001_jpg.rf.jE4bAMqKoGrW7K5MhkLP.jpg,500000,overexposed,false
val_500k_overexposed_0002_jpg.rf.7umrdQW7ebqjuMZ1s5Dp.jpg,500000,overexposed,false
val_500k_overexposed_0003_jpg.rf.jtYR34N6BDpIzSoUH1gO.jpg,500000,overexposed,false
val_500k_overexposed_0004_jpg.rf.a2V9bMTZsI1PyBfsdVtR.jpg,500000,overexposed,false
val_500k_overexposed_0005_jpg.rf.UpEyDcPgMKuD6AvKpfoR.jpg,500000,overexposed,false
val_500k_overexposed_0006_jpg.rf.yG4ZMziXqACOhVK675SP.jpg,500000,overexposed,false
val_500k_overexposed_0007_jpg.rf.ssW8V2Yc31DtBuhhNwyz.jpg,500000,overexposed,false
val_500k_overexposed_0008_jpg.rf.lvyYrKuhCJ6GRv4zibs5.jpg,500000,overexposed,false
val_500k_torn_clean_0001_jpg.rf.NkJZtzmGqdWhEVKfnX50.jpg,500000,torn_clean,true
val_500k_torn_clean_0002_jpg.rf.l2EENgY3NigI4ZGr7CWe.jpg,500000,torn_clean,true
val_500k_torn_clean_0003_jpg.rf.b4bFXjHh5nUo9ljikw7h.jpg,500000,torn_clean,true
val_500k_torn_clean_0004_jpg.rf.JmfKoMQmrVD4qB9gPLr0.jpg,500000,torn_clean,true
val_500k_torn_clean_0005_jpg.rf.5X0p0lHjK6yZAv2saZZD.jpg,500000,torn_clean,true
val_500k_torn_overexposed_0001_jpg.rf.D2heO6vAlSDtEdzsqs4x.jpg,500000,torn_bright,true
val_500k_torn_overexposed_0002_jpg.rf.HUgC0HqDwLWGdzwtC1Dh.jpg,500000,torn_bright,true
val_500k_torn_overexposed_0003_jpg.rf.dsdYpDtFR7tMCNCOJUd8.jpg,500000,torn_bright,true
val_500k_torn_overexposed_0004_jpg.rf.9K6iLA6Zun9erwZfbThU.jpg,500000,torn_bright,true
val_500k_torn_overexposed_0005_jpg.rf.E4tUlw41V1jJqUgE6Dqn.jpg,500000,torn_bright,true
val_50k_backlight_0001_jpg.rf.mbHxOFfsmVit22oRbwLl.jpg,50000,backlight,false
val_50k_backlight_0002_jpg.rf.cT6w3IaXF92EcLOubdwA.jpg,50000,backlight,false
val_50k_backlight_0003_jpg.rf.TQ2cntMPZKDXolO8D579.jpg,50000,backlight,false
val_50k_backlight_0004_jpg.rf.lClZmJarjX9ILLSsOf8i.jpg,50000,backlight,false
val_50k_backlight_0005_jpg.rf.3pfLAN67VRjkEAWgtAPa.jpg,50000,backlight,false
val_50k_backlight_0006_jpg.rf.iyY2j1IQrXXxCFdLSH1v.jpg,50000,backlight,false
val_50k_backlight_0007_jpg.rf.kMwRz8buLpGLQq2sCc09.jpg,50000,backlight,false
val_50k_backlight_0008_jpg.rf.t5owx7r6aSljRjoqvlA5.jpg,50000,backlight,false
val_50k_indoor_0001_jpg.rf.TsFcprj9bKdGPKUfgbSi.jpg,50000,indoor,false
val_50k_indoor_0002_jpg.rf.zgevM7Zl1NAoxmn1WtcR.jpg,50000,indoor,false
val_50k_indoor_0003_jpg.rf.1WJKbPIpPdkA3XofV75t.jpg,50000,indoor,false
val_50k_indoor_0004_jpg.rf.SiRnfR0WiexqjNF2hG15.jpg,50000,indoor,false
val_50k_indoor_0005_jpg.rf.1tlfW9oQCpoSrpUXIdo3.jpg,50000,indoor,false
val_50k_indoor_0006_jpg.rf.hXUfRjjuHMjh9VZXPciv.jpg,50000,indoor,false
val_50k_indoor_0007_jpg.rf.U9RCVUYKZMQLCDMk7dbs.jpg,50000,indoor,false
val_50k_indoor_0008_jpg.rf.1ZKBAHXbKNhO8Z767WV5.jpg,50000,indoor,false
val_50k_indoor_0009_jpg.rf.tBVnhN7gz7DsmlqrBve4.jpg,50000,indoor,false
val_50k_indoor_0010_jpg.rf.ya512BZCGYAhCvTGLspU.jpg,50000,indoor,false
val_50k_outdoor_0001_jpg.rf.6Nl7HuCcrrfziHk8MhoB.jpg,50000,outdoor,false
val_50k_outdoor_0002_jpg.rf.EoLCGsQOJRnIhN8Dpufk.jpg,50000,outdoor,false
val_50k_outdoor_0003_jpg.rf.PBaGKtsNtuP1gGxt8LNe.jpg,50000,outdoor,false
val_50k_outdoor_0004_jpg.rf.OOGmTkCDYDDIs6cLKOnW.jpg,50000,outdoor,false
val_50k_outdoor_0005_jpg.rf.JVzziAchu1dTdSHzSPB8.jpg,50000,outdoor,false
val_50k_outdoor_0006_jpg.rf.zuTosz7CAZrBq6YePJfW.jpg,50000,outdoor,false
val_50k_outdoor_0007_jpg.rf.hZ8cHT6kZu2UyIAptUWV.jpg,50000,outdoor,false
val_50k_outdoor_0008_jpg.rf.BVXXQxpmMS717B5JhYLx.jpg,50000,outdoor,false
val_50k_outdoor_0009_jpg.rf.dJlwq7Y2zYTkZ8GjOhX2.jpg,50000,outdoor,false
val_50k_outdoor_0010_jpg.rf.3ijGZtCfWd7XgHIg9ETQ.jpg,50000,outdoor,false
val_50k_overexposed_0001_jpg.rf.HFyTuJhWOZW5iK3F0w0H.jpg,50000,overexposed,false
val_50k_overexposed_0002_jpg.rf.W7KYkKO5micoOanOYjx7.jpg,50000,overexposed,false
val_50k_overexposed_0003_jpg.rf.n6eKpgJQYQLuG8bTXnwQ.jpg,50000,overexposed,false
val_50k_overexposed_0004_jpg.rf.wAJzBQFlX9UP9A9cnxSx.jpg,50000,overexposed,false
val_50k_overexposed_0005_jpg.rf.wrcmPYb9ZuNOR3FEc32G.jpg,50000,overexposed,false
val_50k_overexposed_0006_jpg.rf.z73HMeYzD31UVsMNmhq4.jpg,50000,overexposed,false
val_50k_overexposed_0007_jpg.rf.SUzAEqqW3f0c8ryE8xKh.jpg,50000,overexposed,false
val_50k_overexposed_0008_jpg.rf.ajU7nDgN4Xx8WHb2CfnX.jpg,50000,overexposed,false
val_50k_torn_clean_0001_jpg.rf.sxoDm2kujHrrZBeZyDoQ.jpg,50000,torn_clean,true
val_50k_torn_clean_0002_jpg.rf.hZcDGZ6p8YwTYAm78lb2.jpg,50000,torn_clean,true
val_50k_torn_clean_0003_jpg.rf.TXltlKrQZJnfhvzksxyf.jpg,50000,torn_clean,true
val_50k_torn_clean_0004_jpg.rf.hRsTMh4ZtIZeDKZHTYZV.jpg,50000,torn_clean,true
val_50k_torn_clean_0005_jpg.rf.1mLBnQEs1nRIt4UnrIxC.jpg,50000,torn_clean,true
val_50k_torn_overexposed_0001_jpg.rf.TExHdeCUtsw3XTsAwsU0.jpg,50000,torn_bright,true
val_50k_torn_overexposed_0002_jpg.rf.jNdm18xm4IdIYX5nXqJq.jpg,50000,torn_bright,true
val_50k_torn_overexposed_0003_jpg.rf.vPtvlEHW0JoqS7XyEt4q.jpg,50000,torn_bright,true
val_50k_torn_overexposed_0004_jpg.rf.P6bPVBs2WGcfkldGUlvS.jpg,50000,torn_bright,true
val_50k_torn_overexposed_0005_jpg.rf.JbDa9awelRzPJ31E1F1z.jpg,50000,torn_bright,true
test_100k_backlight_0001_jpg.rf.BHZjVV9XG9BOqBe1BsPV.jpg,100000,backlight,false
test_100k_backlight_0002_jpg.rf.UWpC4SKxdQwncBJbz2Ou.jpg,100000,backlight,false
test_100k_backlight_0003_jpg.rf.Sf00joPECaaeWehRdj5S.jpg,100000,backlight,false
test_100k_backlight_0004_jpg.rf.aZv19W2bTvRrICy8qtt6.jpg,100000,backlight,false
test_100k_backlight_0005_jpg.rf.dqRyOiEHZ1ZstSL4mPDv.jpg,100000,backlight,false
test_100k_backlight_0006_jpg.rf.X0AxRd5RID2Bdkt63FIh.jpg,100000,backlight,false
test_100k_backlight_0007_jpg.rf.6EhE1dtV7j8TToqhSlsr.jpg,100000,backlight,false
test_100k_backlight_0008_jpg.rf.eBPpsUPGHkva6OMVvJHW.jpg,100000,backlight,false
test_100k_indoor_0001_jpg.rf.tDmLaGYFAv6c7mR5DIWf.jpg,100000,indoor,false
test_100k_indoor_0002_jpg.rf.YhFdE92IWm4I6IUzf4tx.jpg,100000,indoor,false
test_100k_indoor_0003_jpg.rf.f4m24ae5bVsaj6DBs1Vl.jpg,100000,indoor,false
test_100k_indoor_0004_jpg.rf.hLOECRj50JLz97GGbAZP.jpg,100000,indoor,false
test_100k_indoor_0005_jpg.rf.lHxmlN4ApdXuvxmMUXKh.jpg,100000,indoor,false
test_100k_indoor_0006_jpg.rf.q0ulRhSfC5LXrf4YziGZ.jpg,100000,indoor,false
test_100k_indoor_0007_jpg.rf.3JObxoezlff0xrjICZTE.jpg,100000,indoor,false
test_100k_indoor_0008_jpg.rf.el39Q56iaRvepP6eLvD3.jpg,100000,indoor,false
test_100k_indoor_0009_jpg.rf.DGHJYso9XaSXlCl1qHyv.jpg,100000,indoor,false
test_100k_indoor_0010_jpg.rf.H0Jwgo8Xd72Ak6hsGkGR.jpg,100000,indoor,false
test_100k_outdoor_0001_jpg.rf.49DNuirDnelASkED5uju.jpg,100000,outdoor,false
test_100k_outdoor_0002_jpg.rf.uHWCrCMB3I2Gwyputcyh.jpg,100000,outdoor,false
test_100k_outdoor_0003_jpg.rf.ZLRyqL6qUFklUqOQSkZx.jpg,100000,outdoor,false
test_100k_outdoor_0004_jpg.rf.RHIo0q6OuQ8dIx4mkFxJ.jpg,100000,outdoor,false
test_100k_outdoor_0005_jpg.rf.jbsJdIb2mlZVVQJ0sySp.jpg,100000,outdoor,false
test_100k_outdoor_0006_jpg.rf.vzj2r56s1s9Gi6jTl0rT.jpg,100000,outdoor,false
test_100k_outdoor_0007_jpg.rf.wUVRx2jXIFMfqRx6ms8b.jpg,100000,outdoor,false
test_100k_outdoor_0008_jpg.rf.VcJk0WPkUBVsgnzGfS9j.jpg,100000,outdoor,false
test_100k_outdoor_0009_jpg.rf.mPROXrXzEhz4BA8Y0rWW.jpg,100000,outdoor,false
test_100k_outdoor_0010_jpg.rf.jVmyQHs5Z0JvqmGp3bnE.jpg,100000,outdoor,false
test_100k_overexposed_0001_jpg.rf.S4xuM2yK9Sat4iqMjPqI.jpg,100000,overexposed,false
test_100k_overexposed_0002_jpg.rf.tcHdm9ll3uFtzYGQkooa.jpg,100000,overexposed,false
test_100k_overexposed_0003_jpg.rf.Hk6KEnBpfCykyd2u8NrZ.jpg,100000,overexposed,false
test_100k_overexposed_0004_jpg.rf.U960DjRVucxhZxPJz9Rx.jpg,100000,overexposed,false
test_100k_overexposed_0005_jpg.rf.jtLWLfXJsBhdrLxerLGi.jpg,100000,overexposed,false
test_100k_overexposed_0006_jpg.rf.A42jQ2eLbOJ0KDGAZJG9.jpg,100000,overexposed,false
test_100k_overexposed_0007_jpg.rf.fOvjzYK4jJp0hwjWz7qv.jpg,100000,overexposed,false
test_100k_overexposed_0008_jpg.rf.Q0T91Lt12bt383Ndusuo.jpg,100000,overexposed,false
test_100k_torn_clean_0001_jpg.rf.KASBCPto9ObZsED68B5N.jpg,100000,torn_clean,true
test_100k_torn_clean_0002_jpg.rf.CQgkicUOFQYhlkPkFttM.jpg,100000,torn_clean,true
test_100k_torn_clean_0003_jpg.rf.67KAly3CrgRpCIHBMejZ.jpg,100000,torn_clean,true
test_100k_torn_clean_0004_jpg.rf.4hDD5frnBQpYqgtJrwTg.jpg,100000,torn_clean,true
test_100k_torn_clean_0005_jpg.rf.ISlsEBtYAur8u9N0CLD0.jpg,100000,torn_clean,true
test_100k_torn_overexposed_0001_jpg.rf.CnMdVSAlAmUlbSzP3uVT.jpg,100000,torn_bright,true
test_100k_torn_overexposed_0002_jpg.rf.QPEgu869sSBA2iOdQ94T.jpg,100000,torn_bright,true
test_100k_torn_overexposed_0003_jpg.rf.yzfXB8YFFaHcl6icPlxJ.jpg,100000,torn_bright,true
test_100k_torn_overexposed_0004_jpg.rf.ViFMLkq47mcPfYXuGrKv.jpg,100000,torn_bright,true
test_100k_torn_overexposed_0005_jpg.rf.ZF0vrpQnw7dufLNjZCqx.jpg,100000,torn_bright,true
test_10k_backlight_0001_jpg.rf.nuxGXmOXcKOvgac9W9kc.jpg,10000,backlight,false
test_10k_backlight_0002_jpg.rf.n7YOlb1NUdtR9gzQVozR.jpg,10000,backlight,false
test_10k_backlight_0003_jpg.rf.8gDzJ9ikiRsvR1gfpN9Y.jpg,10000,backlight,false
test_10k_backlight_0004_jpg.rf.5nGCgpDCmo1uceWSlKlr.jpg,10000,backlight,false
test_10k_backlight_0005_jpg.rf.9lFTDyohgjeIsWIjzmCI.jpg,10000,backlight,false
test_10k_backlight_0006_jpg.rf.J9V2c8zc0gevwB1Zy6IJ.jpg,10000,backlight,false
test_10k_backlight_0007_jpg.rf.4mMYfC4aZHawRtq40omC.jpg,10000,backlight,false
test_10k_backlight_0008_jpg.rf.O1i7KerREQJAMR6JHoLZ.jpg,10000,backlight,false
test_10k_indoor_0001_jpg.rf.5JFvukE29GBkacoXyXKe.jpg,10000,indoor,false
test_10k_indoor_0002_jpg.rf.j4DOgdZXlLgaeusTX9WU.jpg,10000,indoor,false
test_10k_indoor_0003_jpg.rf.3v9c7cYL9teDfweMwZ1P.jpg,10000,indoor,false
test_10k_indoor_0004_jpg.rf.CAoGKDl85SyMOyCyPMSZ.jpg,10000,indoor,false
test_10k_indoor_0005_jpg.rf.YNoqSXslfjHKNNBsgmUG.jpg,10000,indoor,false
test_10k_indoor_0006_jpg.rf.4yd3sHLTMpOWSJ4Fo4J2.jpg,10000,indoor,false
test_10k_indoor_0007_jpg.rf.UqcGHAHrOWCUtKWP1OBu.jpg,10000,indoor,false
test_10k_indoor_0008_jpg.rf.JaDBwEyu9i1nUx7rs7U5.jpg,10000,indoor,false
test_10k_indoor_0009_jpg.rf.Npdo0OPasdomFFs3xlUw.jpg,10000,indoor,false
test_10k_indoor_0010_jpg.rf.TXdYXljjqBOp5RtULz1y.jpg,10000,indoor,false
test_10k_outdoor_0001_jpg.rf.Z9MoebT1xjijjkaw8NZh.jpg,10000,outdoor,false
test_10k_outdoor_0002_jpg.rf.QWqgAUSufjTelWk2a5HB.jpg,10000,outdoor,false
test_10k_outdoor_0003_jpg.rf.qOlzmFLCjdDWDQp8Ztlf.jpg,10000,outdoor,false
test_10k_outdoor_0004_jpg.rf.yo1NDyBVZpOMrCe9UxgE.jpg,10000,outdoor,false
test_10k_outdoor_0005_jpg.rf.9k7x0PijHc0ZX7SoomyG.jpg,10000,outdoor,false
test_10k_outdoor_0006_jpg.rf.f0RCkAXM7zRS9i8x6ljx.jpg,10000,outdoor,false
test_10k_outdoor_0007_jpg.rf.r3qinR3BWvZfVLbg8lzk.jpg,10000,outdoor,false
test_10k_outdoor_0008_jpg.rf.wFrhxX9Xc61ffYBQgtKN.jpg,10000,outdoor,false
test_10k_outdoor_0009_jpg.rf.DXeTYg4Srppv1peQ9sRV.jpg,10000,outdoor,false
test_10k_outdoor_0010_jpg.rf.c73csiA8zvJEzRoxKrRH.jpg,10000,outdoor,false
test_10k_overexposed_0001_jpg.rf.xJootDrHUGlJ7XkjuaEc.jpg,10000,overexposed,false
test_10k_overexposed_0002_jpg.rf.uoJOjRJmx1lg3BvqpLLQ.jpg,10000,overexposed,false
test_10k_overexposed_0003_jpg.rf.cDzCJzizU0IEoHNw70Kb.jpg,10000,overexposed,false
test_10k_overexposed_0004_jpg.rf.DJH67LtOGS2uXQmNuBRG.jpg,10000,overexposed,false
test_10k_overexposed_0005_jpg.rf.m5Rs8cdf9zV1Yl6RnhA0.jpg,10000,overexposed,false
test_10k_overexposed_0006_jpg.rf.T9p5G2JC8656ct276liD.jpg,10000,overexposed,false
test_10k_overexposed_0007_jpg.rf.Yr8ydRhGgYfC5Y4p586Z.jpg,10000,overexposed,false
test_10k_overexposed_0008_jpg.rf.o6lEsaxMlfVsS0LrR8fH.jpg,10000,overexposed,false
test_10k_torn_clean_0001_jpg.rf.uiuIzwtVuAHMMMzibSaW.jpg,10000,torn_clean,true
test_10k_torn_clean_0002_jpg.rf.rIXBE9unsApule8ENuUc.jpg,10000,torn_clean,true
test_10k_torn_clean_0003_jpg.rf.LgQy94ZexYlSO0O5NRYX.jpg,10000,torn_clean,true
test_10k_torn_clean_0004_jpg.rf.G5l8Fi0v5UuVoLTVJA7B.jpg,10000,torn_clean,true
test_10k_torn_clean_0005_jpg.rf.N9C19fmvXAhkpCxni3iH.jpg,10000,torn_clean,true
test_10k_torn_overexposed_0001_jpg.rf.FST77ZSQBbYS3EdVFXnC.jpg,10000,torn_bright,true
test_10k_torn_overexposed_0002_jpg.rf.T957pfT7tO13ZLCnk6HW.jpg,10000,torn_bright,true
test_10k_torn_overexposed_0003_jpg.rf.281x4VaSrxMAwKwudCYe.jpg,10000,torn_bright,true
test_10k_torn_overexposed_0004_jpg.rf.Wf97geFcWw4eK5ghxZEl.jpg,10000,torn_bright,true
test_10k_torn_overexposed_0005_jpg.rf.OR485fKeaq91mCdWyPs6.jpg,10000,torn_bright,true
test_200k_backlight_0001_jpg.rf.DhRB2wQ10NqtTGBE0aUN.jpg,200000,backlight,false
test_200k_backlight_0002_jpg.rf.Rz8O1gxsnNRTq3yCC293.jpg,200000,backlight,false
test_200k_backlight_0003_jpg.rf.6CD35UySAD6oe5qJxat8.jpg,200000,backlight,false
test_200k_backlight_0004_jpg.rf.O9en5JXqpNcmMzk1ruL0.jpg,200000,backlight,false
test_200k_backlight_0005_jpg.rf.suHkNAK3pQxOCo8ZYqXF.jpg,200000,backlight,false
test_200k_backlight_0006_jpg.rf.kKtX0WBgM29y7xo8Pvoa.jpg,200000,backlight,false
test_200k_backlight_0007_jpg.rf.FzDSs3hWF5DOMpJ1IAH3.jpg,200000,backlight,false
test_200k_backlight_0008_jpg.rf.mRO5MMXozc1H75wPX5sd.jpg,200000,backlight,false
test_200k_indoor_0001_jpg.rf.MTBPZ7RaMAwvm691XJ9j.jpg,200000,indoor,false
test_200k_indoor_0002_jpg.rf.45EQWGe4UCuEsWZF56fQ.jpg,200000,indoor,false
test_200k_indoor_0003_jpg.rf.sb2xHKSkTeXtTAq48FvJ.jpg,200000,indoor,false
test_200k_indoor_0004_jpg.rf.jcdx9NROQuTXU7jPcOZi.jpg,200000,indoor,false
test_200k_indoor_0005_jpg.rf.NjATuFkdKC4Mhe9dyjsi.jpg,200000,indoor,false
test_200k_indoor_0006_jpg.rf.GcTjCGSzUpA6p7GN0sJg.jpg,200000,indoor,false
test_200k_indoor_0007_jpg.rf.RthIylJ04GNtI1IBzkFT.jpg,200000,indoor,false
test_200k_indoor_0008_jpg.rf.UBsVpHrLmpdRPghxqCnU.jpg,200000,indoor,false
test_200k_indoor_0009_jpg.rf.UvUKIfg3cVABE8S5Aa54.jpg,200000,indoor,false
test_200k_indoor_0010_jpg.rf.OgAR0gKKVUTpr5Tlb0aU.jpg,200000,indoor,false
test_200k_outdoor_0001_jpg.rf.Y99VVmsvFGyxRnZqReCT.jpg,200000,outdoor,false
test_200k_outdoor_0002_jpg.rf.JHyoX1AIwWyOD8niKYSp.jpg,200000,outdoor,false
test_200k_outdoor_0003_jpg.rf.RfSMv8cWzWh778fDGzYK.jpg,200000,outdoor,false
test_200k_outdoor_0004_jpg.rf.cOqSXHNRdJVqLTdi2Md2.jpg,200000,outdoor,false
test_200k_outdoor_0005_jpg.rf.cK3Fiz6Nr6Fb005UlpRT.jpg,200000,outdoor,false
test_200k_outdoor_0006_jpg.rf.XK6oE458q871xdMklkgp.jpg,200000,outdoor,false
test_200k_outdoor_0007_jpg.rf.KpefHlGz75psHIlbS6IT.jpg,200000,outdoor,false
test_200k_outdoor_0008_jpg.rf.kEvJ4Z1UooSN7NYJ7Hcy.jpg,200000,outdoor,false
test_200k_outdoor_0009_jpg.rf.rSoHKEz28BrKoY89Vt34.jpg,200000,outdoor,false
test_200k_outdoor_0010_jpg.rf.JmY44UQT5dfnRVgLg0DZ.jpg,200000,outdoor,false
test_200k_overexposed_0001_jpg.rf.kx1ghcQRdsFDospyaULZ.jpg,200000,overexposed,false
test_200k_overexposed_0002_jpg.rf.gRvElv9Mn0O3Vo1RBEwb.jpg,200000,overexposed,false
test_200k_overexposed_0003_jpg.rf.5oh9GkEFInCRrxajQwme.jpg,200000,overexposed,false
test_200k_overexposed_0004_jpg.rf.N2y2b4l3mmKOIRxft4YS.jpg,200000,overexposed,false
test_200k_overexposed_0005_jpg.rf.GDNZZF8JnZQKYEehPof1.jpg,200000,overexposed,false
test_200k_overexposed_0006_jpg.rf.gKIwk1UfofbAyefSS4ae.jpg,200000,overexposed,false
test_200k_overexposed_0007_jpg.rf.mpaQu1PpqihT1m9fmUxb.jpg,200000,overexposed,false
test_200k_overexposed_0008_jpg.rf.2lTSoVTtjUzY7VrlNeVZ.jpg,200000,overexposed,false
test_200k_torn_clean_0001_jpg.rf.zDcLIvKSS8wfb1cHM8Wm.jpg,200000,torn_clean,true
test_200k_torn_clean_0002_jpg.rf.0ddBzLABNJGiXzQi2EJp.jpg,200000,torn_clean,true
test_200k_torn_clean_0003_jpg.rf.766WokJgC9l3VUJuSqjC.jpg,200000,torn_clean,true
test_200k_torn_clean_0004_jpg.rf.vzpYEb6MzXguhRRhWHl8.jpg,200000,torn_clean,true
test_200k_torn_clean_0005_jpg.rf.fcQXdQIjIeID9IWZe2Ff.jpg,200000,torn_clean,true
test_200k_torn_overexposed_0001_jpg.rf.4re6Nr5WnjhiPGu6VCJA.jpg,200000,torn_bright,true
test_200k_torn_overexposed_0002_jpg.rf.ugCAjDKGZjH0MwwWI6j5.jpg,200000,torn_bright,true
test_200k_torn_overexposed_0003_jpg.rf.10065VfgZz118kmqOxnK.jpg,200000,torn_bright,true
test_200k_torn_overexposed_0004_jpg.rf.WX1rfIXPVNQkYTKeu2i8.jpg,200000,torn_bright,true
test_200k_torn_overexposed_0005_jpg.rf.SjzgoCN0kjh7eNG1ENDS.jpg,200000,torn_bright,true
test_20k_backlight_0001_jpg.rf.m09CNRNArVwWYchXL5vq.jpg,20000,backlight,false
test_20k_backlight_0002_jpg.rf.G3g1OIVmG7Xa7IsJVEDZ.jpg,20000,backlight,false
test_20k_backlight_0003_jpg.rf.krPmSNMxaSS80HOzXXwh.jpg,20000,backlight,false
test_20k_backlight_0004_jpg.rf.RBmOgEMqAu8Q3VPES35J.jpg,20000,backlight,false
test_20k_backlight_0005_jpg.rf.RLkd3oXs9FkXHrJByWvo.jpg,20000,backlight,false
test_20k_backlight_0006_jpg.rf.xN8sWmkVsWfTFi5sBdLJ.jpg,20000,backlight,false
test_20k_backlight_0007_jpg.rf.9VU06TY6YfzZQPXajJir.jpg,20000,backlight,false
test_20k_backlight_0008_jpg.rf.FykEVw4a3zymNkftCA4R.jpg,20000,backlight,false
test_20k_indoor_0001_jpg.rf.EG4d6q0MFdrLyel462MP.jpg,20000,indoor,false
test_20k_indoor_0002_jpg.rf.xis1yyrQIHrOFDGXuAl4.jpg,20000,indoor,false
test_20k_indoor_0003_jpg.rf.xVBHI2mYfRkqVmmlmaVY.jpg,20000,indoor,false
test_20k_indoor_0004_jpg.rf.o7ES9M0VUtWfEsZBH33d.jpg,20000,indoor,false
test_20k_indoor_0005_jpg.rf.vQddg2NovWbmlYXdMHyb.jpg,20000,indoor,false
test_20k_indoor_0006_jpg.rf.02noh9BBFBXY34A7sJxj.jpg,20000,indoor,false
test_20k_indoor_0007_jpg.rf.2dkFXH3fiRP5iTZjCTEa.jpg,20000,indoor,false
test_20k_indoor_0008_jpg.rf.60uMuEZXKDfi1G9lJvgG.jpg,20000,indoor,false
test_20k_indoor_0009_jpg.rf.eCfOH8KrDQ28fNLHsQEP.jpg,20000,indoor,false
test_20k_indoor_0010_jpg.rf.nltjsOV7iMowGPMxIgvU.jpg,20000,indoor,false
test_20k_outdoor_0001_jpg.rf.ad3ryTqzDoTur2sV73P6.jpg,20000,outdoor,false
test_20k_outdoor_0002_jpg.rf.wKP3GFYYnAIkFSR5JKvF.jpg,20000,outdoor,false
test_20k_outdoor_0003_jpg.rf.Psya0pwCfqu8olfkt3So.jpg,20000,outdoor,false
test_20k_outdoor_0004_jpg.rf.kdjNgHNySvgyCaLclC13.jpg,20000,outdoor,false
test_20k_outdoor_0005_jpg.rf.zubThh9REMGTn4knXhUd.jpg,20000,outdoor,false
test_20k_outdoor_0006_jpg.rf.i3dSezfh6wOf32KopYI9.jpg,20000,outdoor,false
test_20k_outdoor_0007_jpg.rf.RQxEW5UeES63nca8FdR3.jpg,20000,outdoor,false
test_20k_outdoor_0008_jpg.rf.OweDiVKlb4lDU8lBGfTs.jpg,20000,outdoor,false
test_20k_outdoor_0009_jpg.rf.YA8W0TcYJ1mOjbroO2MQ.jpg,20000,outdoor,false
test_20k_outdoor_0010_jpg.rf.Gr0x8XqL0apVAgw590VU.jpg,20000,outdoor,false
test_20k_overexposed_0001_jpg.rf.6UVOIYAVAoADJH6uxJFW.jpg,20000,overexposed,false
test_20k_overexposed_0002_jpg.rf.XOjF96jQCwX0AWQZ4vzR.jpg,20000,overexposed,false
test_20k_overexposed_0003_jpg.rf.KjRDnAnX42ByGDB5idlM.jpg,20000,overexposed,false
test_20k_overexposed_0004_jpg.rf.OqfgEht55y0MQ7VD5Yni.jpg,20000,overexposed,false
test_20k_overexposed_0005_jpg.rf.WM2qkZSLXEmd8uR5lFRp.jpg,20000,overexposed,false
test_20k_overexposed_0006_jpg.rf.j7bE5Q3GBHUpjSNeBNuJ.jpg,20000,overexposed,false
test_20k_overexposed_0007_jpg.rf.RwbWM9Ax0XKGPn8eBYAk.jpg,20000,overexposed,false
test_20k_overexposed_0008_jpg.rf.7y8eFkPVcsfWWfg81DqG.jpg,20000,overexposed,false
test_20k_torn_clean_0001_jpg.rf.2jzWEjq09HBMAIatZzIT.jpg,20000,torn_clean,true
test_20k_torn_clean_0002_jpg.rf.saICYnCWAvMHfJzWppuP.jpg,20000,torn_clean,true
test_20k_torn_clean_0003_jpg.rf.33zTJXnLIQVbynip9fDV.jpg,20000,torn_clean,true
test_20k_torn_clean_0004_jpg.rf.M2had6BiiNigvRjMy0fY.jpg,20000,torn_clean,true
test_20k_torn_clean_0005_jpg.rf.oOM8fP0eGiqvZ6iCnBDk.jpg,20000,torn_clean,true
test_20k_torn_overexposed_0001_jpg.rf.4kSjnz7OiBvagESWYVhn.jpg,20000,torn_bright,true
test_20k_torn_overexposed_0002_jpg.rf.arid2upnEvG9llZs9jDg.jpg,20000,torn_bright,true
test_20k_torn_overexposed_0003_jpg.rf.jPouu2fQCogpDynEcZBT.jpg,20000,torn_bright,true
test_20k_torn_overexposed_0004_jpg.rf.xw6k2VhwzGcDAeANaBMD.jpg,20000,torn_bright,true
test_20k_torn_overexposed_0005_jpg.rf.61YlSKvhDrCzPQq3GWW5.jpg,20000,torn_bright,true
test_500k_backlight_0001_jpg.rf.9L3VWEa56zSNCOVsgOtv.jpg,500000,backlight,false
test_500k_backlight_0002_jpg.rf.DIU7aMZJoaZ35S4QTQth.jpg,500000,backlight,false
test_500k_backlight_0003_jpg.rf.BJ8fxN0ZsOuumtxNG3AH.jpg,500000,backlight,false
test_500k_backlight_0004_jpg.rf.Rsu9iEjF2V9IcjGhWTbD.jpg,500000,backlight,false
test_500k_backlight_0005_jpg.rf.DcPikt12AKhTULzZ8YFN.jpg,500000,backlight,false
test_500k_backlight_0006_jpg.rf.kbexJd9tXRzPxtdA7Oih.jpg,500000,backlight,false
test_500k_backlight_0007_jpg.rf.mfKNpRL0f51QbPQjC9SR.jpg,500000,backlight,false
test_500k_backlight_0008_jpg.rf.0uDAzj5TC4M9Z9vsGTC5.jpg,500000,backlight,false
test_500k_indoor_0001_jpg.rf.ov7uYC5jGf2biHJcfwYO.jpg,500000,indoor,false
test_500k_indoor_0002_jpg.rf.NupazNtpvnqoV3og9oAi.jpg,500000,indoor,false
test_500k_indoor_0003_jpg.rf.l4q99JM4SfxuGuHduGZH.jpg,500000,indoor,false
test_500k_indoor_0004_jpg.rf.hVwTpyZtJMhnzn33cSOw.jpg,500000,indoor,false
test_500k_indoor_0005_jpg.rf.aJZ2kjRIBrKxigucWIYF.jpg,500000,indoor,false
test_500k_indoor_0006_jpg.rf.g85Fkb3XNpZp8cX2LgPY.jpg,500000,indoor,false
test_500k_indoor_0007_jpg.rf.urp442xoEwPn1z8Bjajh.jpg,500000,indoor,false
test_500k_indoor_0008_jpg.rf.uT09rBKpJZCjDsTrrmU3.jpg,500000,indoor,false
test_500k_indoor_0009_jpg.rf.S2x5hTAq92qeRUKTQJHW.jpg,500000,indoor,false
test_500k_indoor_0010_jpg.rf.jnwKmkRsjuLnBn6GNwa6.jpg,500000,indoor,false
test_500k_outdoor_0001_jpg.rf.sP72owh3LQDS8AlHCoYu.jpg,500000,outdoor,false
test_500k_outdoor_0002_jpg.rf.6UnXTqQ1ydRiYGtdb3WM.jpg,500000,outdoor,false
test_500k_outdoor_0003_jpg.rf.Zfc9KI4kIgQVVUoNuQI0.jpg,500000,outdoor,false
test_500k_outdoor_0004_jpg.rf.HbTu5YZT336DFLSK9dcQ.jpg,500000,outdoor,false
test_500k_outdoor_0005_jpg.rf.IwML4siabZU1bYP1E40S.jpg,500000,outdoor,false
test_500k_outdoor_0006_jpg.rf.JRWu2zn1rM2GnQNjguAt.jpg,500000,outdoor,false
test_500k_outdoor_0007_jpg.rf.axMdBiI74ss01J4B1s48.jpg,500000,outdoor,false
test_500k_outdoor_0008_jpg.rf.dtQqMkicjOoEfJ3TfE0n.jpg,500000,outdoor,false
test_500k_outdoor_0009_jpg.rf.IdXVF5Dk9uMQAxKWd2pt.jpg,500000,outdoor,false
test_500k_outdoor_0010_jpg.rf.IgjCm7sZgXywWHL6CcjN.jpg,500000,outdoor,false
test_500k_overexposed_0001_jpg.rf.4AKAaehNOpN3LUePVLvi.jpg,500000,overexposed,false
test_500k_overexposed_0002_jpg.rf.Z4VAI77wgKRK9hULxSEq.jpg,500000,overexposed,false
test_500k_overexposed_0003_jpg.rf.JDTJcvXxAeNjoMmlvtW4.jpg,500000,overexposed,false
test_500k_overexposed_0004_jpg.rf.kCRUsA3B1i7GisKfpHQL.jpg,500000,overexposed,false
test_500k_overexposed_0005_jpg.rf.hnRk7AyhYcr6ONb6mLXy.jpg,500000,overexposed,false
test_500k_overexposed_0006_jpg.rf.EGeNTK1ldNgNeAl4tPST.jpg,500000,overexposed,false
test_500k_overexposed_0007_jpg.rf.6p3jyc6T8nuQlevBEvJA.jpg,500000,overexposed,false
test_500k_overexposed_0008_jpg.rf.KtfhyVzsBT6aQrStZBpM.jpg,500000,overexposed,false
test_500k_torn_clean_0001_jpg.rf.ACfTzb2fpZa5yByJMDdb.jpg,500000,torn_clean,true
test_500k_torn_clean_0002_jpg.rf.IFvyiCfjhW9BJ524GhTs.jpg,500000,torn_clean,true
test_500k_torn_clean_0003_jpg.rf.egyrRqO4vMGFfAIxsfOQ.jpg,500000,torn_clean,true
test_500k_torn_clean_0004_jpg.rf.6L4OhqHAhSI6dtcd82nb.jpg,500000,torn_clean,true
test_500k_torn_clean_0005_jpg.rf.eXUoWR7w1ah1z0WNWpRk.jpg,500000,torn_clean,true
test_500k_torn_overexposed_0001_jpg.rf.5hdWZBfd2oj6aqzf8KwV.jpg,500000,torn_bright,true
test_500k_torn_overexposed_0002_jpg.rf.nGMRLEd6rnEZu1HSpkSU.jpg,500000,torn_bright,true
test_500k_torn_overexposed_0003_jpg.rf.t7w2owA3qG0joyQAsbpu.jpg,500000,torn_bright,true
test_500k_torn_overexposed_0004_jpg.rf.ZvyQUgtnzAQ69DdkGKVG.jpg,500000,torn_bright,true
test_500k_torn_overexposed_0005_jpg.rf.etHtwbOhceeFJF3gx8kH.jpg,500000,torn_bright,true
test_50k_backlight_0001_jpg.rf.VUxWbN0r5c2HAr9vSQPM.jpg,50000,backlight,false
test_50k_backlight_0002_jpg.rf.YV3TlMb6mEqj4B0vpfMI.jpg,50000,backlight,false
test_50k_backlight_0003_jpg.rf.UO2grfjpNY2Y9DtuFBJh.jpg,50000,backlight,false
test_50k_backlight_0004_jpg.rf.iXNgR91reK9W7AkYoAo8.jpg,50000,backlight,false
test_50k_backlight_0005_jpg.rf.lJKRNtEZ7MR4zdObp5Mc.jpg,50000,backlight,false
test_50k_backlight_0006_jpg.rf.qA3Vw9Xx7nHhGTYRI4cF.jpg,50000,backlight,false
test_50k_backlight_0007_jpg.rf.VpQQMfHScJXVlBoDSlVf.jpg,50000,backlight,false
test_50k_backlight_0008_jpg.rf.XGXtgIJt8qG5xCnTbkC5.jpg,50000,backlight,false
test_50k_indoor_0001_jpg.rf.pRA2z6PsdNIdffPUA1aH.jpg,50000,indoor,false
test_50k_indoor_0002_jpg.rf.qMk6GqnwrGsWKdiWAhBm.jpg,50000,indoor,false
test_50k_indoor_0003_jpg.rf.kv3M0La6TYhvvtB0ZdvD.jpg,50000,indoor,false
test_50k_indoor_0004_jpg.rf.D9SxTyhMcwee9pZ7pio6.jpg,50000,indoor,false
test_50k_indoor_0005_jpg.rf.5x0uK57whyLS3lADjweR.jpg,50000,indoor,false
test_50k_indoor_0006_jpg.rf.xTXrekzYRcXq7hkcbyuU.jpg,50000,indoor,false
test_50k_indoor_0007_jpg.rf.adVSyV041dLhxTKvPSDA.jpg,50000,indoor,false
test_50k_indoor_0008_jpg.rf.4nQa4HWQot408NqOxLXZ.jpg,50000,indoor,false
test_50k_indoor_0009_jpg.rf.7G3XsvQmu8kBbtQvr7g4.jpg,50000,indoor,false
test_50k_indoor_0010_jpg.rf.XrdJNQJ83rB5JnVNuAjt.jpg,50000,indoor,false
test_50k_outdoor_0001_jpg.rf.V1g0fb6VpXDers9TAC3i.jpg,50000,outdoor,false
test_50k_outdoor_0002_jpg.rf.ZIrebwsZG3XV9K9w65gC.jpg,50000,outdoor,false
test_50k_outdoor_0003_jpg.rf.C0l34E5LyHfnLEKYBM0x.jpg,50000,outdoor,false
test_50k_outdoor_0004_jpg.rf.bfZnOpwCDCuHkYjQ6eYk.jpg,50000,outdoor,false
test_50k_outdoor_0005_jpg.rf.oM5QOe4eLxzInAR1EGUZ.jpg,50000,outdoor,false
test_50k_outdoor_0006_jpg.rf.QnXyx1W8GCXqa1j6g7WJ.jpg,50000,outdoor,false
test_50k_outdoor_0007_jpg.rf.GzschJZ0a5JKL5UT1H4S.jpg,50000,outdoor,false
test_50k_outdoor_0008_jpg.rf.WPbA88ny9oh1McvV7HXR.jpg,50000,outdoor,false
test_50k_outdoor_0009_jpg.rf.xuuOJgYlZjNlTANCDOZx.jpg,50000,outdoor,false
test_50k_outdoor_0010_jpg.rf.uY0KTpO2JK9MSUlTxJTO.jpg,50000,outdoor,false
test_50k_overexposed_0001_jpg.rf.trpbHM8f7vlwsOXDVCpa.jpg,50000,overexposed,false
test_50k_overexposed_0002_jpg.rf.Jh5ghfTXDspxSwrBBGBJ.jpg,50000,overexposed,false
test_50k_overexposed_0003_jpg.rf.Y4i6gCHjtMGSOhTKGKu3.jpg,50000,overexposed,false
test_50k_overexposed_0004_jpg.rf.6fEE7Q17oi1lmtLZbXi4.jpg,50000,overexposed,false
test_50k_overexposed_0005_jpg.rf.KG5hqjTyMGgwqr7uhKDh.jpg,50000,overexposed,false
test_50k_overexposed_0006_jpg.rf.89yyEUaIVF4YDDsHGcAV.jpg,50000,overexposed,false
test_50k_overexposed_0007_jpg.rf.H5HIjw73qVkPFDeAKqKJ.jpg,50000,overexposed,false
test_50k_overexposed_0008_jpg.rf.PQHTb9ReDhKaYFujts7o.jpg,50000,overexposed,false
test_50k_torn_clean_0001_jpg.rf.tJhHW4j6XsCexzNjxyMc.jpg,50000,torn_clean,true
test_50k_torn_clean_0002_jpg.rf.LnbHs8EITBvBpXSsjCJC.jpg,50000,torn_clean,true
test_50k_torn_clean_0003_jpg.rf.06X28O8IsttBEs83XrRY.jpg,50000,torn_clean,true
test_50k_torn_clean_0004_jpg.rf.7KFiUKpSJYX7OtVjlzMk.jpg,50000,torn_clean,true
test_50k_torn_clean_0005_jpg.rf.NLhwt8UHP3XPJWwF8FKV.jpg,50000,torn_clean,true
test_50k_torn_overexposed_0001_jpg.rf.MDYftULhgjoY5XNAbqmP.jpg,50000,torn_bright,true
test_50k_torn_overexposed_0002_jpg.rf.OJPzZjFDXhnXmBOZMrNy.jpg,50000,torn_bright,true
test_50k_torn_overexposed_0003_jpg.rf.yXxSnkudPSzD50uaXVz3.jpg,50000,torn_bright,true
test_50k_torn_overexposed_0004_jpg.rf.Zw1xASJ5Ytn8mpfv4RJE.jpg,50000,torn_bright,true
test_50k_torn_overexposed_0005_jpg.rf.MspEW7Ej37XiAr8dVZ88.jpg,50000,torn_bright,true
